Copyright 1986-2022 Xilinx, Inc. All Rights Reserved. Copyright 2022-2025 Advanced Micro Devices, Inc. All Rights Reserved.
---------------------------------------------------------------------------------------------------------------------------------------------
| Tool Version : Vivado v.2025.2 (win64) Build 6299465 Fri Nov 14 19:35:11 GMT 2025
| Date         : Tue Sep  8 10:30:05 2026
| Host         : DESKTOP-HU96KOB running 64-bit major release  (build 9200)
| Command      : report_timing_summary -file D:/Projects/cxl/splitinfer/fpga/output/reports/post_route_timing.rpt
| Design       : top
| Device       : 7a100t-csg324
| Speed File   : -1  PRODUCTION 1.23 2018-06-13
| Design State : Routed
---------------------------------------------------------------------------------------------------------------------------------------------

Timing Summary Report

------------------------------------------------------------------------------------------------
| Timer Settings
| --------------
------------------------------------------------------------------------------------------------

  Enable Multi Corner Analysis               :  Yes
  Enable Pessimism Removal                   :  Yes
  Pessimism Removal Resolution               :  Nearest Common Node
  Enable Input Delay Default Clock           :  No
  Enable Preset / Clear Arcs                 :  No
  Disable Flight Delays                      :  No
  Ignore I/O Paths                           :  No
  Timing Early Launch at Borrowing Latches   :  No
  Borrow Time for Max Delay Exceptions       :  Yes
  Merge Timing Exceptions                    :  Yes
  Inter-SLR Compensation                     :  Conservative

  Corner  Analyze    Analyze    
  Name    Max Paths  Min Paths  
  ------  ---------  ---------  
  Slow    Yes        Yes        
  Fast    Yes        Yes        


------------------------------------------------------------------------------------------------
| Report Methodology
| ------------------
------------------------------------------------------------------------------------------------

No report available as report_methodology has not been run prior. Run report_methodology on the current design for the summary of methodology violations.



check_timing report

Table of Contents
-----------------
1. checking no_clock (0)
2. checking constant_clock (0)
3. checking pulse_width_clock (0)
4. checking unconstrained_internal_endpoints (0)
5. checking no_input_delay (2)
6. checking no_output_delay (4)
7. checking multiple_clock (0)
8. checking generated_clocks (0)
9. checking loops (0)
10. checking partial_input_delay (0)
11. checking partial_output_delay (0)
12. checking latch_loops (0)

1. checking no_clock (0)
------------------------
 There are 0 register/latch pins with no clock.


2. checking constant_clock (0)
------------------------------
 There are 0 register/latch pins with constant_clock.


3. checking pulse_width_clock (0)
---------------------------------
 There are 0 register/latch pins which need pulse_width check


4. checking unconstrained_internal_endpoints (0)
------------------------------------------------
 There are 0 pins that are not constrained for maximum delay.

 There are 0 pins that are not constrained for maximum delay due to constant clock.


5. checking no_input_delay (2)
------------------------------
 There are 2 input ports with no input delay specified. (HIGH)

 There are 0 input ports with no input delay but user has a false path constraint.


6. checking no_output_delay (4)
-------------------------------
 There are 4 ports with no output delay specified. (HIGH)

 There are 0 ports with no output delay but user has a false path constraint

 There are 0 ports with no output delay but with a timing clock defined on it or propagating through it


7. checking multiple_clock (0)
------------------------------
 There are 0 register/latch pins with multiple clocks.


8. checking generated_clocks (0)
--------------------------------
 There are 0 generated clocks that are not connected to a clock source.


9. checking loops (0)
---------------------
 There are 0 combinational loops in the design.


10. checking partial_input_delay (0)
------------------------------------
 There are 0 input ports with partial input delay specified.


11. checking partial_output_delay (0)
-------------------------------------
 There are 0 ports with partial output delay specified.


12. checking latch_loops (0)
----------------------------
 There are 0 combinational latch loops in the design through latch input



------------------------------------------------------------------------------------------------
| Design Timing Summary
| ---------------------
------------------------------------------------------------------------------------------------

    WNS(ns)      TNS(ns)  TNS Failing Endpoints  TNS Total Endpoints      WHS(ns)      THS(ns)  THS Failing Endpoints  THS Total Endpoints     WPWS(ns)     TPWS(ns)  TPWS Failing Endpoints  TPWS Total Endpoints  
    -------      -------  ---------------------  -------------------      -------      -------  ---------------------  -------------------     --------     --------  ----------------------  --------------------  
      1.033        0.000                      0                34111        0.015        0.000                      0                34109        0.206        0.000                       0                 13101  


All user specified timing constraints are met.


------------------------------------------------------------------------------------------------
| Clock Summary
| -------------
------------------------------------------------------------------------------------------------

Clock                                                                                                                                                                                Waveform(ns)         Period(ns)      Frequency(MHz)
-----                                                                                                                                                                                ------------         ----------      --------------
sys_clk                                                                                                                                                                              {0.000 5.000}        10.000          100.000         
  hw_mig.clk_200mhz                                                                                                                                                                  {0.000 2.500}        5.000           200.000         
    freq_refclk                                                                                                                                                                      {0.000 0.769}        1.538           650.000         
      u_mig_7series_0_mig/u_memc_ui_top_std/mem_intfc0/ddr_phy_top0/u_ddr_mc_phy_wrapper/u_ddr_mc_phy/ddr_phy_4lanes_0.u_ddr_phy_4lanes/ddr_byte_lane_A.ddr_byte_lane_A/iserdes_clk  {0.000 1.538}        3.077           325.000         
        iserdes_clkdiv                                                                                                                                                               {0.000 6.154}        12.308          81.250          
      u_mig_7series_0_mig/u_memc_ui_top_std/mem_intfc0/ddr_phy_top0/u_ddr_mc_phy_wrapper/u_ddr_mc_phy/ddr_phy_4lanes_0.u_ddr_phy_4lanes/ddr_byte_lane_C.ddr_byte_lane_C/iserdes_clk  {0.000 1.538}        3.077           325.000         
        iserdes_clkdiv_1                                                                                                                                                             {0.000 6.154}        12.308          81.250          
    mem_refclk                                                                                                                                                                       {0.000 1.538}        3.077           325.000         
      oserdes_clk                                                                                                                                                                    {0.000 1.538}        3.077           325.000         
        oserdes_clkdiv                                                                                                                                                               {0.000 3.077}        6.154           162.500         
      oserdes_clk_1                                                                                                                                                                  {0.000 1.538}        3.077           325.000         
        oserdes_clkdiv_1                                                                                                                                                             {0.000 6.154}        12.308          81.250          
      oserdes_clk_2                                                                                                                                                                  {0.000 1.538}        3.077           325.000         
        oserdes_clkdiv_2                                                                                                                                                             {0.000 3.077}        6.154           162.500         
      oserdes_clk_3                                                                                                                                                                  {0.000 1.538}        3.077           325.000         
        oserdes_clkdiv_3                                                                                                                                                             {0.000 6.154}        12.308          81.250          
    pll_clk3_out                                                                                                                                                                     {0.000 6.154}        12.308          81.250          
      clk_pll_i                                                                                                                                                                      {0.000 6.154}        12.308          81.250          
    pll_clkfbout                                                                                                                                                                     {0.000 5.000}        10.000          100.000         
    sync_pulse                                                                                                                                                                       {1.346 4.423}        49.231          20.312          
  hw_mig.mmcm_fb                                                                                                                                                                     {0.000 5.000}        10.000          100.000         


------------------------------------------------------------------------------------------------
| Intra Clock Table
| -----------------
------------------------------------------------------------------------------------------------

Clock                                                                                                                                                                                    WNS(ns)      TNS(ns)  TNS Failing Endpoints  TNS Total Endpoints      WHS(ns)      THS(ns)  THS Failing Endpoints  THS Total Endpoints     WPWS(ns)     TPWS(ns)  TPWS Failing Endpoints  TPWS Total Endpoints  
-----                                                                                                                                                                                    -------      -------  ---------------------  -------------------      -------      -------  ---------------------  -------------------     --------     --------  ----------------------  --------------------  
sys_clk                                                                                                                                                                                    1.685        0.000                      0                 2595        0.073        0.000                      0                 2595        3.000        0.000                       0                  1217  
  hw_mig.clk_200mhz                                                                                                                                                                        1.605        0.000                      0                  126        0.131        0.000                      0                  126        0.264        0.000                       0                    65  
    freq_refclk                                                                                                                                                                                                                                                                                                                        0.206        0.000                       0                     8  
      u_mig_7series_0_mig/u_memc_ui_top_std/mem_intfc0/ddr_phy_top0/u_ddr_mc_phy_wrapper/u_ddr_mc_phy/ddr_phy_4lanes_0.u_ddr_phy_4lanes/ddr_byte_lane_A.ddr_byte_lane_A/iserdes_clk                                                                                                                                                    1.410        0.000                       0                    16  
        iserdes_clkdiv                                                                                                                                                                    10.187        0.000                      0                   33        0.071        0.000                      0                   33        4.004        0.000                       0                     9  
      u_mig_7series_0_mig/u_memc_ui_top_std/mem_intfc0/ddr_phy_top0/u_ddr_mc_phy_wrapper/u_ddr_mc_phy/ddr_phy_4lanes_0.u_ddr_phy_4lanes/ddr_byte_lane_C.ddr_byte_lane_C/iserdes_clk                                                                                                                                                    1.410        0.000                       0                    16  
        iserdes_clkdiv_1                                                                                                                                                                  10.259        0.000                      0                   33        0.071        0.000                      0                   33        4.004        0.000                       0                     9  
    mem_refclk                                                                                                                                                                             1.916        0.000                      0                    1        0.336        0.000                      0                    1        0.913        0.000                       0                     8  
      oserdes_clk                                                                                                                                                                          1.505        0.000                      0                    4        0.411        0.000                      0                    4        1.410        0.000                       0                    12  
        oserdes_clkdiv                                                                                                                                                                     4.738        0.000                      0                   36        0.090        0.000                      0                   36        0.927        0.000                       0                    11  
      oserdes_clk_1                                                                                                                                                                                                                                                                                                                    1.410        0.000                       0                    12  
        oserdes_clkdiv_1                                                                                                                                                                  10.858        0.000                      0                   48        0.094        0.000                      0                   48        4.004        0.000                       0                    13  
      oserdes_clk_2                                                                                                                                                                        1.498        0.000                      0                    4        0.413        0.000                      0                    4        1.410        0.000                       0                    12  
        oserdes_clkdiv_2                                                                                                                                                                   4.531        0.000                      0                   36        0.092        0.000                      0                   36        0.927        0.000                       0                    11  
      oserdes_clk_3                                                                                                                                                                                                                                                                                                                    1.410        0.000                       0                    11  
        oserdes_clkdiv_3                                                                                                                                                                  10.609        0.000                      0                   40        0.086        0.000                      0                   40        4.004        0.000                       0                    11  
    pll_clk3_out                                                                                                                                                                                                                                                                                                                       3.154        0.000                       0                     3  
      clk_pll_i                                                                                                                                                                            1.033        0.000                      0                24843        0.015        0.000                      0                24843        4.004        0.000                       0                 11645  
    pll_clkfbout                                                                                                                                                                                                                                                                                                                       8.751        0.000                       0                     2  
    sync_pulse                                                                                                                                                                                                                                                                                                                         1.827        0.000                       0                     8  
  hw_mig.mmcm_fb                                                                                                                                                                                                                                                                                                                       8.751        0.000                       0                     2  


------------------------------------------------------------------------------------------------
| Inter Clock Table
| -----------------
------------------------------------------------------------------------------------------------

From Clock                                                                                                                                                                     To Clock                                                                                                                                                                           WNS(ns)      TNS(ns)  TNS Failing Endpoints  TNS Total Endpoints      WHS(ns)      THS(ns)  THS Failing Endpoints  THS Total Endpoints  
----------                                                                                                                                                                     --------                                                                                                                                                                           -------      -------  ---------------------  -------------------      -------      -------  ---------------------  -------------------  
clk_pll_i                                                                                                                                                                      hw_mig.clk_200mhz                                                                                                                                                                   14.082        0.000                      0                    1                                                                        
clk_pll_i                                                                                                                                                                      u_mig_7series_0_mig/u_memc_ui_top_std/mem_intfc0/ddr_phy_top0/u_ddr_mc_phy_wrapper/u_ddr_mc_phy/ddr_phy_4lanes_0.u_ddr_phy_4lanes/ddr_byte_lane_A.ddr_byte_lane_A/iserdes_clk       10.092        0.000                      0                    8       46.895        0.000                      0                    8  
clk_pll_i                                                                                                                                                                      u_mig_7series_0_mig/u_memc_ui_top_std/mem_intfc0/ddr_phy_top0/u_ddr_mc_phy_wrapper/u_ddr_mc_phy/ddr_phy_4lanes_0.u_ddr_phy_4lanes/ddr_byte_lane_C.ddr_byte_lane_C/iserdes_clk       10.543        0.000                      0                    8       46.555        0.000                      0                    8  
sync_pulse                                                                                                                                                                     mem_refclk                                                                                                                                                                           1.316        0.000                      0                    1        0.939        0.000                      0                    1  
oserdes_clk                                                                                                                                                                    oserdes_clkdiv                                                                                                                                                                       2.180        0.000                      0                   15        0.095        0.000                      0                   15  
oserdes_clk_1                                                                                                                                                                  oserdes_clkdiv_1                                                                                                                                                                     2.180        0.000                      0                   13        0.095        0.000                      0                   13  
oserdes_clk_2                                                                                                                                                                  oserdes_clkdiv_2                                                                                                                                                                     2.180        0.000                      0                   15        0.095        0.000                      0                   15  
oserdes_clk_3                                                                                                                                                                  oserdes_clkdiv_3                                                                                                                                                                     2.180        0.000                      0                   11        0.095        0.000                      0                   11  
hw_mig.clk_200mhz                                                                                                                                                              clk_pll_i                                                                                                                                                                           16.766        0.000                      0                   12        0.259        0.000                      0                   12  


------------------------------------------------------------------------------------------------
| Other Path Groups Table
| -----------------------
------------------------------------------------------------------------------------------------

Path Group         From Clock         To Clock               WNS(ns)      TNS(ns)  TNS Failing Endpoints  TNS Total Endpoints      WHS(ns)      THS(ns)  THS Failing Endpoints  THS Total Endpoints  
----------         ----------         --------               -------      -------  ---------------------  -------------------      -------      -------  ---------------------  -------------------  
**async_default**  clk_pll_i          clk_pll_i                3.169        0.000                      0                 6227        0.141        0.000                      0                 6227  
**default**        clk_pll_i                                   1.706        0.000                      0                    1                                                                        


------------------------------------------------------------------------------------------------
| Timing Details
| --------------
------------------------------------------------------------------------------------------------


---------------------------------------------------------------------------------------------------
From Clock:  sys_clk
  To Clock:  sys_clk

Setup :            0  Failing Endpoints,  Worst Slack        1.685ns,  Total Violation        0.000ns
Hold  :            0  Failing Endpoints,  Worst Slack        0.073ns,  Total Violation        0.000ns
PW    :            0  Failing Endpoints,  Worst Slack        3.000ns,  Total Violation        0.000ns
---------------------------------------------------------------------------------------------------


Max Delay Paths
--------------------------------------------------------------------------------------
Slack (MET) :             1.685ns  (required time - arrival time)
  Source:                 u_edgecoh/FSM_onehot_state_reg[4]/C
                            (rising edge-triggered cell FDCE clocked by sys_clk  {rise@0.000ns fall@5.000ns period=10.000ns})
  Destination:            u_edgecoh/payload_buf_reg[11][2]/CE
                            (rising edge-triggered cell FDRE clocked by sys_clk  {rise@0.000ns fall@5.000ns period=10.000ns})
  Path Group:             sys_clk
  Path Type:              Setup (Max at Slow Process Corner)
  Requirement:            10.000ns  (sys_clk rise@10.000ns - sys_clk rise@0.000ns)
  Data Path Delay:        7.993ns  (logic 1.699ns (21.256%)  route 6.294ns (78.744%))
  Logic Levels:           7  (CARRY4=3 LUT3=2 LUT5=1 LUT6=1)
  Clock Path Skew:        -0.118ns (DCD - SCD + CPR)
    Destination Clock Delay (DCD):    5.100ns = ( 15.100 - 10.000 ) 
    Source Clock Delay      (SCD):    5.414ns
    Clock Pessimism Removal (CPR):    0.195ns
  Clock Uncertainty:      0.035ns  ((TSJ^2 + TIJ^2)^1/2 + DJ) / 2 + PE
    Total System Jitter     (TSJ):    0.071ns
    Total Input Jitter      (TIJ):    0.000ns
    Discrete Jitter          (DJ):    0.000ns
    Phase Error              (PE):    0.000ns

    Location             Delay type                Incr(ns)  Path(ns)    Netlist Resource(s)
  -------------------------------------------------------------------    -------------------
                         (clock sys_clk rise edge)    0.000     0.000 r  
    E3                                                0.000     0.000 r  sys_clk (IN)
                         net (fo=0)                   0.000     0.000    sys_clk
    E3                   IBUF (Prop_ibuf_I_O)         1.482     1.482 r  hw_mig.u_ibuf_sysclk/O
                         net (fo=2, routed)           2.025     3.506    hw_mig.sys_clk_ibuf
    BUFGCTRL_X0Y17       BUFG (Prop_bufg_I_O)         0.096     3.602 r  hw_mig.u_bufg_sysclk/O
                         net (fo=1215, routed)        1.811     5.414    u_edgecoh/sys_clk_bufg
    SLICE_X11Y17         FDCE                                         r  u_edgecoh/FSM_onehot_state_reg[4]/C
  -------------------------------------------------------------------    -------------------
    SLICE_X11Y17         FDCE (Prop_fdce_C_Q)         0.456     5.870 r  u_edgecoh/FSM_onehot_state_reg[4]/Q
                         net (fo=27, routed)          1.055     6.925    u_edgecoh/FSM_onehot_state_reg_n_0_[4]
    SLICE_X10Y9          LUT3 (Prop_lut3_I1_O)        0.124     7.049 r  u_edgecoh/FSM_onehot_state[3]_i_37/O
                         net (fo=1, routed)           0.000     7.049    u_edgecoh/FSM_onehot_state[3]_i_37_n_0
    SLICE_X10Y9          CARRY4 (Prop_carry4_S[0]_CO[3])
                                                      0.513     7.562 r  u_edgecoh/FSM_onehot_state_reg[3]_i_17/CO[3]
                         net (fo=1, routed)           0.000     7.562    u_edgecoh/FSM_onehot_state_reg[3]_i_17_n_0
    SLICE_X10Y10         CARRY4 (Prop_carry4_CI_CO[3])
                                                      0.117     7.679 r  u_edgecoh/FSM_onehot_state_reg[3]_i_4/CO[3]
                         net (fo=1, routed)           0.000     7.679    u_edgecoh/FSM_onehot_state_reg[3]_i_4_n_0
    SLICE_X10Y11         CARRY4 (Prop_carry4_CI_CO[3])
                                                      0.117     7.796 r  u_edgecoh/FSM_onehot_state_reg[3]_i_2/CO[3]
                         net (fo=121, routed)         1.187     8.983    u_edgecoh/FSM_onehot_state_reg[3]_i_2_n_0
    SLICE_X10Y20         LUT3 (Prop_lut3_I2_O)        0.124     9.107 f  u_edgecoh/FSM_onehot_state[8]_i_2/O
                         net (fo=16, routed)          0.744     9.851    u_edgecoh/FSM_onehot_state[8]_i_2_n_0
    SLICE_X14Y14         LUT6 (Prop_lut6_I4_O)        0.124     9.975 r  u_edgecoh/payload_buf[5][7]_i_2/O
                         net (fo=7, routed)           1.079    11.054    u_edgecoh/payload_buf[5][7]_i_2_n_0
    SLICE_X19Y5          LUT5 (Prop_lut5_I4_O)        0.124    11.178 r  u_edgecoh/payload_buf[11][7]_i_1/O
                         net (fo=8, routed)           2.229    13.407    u_edgecoh/payload_buf[11][7]_i_1_n_0
    SLICE_X70Y2          FDRE                                         r  u_edgecoh/payload_buf_reg[11][2]/CE
  -------------------------------------------------------------------    -------------------

                         (clock sys_clk rise edge)   10.000    10.000 r  
    E3                                                0.000    10.000 r  sys_clk (IN)
                         net (fo=0)                   0.000    10.000    sys_clk
    E3                   IBUF (Prop_ibuf_I_O)         1.411    11.411 r  hw_mig.u_ibuf_sysclk/O
                         net (fo=2, routed)           1.920    13.331    hw_mig.sys_clk_ibuf
    BUFGCTRL_X0Y17       BUFG (Prop_bufg_I_O)         0.091    13.422 r  hw_mig.u_bufg_sysclk/O
                         net (fo=1215, routed)        1.678    15.100    u_edgecoh/sys_clk_bufg
    SLICE_X70Y2          FDRE                                         r  u_edgecoh/payload_buf_reg[11][2]/C
                         clock pessimism              0.195    15.296    
                         clock uncertainty           -0.035    15.260    
    SLICE_X70Y2          FDRE (Setup_fdre_C_CE)      -0.169    15.091    u_edgecoh/payload_buf_reg[11][2]
  -------------------------------------------------------------------
                         required time                         15.091    
                         arrival time                         -13.407    
  -------------------------------------------------------------------
                         slack                                  1.685    





Min Delay Paths
--------------------------------------------------------------------------------------
Slack (MET) :             0.073ns  (arrival time - required time)
  Source:                 u_edgecoh/dma_wr_addr_reg[11]/C
                            (rising edge-triggered cell FDRE clocked by sys_clk  {rise@0.000ns fall@5.000ns period=10.000ns})
  Destination:            u_dma_wr_fifo/mem_reg_0_15_12_17/RAMA/I
                            (rising edge-triggered cell RAMD32 clocked by sys_clk  {rise@0.000ns fall@5.000ns period=10.000ns})
  Path Group:             sys_clk
  Path Type:              Hold (Min at Fast Process Corner)
  Requirement:            0.000ns  (sys_clk rise@0.000ns - sys_clk rise@0.000ns)
  Data Path Delay:        0.254ns  (logic 0.141ns (55.537%)  route 0.113ns (44.463%))
  Logic Levels:           0  
  Clock Path Skew:        0.034ns (DCD - SCD - CPR)
    Destination Clock Delay (DCD):    2.070ns
    Source Clock Delay      (SCD):    1.553ns
    Clock Pessimism Removal (CPR):    0.483ns

    Location             Delay type                Incr(ns)  Path(ns)    Netlist Resource(s)
  -------------------------------------------------------------------    -------------------
                         (clock sys_clk rise edge)    0.000     0.000 r  
    E3                                                0.000     0.000 r  sys_clk (IN)
                         net (fo=0)                   0.000     0.000    sys_clk
    E3                   IBUF (Prop_ibuf_I_O)         0.250     0.250 r  hw_mig.u_ibuf_sysclk/O
                         net (fo=2, routed)           0.644     0.894    hw_mig.sys_clk_ibuf
    BUFGCTRL_X0Y17       BUFG (Prop_bufg_I_O)         0.026     0.920 r  hw_mig.u_bufg_sysclk/O
                         net (fo=1215, routed)        0.633     1.553    u_edgecoh/sys_clk_bufg
    SLICE_X29Y16         FDRE                                         r  u_edgecoh/dma_wr_addr_reg[11]/C
  -------------------------------------------------------------------    -------------------
    SLICE_X29Y16         FDRE (Prop_fdre_C_Q)         0.141     1.694 r  u_edgecoh/dma_wr_addr_reg[11]/Q
                         net (fo=1, routed)           0.113     1.807    u_dma_wr_fifo/mem_reg_0_15_12_17/DIA0
    SLICE_X30Y16         RAMD32                                       r  u_dma_wr_fifo/mem_reg_0_15_12_17/RAMA/I
  -------------------------------------------------------------------    -------------------

                         (clock sys_clk rise edge)    0.000     0.000 r  
    E3                                                0.000     0.000 r  sys_clk (IN)
                         net (fo=0)                   0.000     0.000    sys_clk
    E3                   IBUF (Prop_ibuf_I_O)         0.438     0.438 r  hw_mig.u_ibuf_sysclk/O
                         net (fo=2, routed)           0.699     1.136    hw_mig.sys_clk_ibuf
    BUFGCTRL_X0Y17       BUFG (Prop_bufg_I_O)         0.029     1.165 r  hw_mig.u_bufg_sysclk/O
                         net (fo=1215, routed)        0.905     2.070    u_dma_wr_fifo/mem_reg_0_15_12_17/WCLK
    SLICE_X30Y16         RAMD32                                       r  u_dma_wr_fifo/mem_reg_0_15_12_17/RAMA/CLK
                         clock pessimism             -0.483     1.587    
    SLICE_X30Y16         RAMD32 (Hold_ramd32_CLK_I)
                                                      0.147     1.734    u_dma_wr_fifo/mem_reg_0_15_12_17/RAMA
  -------------------------------------------------------------------
                         required time                         -1.734    
                         arrival time                           1.807    
  -------------------------------------------------------------------
                         slack                                  0.073    





Pulse Width Checks
--------------------------------------------------------------------------------------
Clock Name:         sys_clk
Waveform(ns):       { 0.000 5.000 }
Period(ns):         10.000
Sources:            { sys_clk }

Check Type        Corner  Lib Pin            Reference Pin  Required(ns)  Actual(ns)  Slack(ns)  Location         Pin
Min Period        n/a     BUFG/I             n/a            2.155         10.000      7.845      BUFGCTRL_X0Y17   hw_mig.u_bufg_sysclk/I
Max Period        n/a     MMCME2_ADV/CLKIN1  n/a            100.000       10.000      90.000     MMCME2_ADV_X1Y2  hw_mig.u_mmcm/CLKIN1
Low Pulse Width   Slow    MMCME2_ADV/CLKIN1  n/a            2.000         5.000       3.000      MMCME2_ADV_X1Y2  hw_mig.u_mmcm/CLKIN1
High Pulse Width  Slow    MMCME2_ADV/CLKIN1  n/a            2.000         5.000       3.000      MMCME2_ADV_X1Y2  hw_mig.u_mmcm/CLKIN1



---------------------------------------------------------------------------------------------------
From Clock:  hw_mig.clk_200mhz
  To Clock:  hw_mig.clk_200mhz

Setup :            0  Failing Endpoints,  Worst Slack        1.605ns,  Total Violation        0.000ns
Hold  :            0  Failing Endpoints,  Worst Slack        0.131ns,  Total Violation        0.000ns
PW    :            0  Failing Endpoints,  Worst Slack        0.264ns,  Total Violation        0.000ns
---------------------------------------------------------------------------------------------------


Max Delay Paths
--------------------------------------------------------------------------------------
Slack (MET) :             1.605ns  (required time - arrival time)
  Source:                 hw_mig.u_mig/u_mig_7series_0_mig/temp_mon_enabled.u_tempmon/xadc_supplied_temperature.rst_r2_reg/C
                            (rising edge-triggered cell FDRE clocked by hw_mig.clk_200mhz  {rise@0.000ns fall@2.500ns period=5.000ns})
  Destination:            hw_mig.u_mig/u_mig_7series_0_mig/temp_mon_enabled.u_tempmon/xadc_supplied_temperature.sample_timer_reg[0]/R
                            (rising edge-triggered cell FDRE clocked by hw_mig.clk_200mhz  {rise@0.000ns fall@2.500ns period=5.000ns})
  Path Group:             hw_mig.clk_200mhz
  Path Type:              Setup (Max at Slow Process Corner)
  Requirement:            5.000ns  (hw_mig.clk_200mhz rise@5.000ns - hw_mig.clk_200mhz rise@0.000ns)
  Data Path Delay:        2.757ns  (logic 0.718ns (26.046%)  route 2.039ns (73.954%))
  Logic Levels:           1  (LUT2=1)
  Clock Path Skew:        -0.048ns (DCD - SCD + CPR)
    Destination Clock Delay (DCD):    5.875ns = ( 10.875 - 5.000 ) 
    Source Clock Delay      (SCD):    6.234ns
    Clock Pessimism Removal (CPR):    0.311ns
  Clock Uncertainty:      0.067ns  ((TSJ^2 + DJ^2)^1/2) / 2 + PE
    Total System Jitter     (TSJ):    0.071ns
    Discrete Jitter          (DJ):    0.113ns
    Phase Error              (PE):    0.000ns

    Location             Delay type                Incr(ns)  Path(ns)    Netlist Resource(s)
  -------------------------------------------------------------------    -------------------
                         (clock hw_mig.clk_200mhz rise edge)
                                                      0.000     0.000 r  
    E3                                                0.000     0.000 r  sys_clk (IN)
                         net (fo=0)                   0.000     0.000    sys_clk
    E3                   IBUF (Prop_ibuf_I_O)         1.482     1.482 r  hw_mig.u_ibuf_sysclk/O
                         net (fo=2, routed)           1.233     2.715    hw_mig.sys_clk_ibuf
    MMCME2_ADV_X1Y2      MMCME2_ADV (Prop_mmcme2_adv_CLKIN1_CLKOUT0)
                                                      0.088     2.803 r  hw_mig.u_mmcm/CLKOUT0
                         net (fo=2, routed)           1.719     4.522    hw_mig.clk_200mhz
    BUFGCTRL_X0Y16       BUFG (Prop_bufg_I_O)         0.096     4.618 r  hw_mig.clk_200mhz_BUFG_inst/O
                         net (fo=63, routed)          1.616     6.234    hw_mig.u_mig/u_mig_7series_0_mig/temp_mon_enabled.u_tempmon/mmcm_clk
    SLICE_X32Y117        FDRE                                         r  hw_mig.u_mig/u_mig_7series_0_mig/temp_mon_enabled.u_tempmon/xadc_supplied_temperature.rst_r2_reg/C
  -------------------------------------------------------------------    -------------------
    SLICE_X32Y117        FDRE (Prop_fdre_C_Q)         0.419     6.653 r  hw_mig.u_mig/u_mig_7series_0_mig/temp_mon_enabled.u_tempmon/xadc_supplied_temperature.rst_r2_reg/Q
                         net (fo=32, routed)          1.529     8.182    hw_mig.u_mig/u_mig_7series_0_mig/temp_mon_enabled.u_tempmon/xadc_supplied_temperature.rst_r2
    SLICE_X32Y126        LUT2 (Prop_lut2_I0_O)        0.299     8.481 r  hw_mig.u_mig/u_mig_7series_0_mig/temp_mon_enabled.u_tempmon/xadc_supplied_temperature.sample_timer[10]_i_1/O
                         net (fo=11, routed)          0.510     8.991    hw_mig.u_mig/u_mig_7series_0_mig/temp_mon_enabled.u_tempmon/xadc_supplied_temperature.sample_timer0
    SLICE_X34Y127        FDRE                                         r  hw_mig.u_mig/u_mig_7series_0_mig/temp_mon_enabled.u_tempmon/xadc_supplied_temperature.sample_timer_reg[0]/R
  -------------------------------------------------------------------    -------------------

                         (clock hw_mig.clk_200mhz rise edge)
                                                      5.000     5.000 r  
    E3                                                0.000     5.000 r  sys_clk (IN)
                         net (fo=0)                   0.000     5.000    sys_clk
    E3                   IBUF (Prop_ibuf_I_O)         1.411     6.411 r  hw_mig.u_ibuf_sysclk/O
                         net (fo=2, routed)           1.162     7.573    hw_mig.sys_clk_ibuf
    MMCME2_ADV_X1Y2      MMCME2_ADV (Prop_mmcme2_adv_CLKIN1_CLKOUT0)
                                                      0.083     7.656 r  hw_mig.u_mmcm/CLKOUT0
                         net (fo=2, routed)           1.639     9.295    hw_mig.clk_200mhz
    BUFGCTRL_X0Y16       BUFG (Prop_bufg_I_O)         0.091     9.386 r  hw_mig.clk_200mhz_BUFG_inst/O
                         net (fo=63, routed)          1.489    10.875    hw_mig.u_mig/u_mig_7series_0_mig/temp_mon_enabled.u_tempmon/mmcm_clk
    SLICE_X34Y127        FDRE                                         r  hw_mig.u_mig/u_mig_7series_0_mig/temp_mon_enabled.u_tempmon/xadc_supplied_temperature.sample_timer_reg[0]/C
                         clock pessimism              0.311    11.186    
                         clock uncertainty           -0.067    11.120    
    SLICE_X34Y127        FDRE (Setup_fdre_C_R)       -0.524    10.596    hw_mig.u_mig/u_mig_7series_0_mig/temp_mon_enabled.u_tempmon/xadc_supplied_temperature.sample_timer_reg[0]
  -------------------------------------------------------------------
                         required time                         10.596    
                         arrival time                          -8.991    
  -------------------------------------------------------------------
                         slack                                  1.605    





Min Delay Paths
--------------------------------------------------------------------------------------
Slack (MET) :             0.131ns  (arrival time - required time)
  Source:                 hw_mig.u_mig/u_mig_7series_0_mig/temp_mon_enabled.u_tempmon/xadc_supplied_temperature.rst_r1_reg/C
                            (rising edge-triggered cell FDRE clocked by hw_mig.clk_200mhz  {rise@0.000ns fall@2.500ns period=5.000ns})
  Destination:            hw_mig.u_mig/u_mig_7series_0_mig/temp_mon_enabled.u_tempmon/xadc_supplied_temperature.rst_r2_reg/D
                            (rising edge-triggered cell FDRE clocked by hw_mig.clk_200mhz  {rise@0.000ns fall@2.500ns period=5.000ns})
  Path Group:             hw_mig.clk_200mhz
  Path Type:              Hold (Min at Fast Process Corner)
  Requirement:            0.000ns  (hw_mig.clk_200mhz rise@0.000ns - hw_mig.clk_200mhz rise@0.000ns)
  Data Path Delay:        0.206ns  (logic 0.141ns (68.336%)  route 0.065ns (31.664%))
  Logic Levels:           0  
  Clock Path Skew:        0.000ns (DCD - SCD - CPR)
    Destination Clock Delay (DCD):    2.371ns
    Source Clock Delay      (SCD):    1.823ns
    Clock Pessimism Removal (CPR):    0.547ns

    Location             Delay type                Incr(ns)  Path(ns)    Netlist Resource(s)
  -------------------------------------------------------------------    -------------------
                         (clock hw_mig.clk_200mhz rise edge)
                                                      0.000     0.000 r  
    E3                                                0.000     0.000 r  sys_clk (IN)
                         net (fo=0)                   0.000     0.000    sys_clk
    E3                   IBUF (Prop_ibuf_I_O)         0.250     0.250 r  hw_mig.u_ibuf_sysclk/O
                         net (fo=2, routed)           0.440     0.690    hw_mig.sys_clk_ibuf
    MMCME2_ADV_X1Y2      MMCME2_ADV (Prop_mmcme2_adv_CLKIN1_CLKOUT0)
                                                      0.050     0.740 r  hw_mig.u_mmcm/CLKOUT0
                         net (fo=2, routed)           0.499     1.239    hw_mig.clk_200mhz
    BUFGCTRL_X0Y16       BUFG (Prop_bufg_I_O)         0.026     1.265 r  hw_mig.clk_200mhz_BUFG_inst/O
                         net (fo=63, routed)          0.559     1.823    hw_mig.u_mig/u_mig_7series_0_mig/temp_mon_enabled.u_tempmon/mmcm_clk
    SLICE_X32Y117        FDRE                                         r  hw_mig.u_mig/u_mig_7series_0_mig/temp_mon_enabled.u_tempmon/xadc_supplied_temperature.rst_r1_reg/C
  -------------------------------------------------------------------    -------------------
    SLICE_X32Y117        FDRE (Prop_fdre_C_Q)         0.141     1.964 r  hw_mig.u_mig/u_mig_7series_0_mig/temp_mon_enabled.u_tempmon/xadc_supplied_temperature.rst_r1_reg/Q
                         net (fo=1, routed)           0.065     2.030    hw_mig.u_mig/u_mig_7series_0_mig/temp_mon_enabled.u_tempmon/xadc_supplied_temperature.rst_r1
    SLICE_X32Y117        FDRE                                         r  hw_mig.u_mig/u_mig_7series_0_mig/temp_mon_enabled.u_tempmon/xadc_supplied_temperature.rst_r2_reg/D
  -------------------------------------------------------------------    -------------------

                         (clock hw_mig.clk_200mhz rise edge)
                                                      0.000     0.000 r  
    E3                                                0.000     0.000 r  sys_clk (IN)
                         net (fo=0)                   0.000     0.000    sys_clk
    E3                   IBUF (Prop_ibuf_I_O)         0.438     0.438 r  hw_mig.u_ibuf_sysclk/O
                         net (fo=2, routed)           0.480     0.918    hw_mig.sys_clk_ibuf
    MMCME2_ADV_X1Y2      MMCME2_ADV (Prop_mmcme2_adv_CLKIN1_CLKOUT0)
                                                      0.053     0.971 r  hw_mig.u_mmcm/CLKOUT0
                         net (fo=2, routed)           0.544     1.514    hw_mig.clk_200mhz
    BUFGCTRL_X0Y16       BUFG (Prop_bufg_I_O)         0.029     1.543 r  hw_mig.clk_200mhz_BUFG_inst/O
                         net (fo=63, routed)          0.827     2.371    hw_mig.u_mig/u_mig_7series_0_mig/temp_mon_enabled.u_tempmon/mmcm_clk
    SLICE_X32Y117        FDRE                                         r  hw_mig.u_mig/u_mig_7series_0_mig/temp_mon_enabled.u_tempmon/xadc_supplied_temperature.rst_r2_reg/C
                         clock pessimism             -0.547     1.823    
    SLICE_X32Y117        FDRE (Hold_fdre_C_D)         0.075     1.898    hw_mig.u_mig/u_mig_7series_0_mig/temp_mon_enabled.u_tempmon/xadc_supplied_temperature.rst_r2_reg
  -------------------------------------------------------------------
                         required time                         -1.898    
                         arrival time                           2.030    
  -------------------------------------------------------------------
                         slack                                  0.131    





Pulse Width Checks
--------------------------------------------------------------------------------------
Clock Name:         hw_mig.clk_200mhz
Waveform(ns):       { 0.000 2.500 }
Period(ns):         5.000
Sources:            { hw_mig.u_mmcm/CLKOUT0 }

Check Type        Corner  Lib Pin            Reference Pin  Required(ns)  Actual(ns)  Slack(ns)  Location         Pin
Min Period        n/a     XADC/DCLK          n/a            4.000         5.000       1.000      XADC_X0Y0        hw_mig.u_mig/u_mig_7series_0_mig/temp_mon_enabled.u_tempmon/xadc_supplied_temperature.XADC_inst/DCLK
Max Period        n/a     IDELAYCTRL/REFCLK  n/a            5.264         5.000       0.264      IDELAYCTRL_X1Y1  hw_mig.u_mig/u_mig_7series_0_mig/u_iodelay_ctrl/u_idelayctrl_200/REFCLK
Low Pulse Width   Slow    PLLE2_ADV/CLKIN1   n/a            1.400         2.500       1.100      PLLE2_ADV_X1Y1   hw_mig.u_mig/u_mig_7series_0_mig/u_ddr2_infrastructure/plle2_i/CLKIN1
High Pulse Width  Slow    PLLE2_ADV/CLKIN1   n/a            1.400         2.500       1.100      PLLE2_ADV_X1Y1   hw_mig.u_mig/u_mig_7series_0_mig/u_ddr2_infrastructure/plle2_i/CLKIN1



---------------------------------------------------------------------------------------------------
From Clock:  freq_refclk
  To Clock:  freq_refclk

Setup :           NA  Failing Endpoints,  Worst Slack           NA  ,  Total Violation           NA
Hold  :           NA  Failing Endpoints,  Worst Slack           NA  ,  Total Violation           NA
PW    :            0  Failing Endpoints,  Worst Slack        0.206ns,  Total Violation        0.000ns
---------------------------------------------------------------------------------------------------


Pulse Width Checks
--------------------------------------------------------------------------------------
Clock Name:         freq_refclk
Waveform(ns):       { 0.000 0.769 }
Period(ns):         1.538
Sources:            { hw_mig.u_mig/u_mig_7series_0_mig/u_ddr2_infrastructure/plle2_i/CLKOUT0 }

Check Type        Corner  Lib Pin                    Reference Pin  Required(ns)  Actual(ns)  Slack(ns)  Location             Pin
Min Period        n/a     PHASER_OUT_PHY/FREQREFCLK  n/a            1.250         1.538       0.288      PHASER_OUT_PHY_X1Y4  hw_mig.u_mig/u_mig_7series_0_mig/u_memc_ui_top_std/mem_intfc0/ddr_phy_top0/u_ddr_mc_phy_wrapper/u_ddr_mc_phy/ddr_phy_4lanes_0.u_ddr_phy_4lanes/ddr_byte_lane_A.ddr_byte_lane_A/phaser_out/FREQREFCLK
Max Period        n/a     PHASER_OUT_PHY/FREQREFCLK  n/a            2.500         1.538       0.962      PHASER_OUT_PHY_X1Y4  hw_mig.u_mig/u_mig_7series_0_mig/u_memc_ui_top_std/mem_intfc0/ddr_phy_top0/u_ddr_mc_phy_wrapper/u_ddr_mc_phy/ddr_phy_4lanes_0.u_ddr_phy_4lanes/ddr_byte_lane_A.ddr_byte_lane_A/phaser_out/FREQREFCLK
Low Pulse Width   Slow    PHASER_REF/CLKIN           n/a            0.562         0.769       0.207      PHASER_REF_X1Y1      hw_mig.u_mig/u_mig_7series_0_mig/u_memc_ui_top_std/mem_intfc0/ddr_phy_top0/u_ddr_mc_phy_wrapper/u_ddr_mc_phy/ddr_phy_4lanes_0.u_ddr_phy_4lanes/phaser_ref_i/CLKIN
High Pulse Width  Slow    PHASER_IN_PHY/FREQREFCLK   n/a            0.563         0.769       0.206      PHASER_IN_PHY_X1Y4   hw_mig.u_mig/u_mig_7series_0_mig/u_memc_ui_top_std/mem_intfc0/ddr_phy_top0/u_ddr_mc_phy_wrapper/u_ddr_mc_phy/ddr_phy_4lanes_0.u_ddr_phy_4lanes/ddr_byte_lane_A.ddr_byte_lane_A/phaser_in_gen.phaser_in/FREQREFCLK



---------------------------------------------------------------------------------------------------
From Clock:  u_mig_7series_0_mig/u_memc_ui_top_std/mem_intfc0/ddr_phy_top0/u_ddr_mc_phy_wrapper/u_ddr_mc_phy/ddr_phy_4lanes_0.u_ddr_phy_4lanes/ddr_byte_lane_A.ddr_byte_lane_A/iserdes_clk
  To Clock:  u_mig_7series_0_mig/u_memc_ui_top_std/mem_intfc0/ddr_phy_top0/u_ddr_mc_phy_wrapper/u_ddr_mc_phy/ddr_phy_4lanes_0.u_ddr_phy_4lanes/ddr_byte_lane_A.ddr_byte_lane_A/iserdes_clk

Setup :           NA  Failing Endpoints,  Worst Slack           NA  ,  Total Violation           NA
Hold  :           NA  Failing Endpoints,  Worst Slack           NA  ,  Total Violation           NA
PW    :            0  Failing Endpoints,  Worst Slack        1.410ns,  Total Violation        0.000ns
---------------------------------------------------------------------------------------------------


Pulse Width Checks
--------------------------------------------------------------------------------------
Clock Name:         u_mig_7series_0_mig/u_memc_ui_top_std/mem_intfc0/ddr_phy_top0/u_ddr_mc_phy_wrapper/u_ddr_mc_phy/ddr_phy_4lanes_0.u_ddr_phy_4lanes/ddr_byte_lane_A.ddr_byte_lane_A/iserdes_clk
Waveform(ns):       { 0.000 1.538 }
Period(ns):         3.077
Sources:            { hw_mig.u_mig/u_mig_7series_0_mig/u_memc_ui_top_std/mem_intfc0/ddr_phy_top0/u_ddr_mc_phy_wrapper/u_ddr_mc_phy/ddr_phy_4lanes_0.u_ddr_phy_4lanes/ddr_byte_lane_A.ddr_byte_lane_A/phaser_in_gen.phaser_in/ICLK }

Check Type  Corner  Lib Pin        Reference Pin  Required(ns)  Actual(ns)  Slack(ns)  Location      Pin
Min Period  n/a     ISERDESE2/CLK  n/a            1.667         3.077       1.410      ILOGIC_X1Y52  hw_mig.u_mig/u_mig_7series_0_mig/u_memc_ui_top_std/mem_intfc0/ddr_phy_top0/u_ddr_mc_phy_wrapper/u_ddr_mc_phy/ddr_phy_4lanes_0.u_ddr_phy_4lanes/ddr_byte_lane_A.ddr_byte_lane_A/ddr_byte_group_io/input_[1].iserdes_dq_.iserdesdq/CLK



---------------------------------------------------------------------------------------------------
From Clock:  iserdes_clkdiv
  To Clock:  iserdes_clkdiv

Setup :            0  Failing Endpoints,  Worst Slack       10.187ns,  Total Violation        0.000ns
Hold  :            0  Failing Endpoints,  Worst Slack        0.071ns,  Total Violation        0.000ns
PW    :            0  Failing Endpoints,  Worst Slack        4.004ns,  Total Violation        0.000ns
---------------------------------------------------------------------------------------------------


Max Delay Paths
--------------------------------------------------------------------------------------
Slack (MET) :             10.187ns  (required time - arrival time)
  Source:                 hw_mig.u_mig/u_mig_7series_0_mig/u_memc_ui_top_std/mem_intfc0/ddr_phy_top0/u_ddr_mc_phy_wrapper/u_ddr_mc_phy/ddr_phy_4lanes_0.u_ddr_phy_4lanes/ddr_byte_lane_A.ddr_byte_lane_A/ddr_byte_group_io/input_[6].iserdes_dq_.iserdesdq/CLKDIVP
                            (rising edge-triggered cell ISERDESE2 clocked by iserdes_clkdiv  {rise@0.000ns fall@6.154ns period=12.308ns})
  Destination:            hw_mig.u_mig/u_mig_7series_0_mig/u_memc_ui_top_std/mem_intfc0/ddr_phy_top0/u_ddr_mc_phy_wrapper/u_ddr_mc_phy/ddr_phy_4lanes_0.u_ddr_phy_4lanes/ddr_byte_lane_A.ddr_byte_lane_A/in_fifo_gen.in_fifo/D6[0]
                            (rising edge-triggered cell IN_FIFO clocked by iserdes_clkdiv  {rise@0.000ns fall@6.154ns period=12.308ns})
  Path Group:             iserdes_clkdiv
  Path Type:              Setup (Max at Slow Process Corner)
  Requirement:            12.308ns  (iserdes_clkdiv rise@12.308ns - iserdes_clkdiv rise@0.000ns)
  Data Path Delay:        1.117ns  (logic 0.425ns (38.045%)  route 0.692ns (61.955%))
  Logic Levels:           0  
  Clock Path Skew:        -0.475ns (DCD - SCD + CPR)
    Destination Clock Delay (DCD):    6.081ns = ( 18.389 - 12.308 ) 
    Source Clock Delay      (SCD):    6.837ns
    Clock Pessimism Removal (CPR):    0.281ns
  Clock Uncertainty:      0.053ns  ((TSJ^2 + DJ^2)^1/2) / 2 + PE
    Total System Jitter     (TSJ):    0.071ns
    Discrete Jitter          (DJ):    0.079ns
    Phase Error              (PE):    0.000ns

    Location             Delay type                Incr(ns)  Path(ns)    Netlist Resource(s)
  -------------------------------------------------------------------    -------------------
                         (clock iserdes_clkdiv rise edge)
                                                      0.000     0.000 r  
    E3                                                0.000     0.000 r  sys_clk (IN)
                         net (fo=0)                   0.000     0.000    sys_clk
    E3                   IBUF (Prop_ibuf_I_O)         1.482     1.482 r  hw_mig.u_ibuf_sysclk/O
                         net (fo=2, routed)           1.233     2.715    hw_mig.sys_clk_ibuf
    MMCME2_ADV_X1Y2      MMCME2_ADV (Prop_mmcme2_adv_CLKIN1_CLKOUT0)
                                                      0.088     2.803 r  hw_mig.u_mmcm/CLKOUT0
                         net (fo=2, routed)           0.990     3.793    hw_mig.u_mig/u_mig_7series_0_mig/u_ddr2_infrastructure/lopt
    PLLE2_ADV_X1Y1       PLLE2_ADV (Prop_plle2_adv_CLKIN1_CLKOUT0)
                                                      0.088     3.881 r  hw_mig.u_mig/u_mig_7series_0_mig/u_ddr2_infrastructure/plle2_i/CLKOUT0
                         net (fo=7, routed)           0.620     4.501    hw_mig.u_mig/u_mig_7series_0_mig/u_memc_ui_top_std/mem_intfc0/ddr_phy_top0/u_ddr_mc_phy_wrapper/u_ddr_mc_phy/ddr_phy_4lanes_0.u_ddr_phy_4lanes/ddr_byte_lane_A.ddr_byte_lane_A/freq_refclk
    PHASER_IN_PHY_X1Y4   PHASER_IN_PHY (Prop_phaser_in_phy_FREQREFCLK_ICLK)
                                                      1.688     6.189 r  hw_mig.u_mig/u_mig_7series_0_mig/u_memc_ui_top_std/mem_intfc0/ddr_phy_top0/u_ddr_mc_phy_wrapper/u_ddr_mc_phy/ddr_phy_4lanes_0.u_ddr_phy_4lanes/ddr_byte_lane_A.ddr_byte_lane_A/phaser_in_gen.phaser_in/ICLK
    PHASER_IN_PHY_X1Y4   PHASER_IN_PHY (Prop_phaser_in_phy_ICLK_ICLKDIV)
                                                      0.173     6.362 r  hw_mig.u_mig/u_mig_7series_0_mig/u_memc_ui_top_std/mem_intfc0/ddr_phy_top0/u_ddr_mc_phy_wrapper/u_ddr_mc_phy/ddr_phy_4lanes_0.u_ddr_phy_4lanes/ddr_byte_lane_A.ddr_byte_lane_A/phaser_in_gen.phaser_in/ICLKDIV
                         net (fo=9, routed)           0.475     6.837    hw_mig.u_mig/u_mig_7series_0_mig/u_memc_ui_top_std/mem_intfc0/ddr_phy_top0/u_ddr_mc_phy_wrapper/u_ddr_mc_phy/ddr_phy_4lanes_0.u_ddr_phy_4lanes/ddr_byte_lane_A.ddr_byte_lane_A/ddr_byte_group_io/iserdes_clkdiv
    ILOGIC_X1Y59         ISERDESE2                                    r  hw_mig.u_mig/u_mig_7series_0_mig/u_memc_ui_top_std/mem_intfc0/ddr_phy_top0/u_ddr_mc_phy_wrapper/u_ddr_mc_phy/ddr_phy_4lanes_0.u_ddr_phy_4lanes/ddr_byte_lane_A.ddr_byte_lane_A/ddr_byte_group_io/input_[6].iserdes_dq_.iserdesdq/CLKDIVP
  -------------------------------------------------------------------    -------------------
    ILOGIC_X1Y59         ISERDESE2 (Prop_iserdese2_CLKDIVP_Q4)
                                                      0.425     7.262 r  hw_mig.u_mig/u_mig_7series_0_mig/u_memc_ui_top_std/mem_intfc0/ddr_phy_top0/u_ddr_mc_phy_wrapper/u_ddr_mc_phy/ddr_phy_4lanes_0.u_ddr_phy_4lanes/ddr_byte_lane_A.ddr_byte_lane_A/ddr_byte_group_io/input_[6].iserdes_dq_.iserdesdq/Q4
                         net (fo=1, routed)           0.692     7.954    hw_mig.u_mig/u_mig_7series_0_mig/u_memc_ui_top_std/mem_intfc0/ddr_phy_top0/u_ddr_mc_phy_wrapper/u_ddr_mc_phy/ddr_phy_4lanes_0.u_ddr_phy_4lanes/ddr_byte_lane_A.ddr_byte_lane_A/if_d6[0]
    IN_FIFO_X1Y4         IN_FIFO                                      r  hw_mig.u_mig/u_mig_7series_0_mig/u_memc_ui_top_std/mem_intfc0/ddr_phy_top0/u_ddr_mc_phy_wrapper/u_ddr_mc_phy/ddr_phy_4lanes_0.u_ddr_phy_4lanes/ddr_byte_lane_A.ddr_byte_lane_A/in_fifo_gen.in_fifo/D6[0]
  -------------------------------------------------------------------    -------------------

                         (clock iserdes_clkdiv rise edge)
                                                     12.308    12.308 r  
    E3                                                0.000    12.308 r  sys_clk (IN)
                         net (fo=0)                   0.000    12.308    sys_clk
    E3                   IBUF (Prop_ibuf_I_O)         1.411    13.719 r  hw_mig.u_ibuf_sysclk/O
                         net (fo=2, routed)           1.162    14.881    hw_mig.sys_clk_ibuf
    MMCME2_ADV_X1Y2      MMCME2_ADV (Prop_mmcme2_adv_CLKIN1_CLKOUT0)
                                                      0.083    14.964 r  hw_mig.u_mmcm/CLKOUT0
                         net (fo=2, routed)           0.941    15.905    hw_mig.u_mig/u_mig_7series_0_mig/u_ddr2_infrastructure/lopt
    PLLE2_ADV_X1Y1       PLLE2_ADV (Prop_plle2_adv_CLKIN1_CLKOUT0)
                                                      0.083    15.988 r  hw_mig.u_mig/u_mig_7series_0_mig/u_ddr2_infrastructure/plle2_i/CLKOUT0
                         net (fo=7, routed)           0.588    16.576    hw_mig.u_mig/u_mig_7series_0_mig/u_memc_ui_top_std/mem_intfc0/ddr_phy_top0/u_ddr_mc_phy_wrapper/u_ddr_mc_phy/ddr_phy_4lanes_0.u_ddr_phy_4lanes/ddr_byte_lane_A.ddr_byte_lane_A/freq_refclk
    PHASER_IN_PHY_X1Y4   PHASER_IN_PHY (Prop_phaser_in_phy_FREQREFCLK_ICLK)
                                                      1.650    18.226 r  hw_mig.u_mig/u_mig_7series_0_mig/u_memc_ui_top_std/mem_intfc0/ddr_phy_top0/u_ddr_mc_phy_wrapper/u_ddr_mc_phy/ddr_phy_4lanes_0.u_ddr_phy_4lanes/ddr_byte_lane_A.ddr_byte_lane_A/phaser_in_gen.phaser_in/ICLK
    PHASER_IN_PHY_X1Y4   PHASER_IN_PHY (Prop_phaser_in_phy_ICLK_ICLKDIV)
                                                      0.163    18.389 r  hw_mig.u_mig/u_mig_7series_0_mig/u_memc_ui_top_std/mem_intfc0/ddr_phy_top0/u_ddr_mc_phy_wrapper/u_ddr_mc_phy/ddr_phy_4lanes_0.u_ddr_phy_4lanes/ddr_byte_lane_A.ddr_byte_lane_A/phaser_in_gen.phaser_in/ICLKDIV
                         net (fo=9, routed)           0.000    18.389    hw_mig.u_mig/u_mig_7series_0_mig/u_memc_ui_top_std/mem_intfc0/ddr_phy_top0/u_ddr_mc_phy_wrapper/u_ddr_mc_phy/ddr_phy_4lanes_0.u_ddr_phy_4lanes/ddr_byte_lane_A.ddr_byte_lane_A/iserdes_clkdiv
    IN_FIFO_X1Y4         IN_FIFO                                      r  hw_mig.u_mig/u_mig_7series_0_mig/u_memc_ui_top_std/mem_intfc0/ddr_phy_top0/u_ddr_mc_phy_wrapper/u_ddr_mc_phy/ddr_phy_4lanes_0.u_ddr_phy_4lanes/ddr_byte_lane_A.ddr_byte_lane_A/in_fifo_gen.in_fifo/WRCLK
                         clock pessimism              0.281    18.670    
                         clock uncertainty           -0.053    18.617    
    IN_FIFO_X1Y4         IN_FIFO (Setup_in_fifo_WRCLK_D6[0])
                                                     -0.476    18.141    hw_mig.u_mig/u_mig_7series_0_mig/u_memc_ui_top_std/mem_intfc0/ddr_phy_top0/u_ddr_mc_phy_wrapper/u_ddr_mc_phy/ddr_phy_4lanes_0.u_ddr_phy_4lanes/ddr_byte_lane_A.ddr_byte_lane_A/in_fifo_gen.in_fifo
  -------------------------------------------------------------------
                         required time                         18.141    
                         arrival time                          -7.954    
  -------------------------------------------------------------------
                         slack                                 10.187    





Min Delay Paths
--------------------------------------------------------------------------------------
Slack (MET) :             0.071ns  (arrival time - required time)
  Source:                 hw_mig.u_mig/u_mig_7series_0_mig/u_memc_ui_top_std/mem_intfc0/ddr_phy_top0/u_ddr_mc_phy_wrapper/u_ddr_mc_phy/ddr_phy_4lanes_0.u_ddr_phy_4lanes/ddr_byte_lane_A.ddr_byte_lane_A/phaser_in_gen.phaser_in/ICLKDIV
                            (rising edge-triggered cell PHASER_IN_PHY clocked by iserdes_clkdiv  {rise@0.000ns fall@6.154ns period=12.308ns})
  Destination:            hw_mig.u_mig/u_mig_7series_0_mig/u_memc_ui_top_std/mem_intfc0/ddr_phy_top0/u_ddr_mc_phy_wrapper/u_ddr_mc_phy/ddr_phy_4lanes_0.u_ddr_phy_4lanes/ddr_byte_lane_A.ddr_byte_lane_A/in_fifo_gen.in_fifo/WREN
                            (rising edge-triggered cell IN_FIFO clocked by iserdes_clkdiv  {rise@0.000ns fall@6.154ns period=12.308ns})
  Path Group:             iserdes_clkdiv
  Path Type:              Hold (Min at Fast Process Corner)
  Requirement:            0.000ns  (iserdes_clkdiv rise@0.000ns - iserdes_clkdiv rise@0.000ns)
  Data Path Delay:        0.058ns  (logic 0.058ns (100.000%)  route 0.000ns (0.000%))
  Logic Levels:           0  
  Clock Path Skew:        0.000ns (DCD - SCD - CPR)
    Destination Clock Delay (DCD):    3.099ns
    Source Clock Delay      (SCD):    2.783ns
    Clock Pessimism Removal (CPR):    0.316ns

    Location             Delay type                Incr(ns)  Path(ns)    Netlist Resource(s)
  -------------------------------------------------------------------    -------------------
                         (clock iserdes_clkdiv rise edge)
                                                      0.000     0.000 r  
    E3                                                0.000     0.000 r  sys_clk (IN)
                         net (fo=0)                   0.000     0.000    sys_clk
    E3                   IBUF (Prop_ibuf_I_O)         0.250     0.250 r  hw_mig.u_ibuf_sysclk/O
                         net (fo=2, routed)           0.440     0.690    hw_mig.sys_clk_ibuf
    MMCME2_ADV_X1Y2      MMCME2_ADV (Prop_mmcme2_adv_CLKIN1_CLKOUT0)
                                                      0.050     0.740 r  hw_mig.u_mmcm/CLKOUT0
                         net (fo=2, routed)           0.317     1.057    hw_mig.u_mig/u_mig_7series_0_mig/u_ddr2_infrastructure/lopt
    PLLE2_ADV_X1Y1       PLLE2_ADV (Prop_plle2_adv_CLKIN1_CLKOUT0)
                                                      0.050     1.107 r  hw_mig.u_mig/u_mig_7series_0_mig/u_ddr2_infrastructure/plle2_i/CLKOUT0
                         net (fo=7, routed)           0.205     1.312    hw_mig.u_mig/u_mig_7series_0_mig/u_memc_ui_top_std/mem_intfc0/ddr_phy_top0/u_ddr_mc_phy_wrapper/u_ddr_mc_phy/ddr_phy_4lanes_0.u_ddr_phy_4lanes/ddr_byte_lane_A.ddr_byte_lane_A/freq_refclk
    PHASER_IN_PHY_X1Y4   PHASER_IN_PHY (Prop_phaser_in_phy_FREQREFCLK_ICLK)
                                                      1.382     2.693 r  hw_mig.u_mig/u_mig_7series_0_mig/u_memc_ui_top_std/mem_intfc0/ddr_phy_top0/u_ddr_mc_phy_wrapper/u_ddr_mc_phy/ddr_phy_4lanes_0.u_ddr_phy_4lanes/ddr_byte_lane_A.ddr_byte_lane_A/phaser_in_gen.phaser_in/ICLK
    PHASER_IN_PHY_X1Y4   PHASER_IN_PHY (Prop_phaser_in_phy_ICLK_ICLKDIV)
                                                      0.090     2.783 r  hw_mig.u_mig/u_mig_7series_0_mig/u_memc_ui_top_std/mem_intfc0/ddr_phy_top0/u_ddr_mc_phy_wrapper/u_ddr_mc_phy/ddr_phy_4lanes_0.u_ddr_phy_4lanes/ddr_byte_lane_A.ddr_byte_lane_A/phaser_in_gen.phaser_in/ICLKDIV
  -------------------------------------------------------------------    -------------------
    PHASER_IN_PHY_X1Y4   PHASER_IN_PHY (Prop_phaser_in_phy_ICLKDIV_WRENABLE)
                                                      0.058     2.841 r  hw_mig.u_mig/u_mig_7series_0_mig/u_memc_ui_top_std/mem_intfc0/ddr_phy_top0/u_ddr_mc_phy_wrapper/u_ddr_mc_phy/ddr_phy_4lanes_0.u_ddr_phy_4lanes/ddr_byte_lane_A.ddr_byte_lane_A/phaser_in_gen.phaser_in/WRENABLE
                         net (fo=1, routed)           0.000     2.841    hw_mig.u_mig/u_mig_7series_0_mig/u_memc_ui_top_std/mem_intfc0/ddr_phy_top0/u_ddr_mc_phy_wrapper/u_ddr_mc_phy/ddr_phy_4lanes_0.u_ddr_phy_4lanes/ddr_byte_lane_A.ddr_byte_lane_A/ififo_wr_enable
    IN_FIFO_X1Y4         IN_FIFO                                      r  hw_mig.u_mig/u_mig_7series_0_mig/u_memc_ui_top_std/mem_intfc0/ddr_phy_top0/u_ddr_mc_phy_wrapper/u_ddr_mc_phy/ddr_phy_4lanes_0.u_ddr_phy_4lanes/ddr_byte_lane_A.ddr_byte_lane_A/in_fifo_gen.in_fifo/WREN
  -------------------------------------------------------------------    -------------------

                         (clock iserdes_clkdiv rise edge)
                                                      0.000     0.000 r  
    E3                                                0.000     0.000 r  sys_clk (IN)
                         net (fo=0)                   0.000     0.000    sys_clk
    E3                   IBUF (Prop_ibuf_I_O)         0.438     0.438 r  hw_mig.u_ibuf_sysclk/O
                         net (fo=2, routed)           0.480     0.918    hw_mig.sys_clk_ibuf
    MMCME2_ADV_X1Y2      MMCME2_ADV (Prop_mmcme2_adv_CLKIN1_CLKOUT0)
                                                      0.053     0.971 r  hw_mig.u_mmcm/CLKOUT0
                         net (fo=2, routed)           0.348     1.319    hw_mig.u_mig/u_mig_7series_0_mig/u_ddr2_infrastructure/lopt
    PLLE2_ADV_X1Y1       PLLE2_ADV (Prop_plle2_adv_CLKIN1_CLKOUT0)
                                                      0.053     1.372 r  hw_mig.u_mig/u_mig_7series_0_mig/u_ddr2_infrastructure/plle2_i/CLKOUT0
                         net (fo=7, routed)           0.226     1.598    hw_mig.u_mig/u_mig_7series_0_mig/u_memc_ui_top_std/mem_intfc0/ddr_phy_top0/u_ddr_mc_phy_wrapper/u_ddr_mc_phy/ddr_phy_4lanes_0.u_ddr_phy_4lanes/ddr_byte_lane_A.ddr_byte_lane_A/freq_refclk
    PHASER_IN_PHY_X1Y4   PHASER_IN_PHY (Prop_phaser_in_phy_FREQREFCLK_ICLK)
                                                      1.406     3.003 r  hw_mig.u_mig/u_mig_7series_0_mig/u_memc_ui_top_std/mem_intfc0/ddr_phy_top0/u_ddr_mc_phy_wrapper/u_ddr_mc_phy/ddr_phy_4lanes_0.u_ddr_phy_4lanes/ddr_byte_lane_A.ddr_byte_lane_A/phaser_in_gen.phaser_in/ICLK
    PHASER_IN_PHY_X1Y4   PHASER_IN_PHY (Prop_phaser_in_phy_ICLK_ICLKDIV)
                                                      0.096     3.099 r  hw_mig.u_mig/u_mig_7series_0_mig/u_memc_ui_top_std/mem_intfc0/ddr_phy_top0/u_ddr_mc_phy_wrapper/u_ddr_mc_phy/ddr_phy_4lanes_0.u_ddr_phy_4lanes/ddr_byte_lane_A.ddr_byte_lane_A/phaser_in_gen.phaser_in/ICLKDIV
                         net (fo=9, routed)           0.000     3.099    hw_mig.u_mig/u_mig_7series_0_mig/u_memc_ui_top_std/mem_intfc0/ddr_phy_top0/u_ddr_mc_phy_wrapper/u_ddr_mc_phy/ddr_phy_4lanes_0.u_ddr_phy_4lanes/ddr_byte_lane_A.ddr_byte_lane_A/iserdes_clkdiv
    IN_FIFO_X1Y4         IN_FIFO                                      r  hw_mig.u_mig/u_mig_7series_0_mig/u_memc_ui_top_std/mem_intfc0/ddr_phy_top0/u_ddr_mc_phy_wrapper/u_ddr_mc_phy/ddr_phy_4lanes_0.u_ddr_phy_4lanes/ddr_byte_lane_A.ddr_byte_lane_A/in_fifo_gen.in_fifo/WRCLK
                         clock pessimism             -0.316     2.783    
    IN_FIFO_X1Y4         IN_FIFO (Hold_in_fifo_WRCLK_WREN)
                                                     -0.013     2.770    hw_mig.u_mig/u_mig_7series_0_mig/u_memc_ui_top_std/mem_intfc0/ddr_phy_top0/u_ddr_mc_phy_wrapper/u_ddr_mc_phy/ddr_phy_4lanes_0.u_ddr_phy_4lanes/ddr_byte_lane_A.ddr_byte_lane_A/in_fifo_gen.in_fifo
  -------------------------------------------------------------------
                         required time                         -2.770    
                         arrival time                           2.841    
  -------------------------------------------------------------------
                         slack                                  0.071    





Pulse Width Checks
--------------------------------------------------------------------------------------
Clock Name:         iserdes_clkdiv
Waveform(ns):       { 0.000 6.154 }
Period(ns):         12.308
Sources:            { hw_mig.u_mig/u_mig_7series_0_mig/u_memc_ui_top_std/mem_intfc0/ddr_phy_top0/u_ddr_mc_phy_wrapper/u_ddr_mc_phy/ddr_phy_4lanes_0.u_ddr_phy_4lanes/ddr_byte_lane_A.ddr_byte_lane_A/phaser_in_gen.phaser_in/ICLKDIV }

Check Type        Corner  Lib Pin        Reference Pin  Required(ns)  Actual(ns)  Slack(ns)  Location      Pin
Min Period        n/a     IN_FIFO/WRCLK  n/a            5.000         12.308      7.308      IN_FIFO_X1Y4  hw_mig.u_mig/u_mig_7series_0_mig/u_memc_ui_top_std/mem_intfc0/ddr_phy_top0/u_ddr_mc_phy_wrapper/u_ddr_mc_phy/ddr_phy_4lanes_0.u_ddr_phy_4lanes/ddr_byte_lane_A.ddr_byte_lane_A/in_fifo_gen.in_fifo/WRCLK
Low Pulse Width   Slow    IN_FIFO/WRCLK  n/a            2.150         6.154       4.004      IN_FIFO_X1Y4  hw_mig.u_mig/u_mig_7series_0_mig/u_memc_ui_top_std/mem_intfc0/ddr_phy_top0/u_ddr_mc_phy_wrapper/u_ddr_mc_phy/ddr_phy_4lanes_0.u_ddr_phy_4lanes/ddr_byte_lane_A.ddr_byte_lane_A/in_fifo_gen.in_fifo/WRCLK
High Pulse Width  Slow    IN_FIFO/WRCLK  n/a            2.150         6.154       4.004      IN_FIFO_X1Y4  hw_mig.u_mig/u_mig_7series_0_mig/u_memc_ui_top_std/mem_intfc0/ddr_phy_top0/u_ddr_mc_phy_wrapper/u_ddr_mc_phy/ddr_phy_4lanes_0.u_ddr_phy_4lanes/ddr_byte_lane_A.ddr_byte_lane_A/in_fifo_gen.in_fifo/WRCLK



---------------------------------------------------------------------------------------------------
From Clock:  u_mig_7series_0_mig/u_memc_ui_top_std/mem_intfc0/ddr_phy_top0/u_ddr_mc_phy_wrapper/u_ddr_mc_phy/ddr_phy_4lanes_0.u_ddr_phy_4lanes/ddr_byte_lane_C.ddr_byte_lane_C/iserdes_clk
  To Clock:  u_mig_7series_0_mig/u_memc_ui_top_std/mem_intfc0/ddr_phy_top0/u_ddr_mc_phy_wrapper/u_ddr_mc_phy/ddr_phy_4lanes_0.u_ddr_phy_4lanes/ddr_byte_lane_C.ddr_byte_lane_C/iserdes_clk

Setup :           NA  Failing Endpoints,  Worst Slack           NA  ,  Total Violation           NA
Hold  :           NA  Failing Endpoints,  Worst Slack           NA  ,  Total Violation           NA
PW    :            0  Failing Endpoints,  Worst Slack        1.410ns,  Total Violation        0.000ns
---------------------------------------------------------------------------------------------------


Pulse Width Checks
--------------------------------------------------------------------------------------
Clock Name:         u_mig_7series_0_mig/u_memc_ui_top_std/mem_intfc0/ddr_phy_top0/u_ddr_mc_phy_wrapper/u_ddr_mc_phy/ddr_phy_4lanes_0.u_ddr_phy_4lanes/ddr_byte_lane_C.ddr_byte_lane_C/iserdes_clk
Waveform(ns):       { 0.000 1.538 }
Period(ns):         3.077
Sources:            { hw_mig.u_mig/u_mig_7series_0_mig/u_memc_ui_top_std/mem_intfc0/ddr_phy_top0/u_ddr_mc_phy_wrapper/u_ddr_mc_phy/ddr_phy_4lanes_0.u_ddr_phy_4lanes/ddr_byte_lane_C.ddr_byte_lane_C/phaser_in_gen.phaser_in/ICLK }

Check Type  Corner  Lib Pin        Reference Pin  Required(ns)  Actual(ns)  Slack(ns)  Location      Pin
Min Period  n/a     ISERDESE2/CLK  n/a            1.667         3.077       1.410      ILOGIC_X1Y75  hw_mig.u_mig/u_mig_7series_0_mig/u_memc_ui_top_std/mem_intfc0/ddr_phy_top0/u_ddr_mc_phy_wrapper/u_ddr_mc_phy/ddr_phy_4lanes_0.u_ddr_phy_4lanes/ddr_byte_lane_C.ddr_byte_lane_C/ddr_byte_group_io/input_[0].iserdes_dq_.iserdesdq/CLK



---------------------------------------------------------------------------------------------------
From Clock:  iserdes_clkdiv_1
  To Clock:  iserdes_clkdiv_1

Setup :            0  Failing Endpoints,  Worst Slack       10.259ns,  Total Violation        0.000ns
Hold  :            0  Failing Endpoints,  Worst Slack        0.071ns,  Total Violation        0.000ns
PW    :            0  Failing Endpoints,  Worst Slack        4.004ns,  Total Violation        0.000ns
---------------------------------------------------------------------------------------------------


Max Delay Paths
--------------------------------------------------------------------------------------
Slack (MET) :             10.259ns  (required time - arrival time)
  Source:                 hw_mig.u_mig/u_mig_7series_0_mig/u_memc_ui_top_std/mem_intfc0/ddr_phy_top0/u_ddr_mc_phy_wrapper/u_ddr_mc_phy/ddr_phy_4lanes_0.u_ddr_phy_4lanes/ddr_byte_lane_C.ddr_byte_lane_C/ddr_byte_group_io/input_[1].iserdes_dq_.iserdesdq/CLKDIVP
                            (rising edge-triggered cell ISERDESE2 clocked by iserdes_clkdiv_1  {rise@0.000ns fall@6.154ns period=12.308ns})
  Destination:            hw_mig.u_mig/u_mig_7series_0_mig/u_memc_ui_top_std/mem_intfc0/ddr_phy_top0/u_ddr_mc_phy_wrapper/u_ddr_mc_phy/ddr_phy_4lanes_0.u_ddr_phy_4lanes/ddr_byte_lane_C.ddr_byte_lane_C/in_fifo_gen.in_fifo/D1[2]
                            (rising edge-triggered cell IN_FIFO clocked by iserdes_clkdiv_1  {rise@0.000ns fall@6.154ns period=12.308ns})
  Path Group:             iserdes_clkdiv_1
  Path Type:              Setup (Max at Slow Process Corner)
  Requirement:            12.308ns  (iserdes_clkdiv_1 rise@12.308ns - iserdes_clkdiv_1 rise@0.000ns)
  Data Path Delay:        0.975ns  (logic 0.425ns (43.593%)  route 0.550ns (56.407%))
  Logic Levels:           0  
  Clock Path Skew:        -0.450ns (DCD - SCD + CPR)
    Destination Clock Delay (DCD):    6.069ns = ( 18.377 - 12.308 ) 
    Source Clock Delay      (SCD):    6.799ns
    Clock Pessimism Removal (CPR):    0.280ns
  Clock Uncertainty:      0.053ns  ((TSJ^2 + DJ^2)^1/2) / 2 + PE
    Total System Jitter     (TSJ):    0.071ns
    Discrete Jitter          (DJ):    0.079ns
    Phase Error              (PE):    0.000ns

    Location             Delay type                Incr(ns)  Path(ns)    Netlist Resource(s)
  -------------------------------------------------------------------    -------------------
                         (clock iserdes_clkdiv_1 rise edge)
                                                      0.000     0.000 r  
    E3                                                0.000     0.000 r  sys_clk (IN)
                         net (fo=0)                   0.000     0.000    sys_clk
    E3                   IBUF (Prop_ibuf_I_O)         1.482     1.482 r  hw_mig.u_ibuf_sysclk/O
                         net (fo=2, routed)           1.233     2.715    hw_mig.sys_clk_ibuf
    MMCME2_ADV_X1Y2      MMCME2_ADV (Prop_mmcme2_adv_CLKIN1_CLKOUT0)
                                                      0.088     2.803 r  hw_mig.u_mmcm/CLKOUT0
                         net (fo=2, routed)           0.990     3.793    hw_mig.u_mig/u_mig_7series_0_mig/u_ddr2_infrastructure/lopt
    PLLE2_ADV_X1Y1       PLLE2_ADV (Prop_plle2_adv_CLKIN1_CLKOUT0)
                                                      0.088     3.881 r  hw_mig.u_mig/u_mig_7series_0_mig/u_ddr2_infrastructure/plle2_i/CLKOUT0
                         net (fo=7, routed)           0.607     4.488    hw_mig.u_mig/u_mig_7series_0_mig/u_memc_ui_top_std/mem_intfc0/ddr_phy_top0/u_ddr_mc_phy_wrapper/u_ddr_mc_phy/ddr_phy_4lanes_0.u_ddr_phy_4lanes/ddr_byte_lane_C.ddr_byte_lane_C/freq_refclk
    PHASER_IN_PHY_X1Y6   PHASER_IN_PHY (Prop_phaser_in_phy_FREQREFCLK_ICLK)
                                                      1.688     6.176 r  hw_mig.u_mig/u_mig_7series_0_mig/u_memc_ui_top_std/mem_intfc0/ddr_phy_top0/u_ddr_mc_phy_wrapper/u_ddr_mc_phy/ddr_phy_4lanes_0.u_ddr_phy_4lanes/ddr_byte_lane_C.ddr_byte_lane_C/phaser_in_gen.phaser_in/ICLK
    PHASER_IN_PHY_X1Y6   PHASER_IN_PHY (Prop_phaser_in_phy_ICLK_ICLKDIV)
                                                      0.173     6.349 r  hw_mig.u_mig/u_mig_7series_0_mig/u_memc_ui_top_std/mem_intfc0/ddr_phy_top0/u_ddr_mc_phy_wrapper/u_ddr_mc_phy/ddr_phy_4lanes_0.u_ddr_phy_4lanes/ddr_byte_lane_C.ddr_byte_lane_C/phaser_in_gen.phaser_in/ICLKDIV
                         net (fo=9, routed)           0.450     6.799    hw_mig.u_mig/u_mig_7series_0_mig/u_memc_ui_top_std/mem_intfc0/ddr_phy_top0/u_ddr_mc_phy_wrapper/u_ddr_mc_phy/ddr_phy_4lanes_0.u_ddr_phy_4lanes/ddr_byte_lane_C.ddr_byte_lane_C/ddr_byte_group_io/iserdes_clkdiv
    ILOGIC_X1Y76         ISERDESE2                                    r  hw_mig.u_mig/u_mig_7series_0_mig/u_memc_ui_top_std/mem_intfc0/ddr_phy_top0/u_ddr_mc_phy_wrapper/u_ddr_mc_phy/ddr_phy_4lanes_0.u_ddr_phy_4lanes/ddr_byte_lane_C.ddr_byte_lane_C/ddr_byte_group_io/input_[1].iserdes_dq_.iserdesdq/CLKDIVP
  -------------------------------------------------------------------    -------------------
    ILOGIC_X1Y76         ISERDESE2 (Prop_iserdese2_CLKDIVP_Q2)
                                                      0.425     7.224 r  hw_mig.u_mig/u_mig_7series_0_mig/u_memc_ui_top_std/mem_intfc0/ddr_phy_top0/u_ddr_mc_phy_wrapper/u_ddr_mc_phy/ddr_phy_4lanes_0.u_ddr_phy_4lanes/ddr_byte_lane_C.ddr_byte_lane_C/ddr_byte_group_io/input_[1].iserdes_dq_.iserdesdq/Q2
                         net (fo=1, routed)           0.550     7.774    hw_mig.u_mig/u_mig_7series_0_mig/u_memc_ui_top_std/mem_intfc0/ddr_phy_top0/u_ddr_mc_phy_wrapper/u_ddr_mc_phy/ddr_phy_4lanes_0.u_ddr_phy_4lanes/ddr_byte_lane_C.ddr_byte_lane_C/if_d1[2]
    IN_FIFO_X1Y6         IN_FIFO                                      r  hw_mig.u_mig/u_mig_7series_0_mig/u_memc_ui_top_std/mem_intfc0/ddr_phy_top0/u_ddr_mc_phy_wrapper/u_ddr_mc_phy/ddr_phy_4lanes_0.u_ddr_phy_4lanes/ddr_byte_lane_C.ddr_byte_lane_C/in_fifo_gen.in_fifo/D1[2]
  -------------------------------------------------------------------    -------------------

                         (clock iserdes_clkdiv_1 rise edge)
                                                     12.308    12.308 r  
    E3                                                0.000    12.308 r  sys_clk (IN)
                         net (fo=0)                   0.000    12.308    sys_clk
    E3                   IBUF (Prop_ibuf_I_O)         1.411    13.719 r  hw_mig.u_ibuf_sysclk/O
                         net (fo=2, routed)           1.162    14.881    hw_mig.sys_clk_ibuf
    MMCME2_ADV_X1Y2      MMCME2_ADV (Prop_mmcme2_adv_CLKIN1_CLKOUT0)
                                                      0.083    14.964 r  hw_mig.u_mmcm/CLKOUT0
                         net (fo=2, routed)           0.941    15.905    hw_mig.u_mig/u_mig_7series_0_mig/u_ddr2_infrastructure/lopt
    PLLE2_ADV_X1Y1       PLLE2_ADV (Prop_plle2_adv_CLKIN1_CLKOUT0)
                                                      0.083    15.988 r  hw_mig.u_mig/u_mig_7series_0_mig/u_ddr2_infrastructure/plle2_i/CLKOUT0
                         net (fo=7, routed)           0.576    16.564    hw_mig.u_mig/u_mig_7series_0_mig/u_memc_ui_top_std/mem_intfc0/ddr_phy_top0/u_ddr_mc_phy_wrapper/u_ddr_mc_phy/ddr_phy_4lanes_0.u_ddr_phy_4lanes/ddr_byte_lane_C.ddr_byte_lane_C/freq_refclk
    PHASER_IN_PHY_X1Y6   PHASER_IN_PHY (Prop_phaser_in_phy_FREQREFCLK_ICLK)
                                                      1.650    18.214 r  hw_mig.u_mig/u_mig_7series_0_mig/u_memc_ui_top_std/mem_intfc0/ddr_phy_top0/u_ddr_mc_phy_wrapper/u_ddr_mc_phy/ddr_phy_4lanes_0.u_ddr_phy_4lanes/ddr_byte_lane_C.ddr_byte_lane_C/phaser_in_gen.phaser_in/ICLK
    PHASER_IN_PHY_X1Y6   PHASER_IN_PHY (Prop_phaser_in_phy_ICLK_ICLKDIV)
                                                      0.163    18.377 r  hw_mig.u_mig/u_mig_7series_0_mig/u_memc_ui_top_std/mem_intfc0/ddr_phy_top0/u_ddr_mc_phy_wrapper/u_ddr_mc_phy/ddr_phy_4lanes_0.u_ddr_phy_4lanes/ddr_byte_lane_C.ddr_byte_lane_C/phaser_in_gen.phaser_in/ICLKDIV
                         net (fo=9, routed)           0.000    18.377    hw_mig.u_mig/u_mig_7series_0_mig/u_memc_ui_top_std/mem_intfc0/ddr_phy_top0/u_ddr_mc_phy_wrapper/u_ddr_mc_phy/ddr_phy_4lanes_0.u_ddr_phy_4lanes/ddr_byte_lane_C.ddr_byte_lane_C/iserdes_clkdiv
    IN_FIFO_X1Y6         IN_FIFO                                      r  hw_mig.u_mig/u_mig_7series_0_mig/u_memc_ui_top_std/mem_intfc0/ddr_phy_top0/u_ddr_mc_phy_wrapper/u_ddr_mc_phy/ddr_phy_4lanes_0.u_ddr_phy_4lanes/ddr_byte_lane_C.ddr_byte_lane_C/in_fifo_gen.in_fifo/WRCLK
                         clock pessimism              0.280    18.657    
                         clock uncertainty           -0.053    18.604    
    IN_FIFO_X1Y6         IN_FIFO (Setup_in_fifo_WRCLK_D1[2])
                                                     -0.571    18.033    hw_mig.u_mig/u_mig_7series_0_mig/u_memc_ui_top_std/mem_intfc0/ddr_phy_top0/u_ddr_mc_phy_wrapper/u_ddr_mc_phy/ddr_phy_4lanes_0.u_ddr_phy_4lanes/ddr_byte_lane_C.ddr_byte_lane_C/in_fifo_gen.in_fifo
  -------------------------------------------------------------------
                         required time                         18.033    
                         arrival time                          -7.774    
  -------------------------------------------------------------------
                         slack                                 10.259    





Min Delay Paths
--------------------------------------------------------------------------------------
Slack (MET) :             0.071ns  (arrival time - required time)
  Source:                 hw_mig.u_mig/u_mig_7series_0_mig/u_memc_ui_top_std/mem_intfc0/ddr_phy_top0/u_ddr_mc_phy_wrapper/u_ddr_mc_phy/ddr_phy_4lanes_0.u_ddr_phy_4lanes/ddr_byte_lane_C.ddr_byte_lane_C/phaser_in_gen.phaser_in/ICLKDIV
                            (rising edge-triggered cell PHASER_IN_PHY clocked by iserdes_clkdiv_1  {rise@0.000ns fall@6.154ns period=12.308ns})
  Destination:            hw_mig.u_mig/u_mig_7series_0_mig/u_memc_ui_top_std/mem_intfc0/ddr_phy_top0/u_ddr_mc_phy_wrapper/u_ddr_mc_phy/ddr_phy_4lanes_0.u_ddr_phy_4lanes/ddr_byte_lane_C.ddr_byte_lane_C/in_fifo_gen.in_fifo/WREN
                            (rising edge-triggered cell IN_FIFO clocked by iserdes_clkdiv_1  {rise@0.000ns fall@6.154ns period=12.308ns})
  Path Group:             iserdes_clkdiv_1
  Path Type:              Hold (Min at Fast Process Corner)
  Requirement:            0.000ns  (iserdes_clkdiv_1 rise@0.000ns - iserdes_clkdiv_1 rise@0.000ns)
  Data Path Delay:        0.058ns  (logic 0.058ns (100.000%)  route 0.000ns (0.000%))
  Logic Levels:           0  
  Clock Path Skew:        0.000ns (DCD - SCD - CPR)
    Destination Clock Delay (DCD):    3.090ns
    Source Clock Delay      (SCD):    2.775ns
    Clock Pessimism Removal (CPR):    0.315ns

    Location             Delay type                Incr(ns)  Path(ns)    Netlist Resource(s)
  -------------------------------------------------------------------    -------------------
                         (clock iserdes_clkdiv_1 rise edge)
                                                      0.000     0.000 r  
    E3                                                0.000     0.000 r  sys_clk (IN)
                         net (fo=0)                   0.000     0.000    sys_clk
    E3                   IBUF (Prop_ibuf_I_O)         0.250     0.250 r  hw_mig.u_ibuf_sysclk/O
                         net (fo=2, routed)           0.440     0.690    hw_mig.sys_clk_ibuf
    MMCME2_ADV_X1Y2      MMCME2_ADV (Prop_mmcme2_adv_CLKIN1_CLKOUT0)
                                                      0.050     0.740 r  hw_mig.u_mmcm/CLKOUT0
                         net (fo=2, routed)           0.317     1.057    hw_mig.u_mig/u_mig_7series_0_mig/u_ddr2_infrastructure/lopt
    PLLE2_ADV_X1Y1       PLLE2_ADV (Prop_plle2_adv_CLKIN1_CLKOUT0)
                                                      0.050     1.107 r  hw_mig.u_mig/u_mig_7series_0_mig/u_ddr2_infrastructure/plle2_i/CLKOUT0
                         net (fo=7, routed)           0.197     1.304    hw_mig.u_mig/u_mig_7series_0_mig/u_memc_ui_top_std/mem_intfc0/ddr_phy_top0/u_ddr_mc_phy_wrapper/u_ddr_mc_phy/ddr_phy_4lanes_0.u_ddr_phy_4lanes/ddr_byte_lane_C.ddr_byte_lane_C/freq_refclk
    PHASER_IN_PHY_X1Y6   PHASER_IN_PHY (Prop_phaser_in_phy_FREQREFCLK_ICLK)
                                                      1.382     2.685 r  hw_mig.u_mig/u_mig_7series_0_mig/u_memc_ui_top_std/mem_intfc0/ddr_phy_top0/u_ddr_mc_phy_wrapper/u_ddr_mc_phy/ddr_phy_4lanes_0.u_ddr_phy_4lanes/ddr_byte_lane_C.ddr_byte_lane_C/phaser_in_gen.phaser_in/ICLK
    PHASER_IN_PHY_X1Y6   PHASER_IN_PHY (Prop_phaser_in_phy_ICLK_ICLKDIV)
                                                      0.090     2.775 r  hw_mig.u_mig/u_mig_7series_0_mig/u_memc_ui_top_std/mem_intfc0/ddr_phy_top0/u_ddr_mc_phy_wrapper/u_ddr_mc_phy/ddr_phy_4lanes_0.u_ddr_phy_4lanes/ddr_byte_lane_C.ddr_byte_lane_C/phaser_in_gen.phaser_in/ICLKDIV
  -------------------------------------------------------------------    -------------------
    PHASER_IN_PHY_X1Y6   PHASER_IN_PHY (Prop_phaser_in_phy_ICLKDIV_WRENABLE)
                                                      0.058     2.833 r  hw_mig.u_mig/u_mig_7series_0_mig/u_memc_ui_top_std/mem_intfc0/ddr_phy_top0/u_ddr_mc_phy_wrapper/u_ddr_mc_phy/ddr_phy_4lanes_0.u_ddr_phy_4lanes/ddr_byte_lane_C.ddr_byte_lane_C/phaser_in_gen.phaser_in/WRENABLE
                         net (fo=1, routed)           0.000     2.833    hw_mig.u_mig/u_mig_7series_0_mig/u_memc_ui_top_std/mem_intfc0/ddr_phy_top0/u_ddr_mc_phy_wrapper/u_ddr_mc_phy/ddr_phy_4lanes_0.u_ddr_phy_4lanes/ddr_byte_lane_C.ddr_byte_lane_C/ififo_wr_enable
    IN_FIFO_X1Y6         IN_FIFO                                      r  hw_mig.u_mig/u_mig_7series_0_mig/u_memc_ui_top_std/mem_intfc0/ddr_phy_top0/u_ddr_mc_phy_wrapper/u_ddr_mc_phy/ddr_phy_4lanes_0.u_ddr_phy_4lanes/ddr_byte_lane_C.ddr_byte_lane_C/in_fifo_gen.in_fifo/WREN
  -------------------------------------------------------------------    -------------------

                         (clock iserdes_clkdiv_1 rise edge)
                                                      0.000     0.000 r  
    E3                                                0.000     0.000 r  sys_clk (IN)
                         net (fo=0)                   0.000     0.000    sys_clk
    E3                   IBUF (Prop_ibuf_I_O)         0.438     0.438 r  hw_mig.u_ibuf_sysclk/O
                         net (fo=2, routed)           0.480     0.918    hw_mig.sys_clk_ibuf
    MMCME2_ADV_X1Y2      MMCME2_ADV (Prop_mmcme2_adv_CLKIN1_CLKOUT0)
                                                      0.053     0.971 r  hw_mig.u_mmcm/CLKOUT0
                         net (fo=2, routed)           0.348     1.319    hw_mig.u_mig/u_mig_7series_0_mig/u_ddr2_infrastructure/lopt
    PLLE2_ADV_X1Y1       PLLE2_ADV (Prop_plle2_adv_CLKIN1_CLKOUT0)
                                                      0.053     1.372 r  hw_mig.u_mig/u_mig_7series_0_mig/u_ddr2_infrastructure/plle2_i/CLKOUT0
                         net (fo=7, routed)           0.217     1.589    hw_mig.u_mig/u_mig_7series_0_mig/u_memc_ui_top_std/mem_intfc0/ddr_phy_top0/u_ddr_mc_phy_wrapper/u_ddr_mc_phy/ddr_phy_4lanes_0.u_ddr_phy_4lanes/ddr_byte_lane_C.ddr_byte_lane_C/freq_refclk
    PHASER_IN_PHY_X1Y6   PHASER_IN_PHY (Prop_phaser_in_phy_FREQREFCLK_ICLK)
                                                      1.406     2.994 r  hw_mig.u_mig/u_mig_7series_0_mig/u_memc_ui_top_std/mem_intfc0/ddr_phy_top0/u_ddr_mc_phy_wrapper/u_ddr_mc_phy/ddr_phy_4lanes_0.u_ddr_phy_4lanes/ddr_byte_lane_C.ddr_byte_lane_C/phaser_in_gen.phaser_in/ICLK
    PHASER_IN_PHY_X1Y6   PHASER_IN_PHY (Prop_phaser_in_phy_ICLK_ICLKDIV)
                                                      0.096     3.090 r  hw_mig.u_mig/u_mig_7series_0_mig/u_memc_ui_top_std/mem_intfc0/ddr_phy_top0/u_ddr_mc_phy_wrapper/u_ddr_mc_phy/ddr_phy_4lanes_0.u_ddr_phy_4lanes/ddr_byte_lane_C.ddr_byte_lane_C/phaser_in_gen.phaser_in/ICLKDIV
                         net (fo=9, routed)           0.000     3.090    hw_mig.u_mig/u_mig_7series_0_mig/u_memc_ui_top_std/mem_intfc0/ddr_phy_top0/u_ddr_mc_phy_wrapper/u_ddr_mc_phy/ddr_phy_4lanes_0.u_ddr_phy_4lanes/ddr_byte_lane_C.ddr_byte_lane_C/iserdes_clkdiv
    IN_FIFO_X1Y6         IN_FIFO                                      r  hw_mig.u_mig/u_mig_7series_0_mig/u_memc_ui_top_std/mem_intfc0/ddr_phy_top0/u_ddr_mc_phy_wrapper/u_ddr_mc_phy/ddr_phy_4lanes_0.u_ddr_phy_4lanes/ddr_byte_lane_C.ddr_byte_lane_C/in_fifo_gen.in_fifo/WRCLK
                         clock pessimism             -0.315     2.775    
    IN_FIFO_X1Y6         IN_FIFO (Hold_in_fifo_WRCLK_WREN)
                                                     -0.013     2.762    hw_mig.u_mig/u_mig_7series_0_mig/u_memc_ui_top_std/mem_intfc0/ddr_phy_top0/u_ddr_mc_phy_wrapper/u_ddr_mc_phy/ddr_phy_4lanes_0.u_ddr_phy_4lanes/ddr_byte_lane_C.ddr_byte_lane_C/in_fifo_gen.in_fifo
  -------------------------------------------------------------------
                         required time                         -2.762    
                         arrival time                           2.833    
  -------------------------------------------------------------------
                         slack                                  0.071    





Pulse Width Checks
--------------------------------------------------------------------------------------
Clock Name:         iserdes_clkdiv_1
Waveform(ns):       { 0.000 6.154 }
Period(ns):         12.308
Sources:            { hw_mig.u_mig/u_mig_7series_0_mig/u_memc_ui_top_std/mem_intfc0/ddr_phy_top0/u_ddr_mc_phy_wrapper/u_ddr_mc_phy/ddr_phy_4lanes_0.u_ddr_phy_4lanes/ddr_byte_lane_C.ddr_byte_lane_C/phaser_in_gen.phaser_in/ICLKDIV }

Check Type        Corner  Lib Pin        Reference Pin  Required(ns)  Actual(ns)  Slack(ns)  Location      Pin
Min Period        n/a     IN_FIFO/WRCLK  n/a            5.000         12.308      7.308      IN_FIFO_X1Y6  hw_mig.u_mig/u_mig_7series_0_mig/u_memc_ui_top_std/mem_intfc0/ddr_phy_top0/u_ddr_mc_phy_wrapper/u_ddr_mc_phy/ddr_phy_4lanes_0.u_ddr_phy_4lanes/ddr_byte_lane_C.ddr_byte_lane_C/in_fifo_gen.in_fifo/WRCLK
Low Pulse Width   Slow    IN_FIFO/WRCLK  n/a            2.150         6.154       4.004      IN_FIFO_X1Y6  hw_mig.u_mig/u_mig_7series_0_mig/u_memc_ui_top_std/mem_intfc0/ddr_phy_top0/u_ddr_mc_phy_wrapper/u_ddr_mc_phy/ddr_phy_4lanes_0.u_ddr_phy_4lanes/ddr_byte_lane_C.ddr_byte_lane_C/in_fifo_gen.in_fifo/WRCLK
High Pulse Width  Slow    IN_FIFO/WRCLK  n/a            2.150         6.154       4.004      IN_FIFO_X1Y6  hw_mig.u_mig/u_mig_7series_0_mig/u_memc_ui_top_std/mem_intfc0/ddr_phy_top0/u_ddr_mc_phy_wrapper/u_ddr_mc_phy/ddr_phy_4lanes_0.u_ddr_phy_4lanes/ddr_byte_lane_C.ddr_byte_lane_C/in_fifo_gen.in_fifo/WRCLK



---------------------------------------------------------------------------------------------------
From Clock:  mem_refclk
  To Clock:  mem_refclk

Setup :            0  Failing Endpoints,  Worst Slack        1.916ns,  Total Violation        0.000ns
Hold  :            0  Failing Endpoints,  Worst Slack        0.336ns,  Total Violation        0.000ns
PW    :            0  Failing Endpoints,  Worst Slack        0.913ns,  Total Violation        0.000ns
---------------------------------------------------------------------------------------------------


Max Delay Paths
--------------------------------------------------------------------------------------
Slack (MET) :             1.916ns  (required time - arrival time)
  Source:                 hw_mig.u_mig/u_mig_7series_0_mig/u_memc_ui_top_std/mem_intfc0/ddr_phy_top0/u_ddr_mc_phy_wrapper/u_ddr_mc_phy/ddr_phy_4lanes_0.u_ddr_phy_4lanes/phy_control_i/MEMREFCLK
                            (rising edge-triggered cell PHY_CONTROL clocked by mem_refclk  {rise@0.000ns fall@1.538ns period=3.077ns})
  Destination:            hw_mig.u_mig/u_mig_7series_0_mig/u_memc_ui_top_std/mem_intfc0/ddr_phy_top0/u_ddr_mc_phy_wrapper/u_ddr_mc_phy/ddr_phy_4lanes_0.u_ddr_phy_4lanes/phy_control_i/PHYCTLMSTREMPTY
                            (rising edge-triggered cell PHY_CONTROL clocked by mem_refclk  {rise@0.000ns fall@1.538ns period=3.077ns})
  Path Group:             mem_refclk
  Path Type:              Setup (Max at Slow Process Corner)
  Requirement:            3.077ns  (mem_refclk rise@3.077ns - mem_refclk rise@0.000ns)
  Data Path Delay:        1.093ns  (logic 0.622ns (56.908%)  route 0.471ns (43.092%))
  Logic Levels:           0  
  Clock Path Skew:        0.000ns (DCD - SCD + CPR)
    Destination Clock Delay (DCD):    4.269ns = ( 7.346 - 3.077 ) 
    Source Clock Delay      (SCD):    4.502ns
    Clock Pessimism Removal (CPR):    0.233ns
  Clock Uncertainty:      0.057ns  ((TSJ^2 + DJ^2)^1/2) / 2 + PE
    Total System Jitter     (TSJ):    0.071ns
    Discrete Jitter          (DJ):    0.089ns
    Phase Error              (PE):    0.000ns

    Location             Delay type                Incr(ns)  Path(ns)    Netlist Resource(s)
  -------------------------------------------------------------------    -------------------
                         (clock mem_refclk rise edge)
                                                      0.000     0.000 r  
    E3                                                0.000     0.000 r  sys_clk (IN)
                         net (fo=0)                   0.000     0.000    sys_clk
    E3                   IBUF (Prop_ibuf_I_O)         1.482     1.482 r  hw_mig.u_ibuf_sysclk/O
                         net (fo=2, routed)           1.233     2.715    hw_mig.sys_clk_ibuf
    MMCME2_ADV_X1Y2      MMCME2_ADV (Prop_mmcme2_adv_CLKIN1_CLKOUT0)
                                                      0.088     2.803 r  hw_mig.u_mmcm/CLKOUT0
                         net (fo=2, routed)           0.990     3.793    hw_mig.u_mig/u_mig_7series_0_mig/u_ddr2_infrastructure/lopt
    PLLE2_ADV_X1Y1       PLLE2_ADV (Prop_plle2_adv_CLKIN1_CLKOUT1)
                                                      0.088     3.881 r  hw_mig.u_mig/u_mig_7series_0_mig/u_ddr2_infrastructure/plle2_i/CLKOUT1
                         net (fo=7, routed)           0.621     4.502    hw_mig.u_mig/u_mig_7series_0_mig/u_memc_ui_top_std/mem_intfc0/ddr_phy_top0/u_ddr_mc_phy_wrapper/u_ddr_mc_phy/ddr_phy_4lanes_0.u_ddr_phy_4lanes/mem_refclk
    PHY_CONTROL_X1Y1     PHY_CONTROL                                  r  hw_mig.u_mig/u_mig_7series_0_mig/u_memc_ui_top_std/mem_intfc0/ddr_phy_top0/u_ddr_mc_phy_wrapper/u_ddr_mc_phy/ddr_phy_4lanes_0.u_ddr_phy_4lanes/phy_control_i/MEMREFCLK
  -------------------------------------------------------------------    -------------------
    PHY_CONTROL_X1Y1     PHY_CONTROL (Prop_phy_control_MEMREFCLK_PHYCTLEMPTY)
                                                      0.622     5.124 r  hw_mig.u_mig/u_mig_7series_0_mig/u_memc_ui_top_std/mem_intfc0/ddr_phy_top0/u_ddr_mc_phy_wrapper/u_ddr_mc_phy/ddr_phy_4lanes_0.u_ddr_phy_4lanes/phy_control_i/PHYCTLEMPTY
                         net (fo=1, routed)           0.471     5.595    hw_mig.u_mig/u_mig_7series_0_mig/u_memc_ui_top_std/mem_intfc0/ddr_phy_top0/u_ddr_mc_phy_wrapper/u_ddr_mc_phy/ddr_phy_4lanes_0.u_ddr_phy_4lanes/phy_control_i_n_1
    PHY_CONTROL_X1Y1     PHY_CONTROL                                  r  hw_mig.u_mig/u_mig_7series_0_mig/u_memc_ui_top_std/mem_intfc0/ddr_phy_top0/u_ddr_mc_phy_wrapper/u_ddr_mc_phy/ddr_phy_4lanes_0.u_ddr_phy_4lanes/phy_control_i/PHYCTLMSTREMPTY
  -------------------------------------------------------------------    -------------------

                         (clock mem_refclk rise edge)
                                                      3.077     3.077 r  
    E3                                                0.000     3.077 r  sys_clk (IN)
                         net (fo=0)                   0.000     3.077    sys_clk
    E3                   IBUF (Prop_ibuf_I_O)         1.411     4.488 r  hw_mig.u_ibuf_sysclk/O
                         net (fo=2, routed)           1.162     5.650    hw_mig.sys_clk_ibuf
    MMCME2_ADV_X1Y2      MMCME2_ADV (Prop_mmcme2_adv_CLKIN1_CLKOUT0)
                                                      0.083     5.733 r  hw_mig.u_mmcm/CLKOUT0
                         net (fo=2, routed)           0.941     6.674    hw_mig.u_mig/u_mig_7series_0_mig/u_ddr2_infrastructure/lopt
    PLLE2_ADV_X1Y1       PLLE2_ADV (Prop_plle2_adv_CLKIN1_CLKOUT1)
                                                      0.083     6.757 r  hw_mig.u_mig/u_mig_7series_0_mig/u_ddr2_infrastructure/plle2_i/CLKOUT1
                         net (fo=7, routed)           0.589     7.346    hw_mig.u_mig/u_mig_7series_0_mig/u_memc_ui_top_std/mem_intfc0/ddr_phy_top0/u_ddr_mc_phy_wrapper/u_ddr_mc_phy/ddr_phy_4lanes_0.u_ddr_phy_4lanes/mem_refclk
    PHY_CONTROL_X1Y1     PHY_CONTROL                                  r  hw_mig.u_mig/u_mig_7series_0_mig/u_memc_ui_top_std/mem_intfc0/ddr_phy_top0/u_ddr_mc_phy_wrapper/u_ddr_mc_phy/ddr_phy_4lanes_0.u_ddr_phy_4lanes/phy_control_i/MEMREFCLK
                         clock pessimism              0.233     7.579    
                         clock uncertainty           -0.057     7.522    
    PHY_CONTROL_X1Y1     PHY_CONTROL (Setup_phy_control_MEMREFCLK_PHYCTLMSTREMPTY)
                                                     -0.011     7.511    hw_mig.u_mig/u_mig_7series_0_mig/u_memc_ui_top_std/mem_intfc0/ddr_phy_top0/u_ddr_mc_phy_wrapper/u_ddr_mc_phy/ddr_phy_4lanes_0.u_ddr_phy_4lanes/phy_control_i
  -------------------------------------------------------------------
                         required time                          7.511    
                         arrival time                          -5.595    
  -------------------------------------------------------------------
                         slack                                  1.916    





Min Delay Paths
--------------------------------------------------------------------------------------
Slack (MET) :             0.336ns  (arrival time - required time)
  Source:                 hw_mig.u_mig/u_mig_7series_0_mig/u_memc_ui_top_std/mem_intfc0/ddr_phy_top0/u_ddr_mc_phy_wrapper/u_ddr_mc_phy/ddr_phy_4lanes_0.u_ddr_phy_4lanes/phy_control_i/MEMREFCLK
                            (rising edge-triggered cell PHY_CONTROL clocked by mem_refclk  {rise@0.000ns fall@1.538ns period=3.077ns})
  Destination:            hw_mig.u_mig/u_mig_7series_0_mig/u_memc_ui_top_std/mem_intfc0/ddr_phy_top0/u_ddr_mc_phy_wrapper/u_ddr_mc_phy/ddr_phy_4lanes_0.u_ddr_phy_4lanes/phy_control_i/PHYCTLMSTREMPTY
                            (rising edge-triggered cell PHY_CONTROL clocked by mem_refclk  {rise@0.000ns fall@1.538ns period=3.077ns})
  Path Group:             mem_refclk
  Path Type:              Hold (Min at Fast Process Corner)
  Requirement:            0.000ns  (mem_refclk rise@0.000ns - mem_refclk rise@0.000ns)
  Data Path Delay:        0.459ns  (logic 0.313ns (68.192%)  route 0.146ns (31.808%))
  Logic Levels:           0  
  Clock Path Skew:        0.000ns (DCD - SCD - CPR)
    Destination Clock Delay (DCD):    1.587ns
    Source Clock Delay      (SCD):    1.302ns
    Clock Pessimism Removal (CPR):    0.285ns

    Location             Delay type                Incr(ns)  Path(ns)    Netlist Resource(s)
  -------------------------------------------------------------------    -------------------
                         (clock mem_refclk rise edge)
                                                      0.000     0.000 r  
    E3                                                0.000     0.000 r  sys_clk (IN)
                         net (fo=0)                   0.000     0.000    sys_clk
    E3                   IBUF (Prop_ibuf_I_O)         0.250     0.250 r  hw_mig.u_ibuf_sysclk/O
                         net (fo=2, routed)           0.440     0.690    hw_mig.sys_clk_ibuf
    MMCME2_ADV_X1Y2      MMCME2_ADV (Prop_mmcme2_adv_CLKIN1_CLKOUT0)
                                                      0.050     0.740 r  hw_mig.u_mmcm/CLKOUT0
                         net (fo=2, routed)           0.317     1.057    hw_mig.u_mig/u_mig_7series_0_mig/u_ddr2_infrastructure/lopt
    PLLE2_ADV_X1Y1       PLLE2_ADV (Prop_plle2_adv_CLKIN1_CLKOUT1)
                                                      0.050     1.107 r  hw_mig.u_mig/u_mig_7series_0_mig/u_ddr2_infrastructure/plle2_i/CLKOUT1
                         net (fo=7, routed)           0.195     1.302    hw_mig.u_mig/u_mig_7series_0_mig/u_memc_ui_top_std/mem_intfc0/ddr_phy_top0/u_ddr_mc_phy_wrapper/u_ddr_mc_phy/ddr_phy_4lanes_0.u_ddr_phy_4lanes/mem_refclk
    PHY_CONTROL_X1Y1     PHY_CONTROL                                  r  hw_mig.u_mig/u_mig_7series_0_mig/u_memc_ui_top_std/mem_intfc0/ddr_phy_top0/u_ddr_mc_phy_wrapper/u_ddr_mc_phy/ddr_phy_4lanes_0.u_ddr_phy_4lanes/phy_control_i/MEMREFCLK
  -------------------------------------------------------------------    -------------------
    PHY_CONTROL_X1Y1     PHY_CONTROL (Prop_phy_control_MEMREFCLK_PHYCTLEMPTY)
                                                      0.313     1.615 r  hw_mig.u_mig/u_mig_7series_0_mig/u_memc_ui_top_std/mem_intfc0/ddr_phy_top0/u_ddr_mc_phy_wrapper/u_ddr_mc_phy/ddr_phy_4lanes_0.u_ddr_phy_4lanes/phy_control_i/PHYCTLEMPTY
                         net (fo=1, routed)           0.146     1.761    hw_mig.u_mig/u_mig_7series_0_mig/u_memc_ui_top_std/mem_intfc0/ddr_phy_top0/u_ddr_mc_phy_wrapper/u_ddr_mc_phy/ddr_phy_4lanes_0.u_ddr_phy_4lanes/phy_control_i_n_1
    PHY_CONTROL_X1Y1     PHY_CONTROL                                  r  hw_mig.u_mig/u_mig_7series_0_mig/u_memc_ui_top_std/mem_intfc0/ddr_phy_top0/u_ddr_mc_phy_wrapper/u_ddr_mc_phy/ddr_phy_4lanes_0.u_ddr_phy_4lanes/phy_control_i/PHYCTLMSTREMPTY
  -------------------------------------------------------------------    -------------------

                         (clock mem_refclk rise edge)
                                                      0.000     0.000 r  
    E3                                                0.000     0.000 r  sys_clk (IN)
                         net (fo=0)                   0.000     0.000    sys_clk
    E3                   IBUF (Prop_ibuf_I_O)         0.438     0.438 r  hw_mig.u_ibuf_sysclk/O
                         net (fo=2, routed)           0.480     0.918    hw_mig.sys_clk_ibuf
    MMCME2_ADV_X1Y2      MMCME2_ADV (Prop_mmcme2_adv_CLKIN1_CLKOUT0)
                                                      0.053     0.971 r  hw_mig.u_mmcm/CLKOUT0
                         net (fo=2, routed)           0.348     1.319    hw_mig.u_mig/u_mig_7series_0_mig/u_ddr2_infrastructure/lopt
    PLLE2_ADV_X1Y1       PLLE2_ADV (Prop_plle2_adv_CLKIN1_CLKOUT1)
                                                      0.053     1.372 r  hw_mig.u_mig/u_mig_7series_0_mig/u_ddr2_infrastructure/plle2_i/CLKOUT1
                         net (fo=7, routed)           0.215     1.587    hw_mig.u_mig/u_mig_7series_0_mig/u_memc_ui_top_std/mem_intfc0/ddr_phy_top0/u_ddr_mc_phy_wrapper/u_ddr_mc_phy/ddr_phy_4lanes_0.u_ddr_phy_4lanes/mem_refclk
    PHY_CONTROL_X1Y1     PHY_CONTROL                                  r  hw_mig.u_mig/u_mig_7series_0_mig/u_memc_ui_top_std/mem_intfc0/ddr_phy_top0/u_ddr_mc_phy_wrapper/u_ddr_mc_phy/ddr_phy_4lanes_0.u_ddr_phy_4lanes/phy_control_i/MEMREFCLK
                         clock pessimism             -0.285     1.302    
    PHY_CONTROL_X1Y1     PHY_CONTROL (Hold_phy_control_MEMREFCLK_PHYCTLMSTREMPTY)
                                                      0.123     1.425    hw_mig.u_mig/u_mig_7series_0_mig/u_memc_ui_top_std/mem_intfc0/ddr_phy_top0/u_ddr_mc_phy_wrapper/u_ddr_mc_phy/ddr_phy_4lanes_0.u_ddr_phy_4lanes/phy_control_i
  -------------------------------------------------------------------
                         required time                         -1.425    
                         arrival time                           1.761    
  -------------------------------------------------------------------
                         slack                                  0.336    





Pulse Width Checks
--------------------------------------------------------------------------------------
Clock Name:         mem_refclk
Waveform(ns):       { 0.000 1.538 }
Period(ns):         3.077
Sources:            { hw_mig.u_mig/u_mig_7series_0_mig/u_ddr2_infrastructure/plle2_i/CLKOUT1 }

Check Type        Corner  Lib Pin                Reference Pin  Required(ns)  Actual(ns)  Slack(ns)  Location          Pin
Min Period        n/a     PHY_CONTROL/MEMREFCLK  n/a            1.475         3.077       1.602      PHY_CONTROL_X1Y1  hw_mig.u_mig/u_mig_7series_0_mig/u_memc_ui_top_std/mem_intfc0/ddr_phy_top0/u_ddr_mc_phy_wrapper/u_ddr_mc_phy/ddr_phy_4lanes_0.u_ddr_phy_4lanes/phy_control_i/MEMREFCLK
Max Period        n/a     PLLE2_ADV/CLKOUT1      n/a            160.000       3.077       156.923    PLLE2_ADV_X1Y1    hw_mig.u_mig/u_mig_7series_0_mig/u_ddr2_infrastructure/plle2_i/CLKOUT1
Low Pulse Width   Slow    PHY_CONTROL/MEMREFCLK  n/a            0.625         1.538       0.913      PHY_CONTROL_X1Y1  hw_mig.u_mig/u_mig_7series_0_mig/u_memc_ui_top_std/mem_intfc0/ddr_phy_top0/u_ddr_mc_phy_wrapper/u_ddr_mc_phy/ddr_phy_4lanes_0.u_ddr_phy_4lanes/phy_control_i/MEMREFCLK
High Pulse Width  Slow    PHY_CONTROL/MEMREFCLK  n/a            0.625         1.538       0.913      PHY_CONTROL_X1Y1  hw_mig.u_mig/u_mig_7series_0_mig/u_memc_ui_top_std/mem_intfc0/ddr_phy_top0/u_ddr_mc_phy_wrapper/u_ddr_mc_phy/ddr_phy_4lanes_0.u_ddr_phy_4lanes/phy_control_i/MEMREFCLK



---------------------------------------------------------------------------------------------------
From Clock:  oserdes_clk
  To Clock:  oserdes_clk

Setup :            0  Failing Endpoints,  Worst Slack        1.505ns,  Total Violation        0.000ns
Hold  :            0  Failing Endpoints,  Worst Slack        0.411ns,  Total Violation        0.000ns
PW    :            0  Failing Endpoints,  Worst Slack        1.410ns,  Total Violation        0.000ns
---------------------------------------------------------------------------------------------------


Max Delay Paths
--------------------------------------------------------------------------------------
Slack (MET) :             1.505ns  (required time - arrival time)
  Source:                 hw_mig.u_mig/u_mig_7series_0_mig/u_memc_ui_top_std/mem_intfc0/ddr_phy_top0/u_ddr_mc_phy_wrapper/u_ddr_mc_phy/ddr_phy_4lanes_0.u_ddr_phy_4lanes/ddr_byte_lane_A.ddr_byte_lane_A/phaser_out/OCLKDELAYED
                            (rising edge-triggered cell PHASER_OUT_PHY clocked by oserdes_clk  {rise@0.000ns fall@1.538ns period=3.077ns})
  Destination:            hw_mig.u_mig/u_mig_7series_0_mig/u_memc_ui_top_std/mem_intfc0/ddr_phy_top0/u_ddr_mc_phy_wrapper/u_ddr_mc_phy/ddr_phy_4lanes_0.u_ddr_phy_4lanes/ddr_byte_lane_A.ddr_byte_lane_A/ddr_byte_group_io/dqs_gen.oddr_dqsts/D1
                            (rising edge-triggered cell ODDR clocked by oserdes_clk  {rise@0.000ns fall@1.538ns period=3.077ns})
  Path Group:             oserdes_clk
  Path Type:              Setup (Max at Slow Process Corner)
  Requirement:            3.077ns  (oserdes_clk rise@3.077ns - oserdes_clk rise@0.000ns)
  Data Path Delay:        1.037ns  (logic 0.562ns (54.177%)  route 0.475ns (45.823%))
  Logic Levels:           0  
  Clock Path Skew:        0.407ns (DCD - SCD + CPR)
    Destination Clock Delay (DCD):    7.839ns = ( 10.916 - 3.077 ) 
    Source Clock Delay      (SCD):    7.775ns
    Clock Pessimism Removal (CPR):    0.343ns
  Clock Uncertainty:      0.057ns  ((TSJ^2 + DJ^2)^1/2) / 2 + PE
    Total System Jitter     (TSJ):    0.071ns
    Discrete Jitter          (DJ):    0.089ns
    Phase Error              (PE):    0.000ns

    Location             Delay type                Incr(ns)  Path(ns)    Netlist Resource(s)
  -------------------------------------------------------------------    -------------------
                         (clock oserdes_clk rise edge)
                                                      0.000     0.000 r  
    E3                                                0.000     0.000 r  sys_clk (IN)
                         net (fo=0)                   0.000     0.000    sys_clk
    E3                   IBUF (Prop_ibuf_I_O)         1.482     1.482 r  hw_mig.u_ibuf_sysclk/O
                         net (fo=2, routed)           1.233     2.715    hw_mig.sys_clk_ibuf
    MMCME2_ADV_X1Y2      MMCME2_ADV (Prop_mmcme2_adv_CLKIN1_CLKOUT0)
                                                      0.088     2.803 r  hw_mig.u_mmcm/CLKOUT0
                         net (fo=2, routed)           0.990     3.793    hw_mig.u_mig/u_mig_7series_0_mig/u_ddr2_infrastructure/lopt
    PLLE2_ADV_X1Y1       PLLE2_ADV (Prop_plle2_adv_CLKIN1_CLKOUT1)
                                                      0.088     3.881 r  hw_mig.u_mig/u_mig_7series_0_mig/u_ddr2_infrastructure/plle2_i/CLKOUT1
                         net (fo=7, routed)           0.614     4.495    hw_mig.u_mig/u_mig_7series_0_mig/u_memc_ui_top_std/mem_intfc0/ddr_phy_top0/u_ddr_mc_phy_wrapper/u_ddr_mc_phy/ddr_phy_4lanes_0.u_ddr_phy_4lanes/ddr_byte_lane_A.ddr_byte_lane_A/mem_refclk
    PHASER_OUT_PHY_X1Y4  PHASER_OUT_PHY (Prop_phaser_out_phy_MEMREFCLK_OCLK)
                                                      2.480     6.975 r  hw_mig.u_mig/u_mig_7series_0_mig/u_memc_ui_top_std/mem_intfc0/ddr_phy_top0/u_ddr_mc_phy_wrapper/u_ddr_mc_phy/ddr_phy_4lanes_0.u_ddr_phy_4lanes/ddr_byte_lane_A.ddr_byte_lane_A/phaser_out/OCLK
    PHASER_OUT_PHY_X1Y4  PHASER_OUT_PHY (Prop_phaser_out_phy_OCLK_OCLKDELAYED)
                                                      0.800     7.775 r  hw_mig.u_mig/u_mig_7series_0_mig/u_memc_ui_top_std/mem_intfc0/ddr_phy_top0/u_ddr_mc_phy_wrapper/u_ddr_mc_phy/ddr_phy_4lanes_0.u_ddr_phy_4lanes/ddr_byte_lane_A.ddr_byte_lane_A/phaser_out/OCLKDELAYED
  -------------------------------------------------------------------    -------------------
    PHASER_OUT_PHY_X1Y4  PHASER_OUT_PHY (Prop_phaser_out_phy_OCLKDELAYED_CTSBUS[0])
                                                      0.562     8.337 r  hw_mig.u_mig/u_mig_7series_0_mig/u_memc_ui_top_std/mem_intfc0/ddr_phy_top0/u_ddr_mc_phy_wrapper/u_ddr_mc_phy/ddr_phy_4lanes_0.u_ddr_phy_4lanes/ddr_byte_lane_A.ddr_byte_lane_A/phaser_out/CTSBUS[0]
                         net (fo=2, routed)           0.475     8.812    hw_mig.u_mig/u_mig_7series_0_mig/u_memc_ui_top_std/mem_intfc0/ddr_phy_top0/u_ddr_mc_phy_wrapper/u_ddr_mc_phy/ddr_phy_4lanes_0.u_ddr_phy_4lanes/ddr_byte_lane_A.ddr_byte_lane_A/ddr_byte_group_io/CTSBUS[0]
    OLOGIC_X1Y58         ODDR                                         r  hw_mig.u_mig/u_mig_7series_0_mig/u_memc_ui_top_std/mem_intfc0/ddr_phy_top0/u_ddr_mc_phy_wrapper/u_ddr_mc_phy/ddr_phy_4lanes_0.u_ddr_phy_4lanes/ddr_byte_lane_A.ddr_byte_lane_A/ddr_byte_group_io/dqs_gen.oddr_dqsts/D1
  -------------------------------------------------------------------    -------------------

                         (clock oserdes_clk rise edge)
                                                      3.077     3.077 r  
    E3                                                0.000     3.077 r  sys_clk (IN)
                         net (fo=0)                   0.000     3.077    sys_clk
    E3                   IBUF (Prop_ibuf_I_O)         1.411     4.488 r  hw_mig.u_ibuf_sysclk/O
                         net (fo=2, routed)           1.162     5.650    hw_mig.sys_clk_ibuf
    MMCME2_ADV_X1Y2      MMCME2_ADV (Prop_mmcme2_adv_CLKIN1_CLKOUT0)
                                                      0.083     5.733 r  hw_mig.u_mmcm/CLKOUT0
                         net (fo=2, routed)           0.941     6.674    hw_mig.u_mig/u_mig_7series_0_mig/u_ddr2_infrastructure/lopt
    PLLE2_ADV_X1Y1       PLLE2_ADV (Prop_plle2_adv_CLKIN1_CLKOUT1)
                                                      0.083     6.757 r  hw_mig.u_mig/u_mig_7series_0_mig/u_ddr2_infrastructure/plle2_i/CLKOUT1
                         net (fo=7, routed)           0.582     7.339    hw_mig.u_mig/u_mig_7series_0_mig/u_memc_ui_top_std/mem_intfc0/ddr_phy_top0/u_ddr_mc_phy_wrapper/u_ddr_mc_phy/ddr_phy_4lanes_0.u_ddr_phy_4lanes/ddr_byte_lane_A.ddr_byte_lane_A/mem_refclk
    PHASER_OUT_PHY_X1Y4  PHASER_OUT_PHY (Prop_phaser_out_phy_MEMREFCLK_OCLK)
                                                      2.416     9.755 r  hw_mig.u_mig/u_mig_7series_0_mig/u_memc_ui_top_std/mem_intfc0/ddr_phy_top0/u_ddr_mc_phy_wrapper/u_ddr_mc_phy/ddr_phy_4lanes_0.u_ddr_phy_4lanes/ddr_byte_lane_A.ddr_byte_lane_A/phaser_out/OCLK
    PHASER_OUT_PHY_X1Y4  PHASER_OUT_PHY (Prop_phaser_out_phy_OCLK_OCLKDELAYED)
                                                      0.754    10.509 r  hw_mig.u_mig/u_mig_7series_0_mig/u_memc_ui_top_std/mem_intfc0/ddr_phy_top0/u_ddr_mc_phy_wrapper/u_ddr_mc_phy/ddr_phy_4lanes_0.u_ddr_phy_4lanes/ddr_byte_lane_A.ddr_byte_lane_A/phaser_out/OCLKDELAYED
                         net (fo=2, routed)           0.407    10.916    hw_mig.u_mig/u_mig_7series_0_mig/u_memc_ui_top_std/mem_intfc0/ddr_phy_top0/u_ddr_mc_phy_wrapper/u_ddr_mc_phy/ddr_phy_4lanes_0.u_ddr_phy_4lanes/ddr_byte_lane_A.ddr_byte_lane_A/ddr_byte_group_io/oserdes_clk_delayed
    OLOGIC_X1Y58         ODDR                                         r  hw_mig.u_mig/u_mig_7series_0_mig/u_memc_ui_top_std/mem_intfc0/ddr_phy_top0/u_ddr_mc_phy_wrapper/u_ddr_mc_phy/ddr_phy_4lanes_0.u_ddr_phy_4lanes/ddr_byte_lane_A.ddr_byte_lane_A/ddr_byte_group_io/dqs_gen.oddr_dqsts/C
                         clock pessimism              0.343    11.259    
                         clock uncertainty           -0.057    11.202    
    OLOGIC_X1Y58         ODDR (Setup_oddr_C_D1)      -0.885    10.317    hw_mig.u_mig/u_mig_7series_0_mig/u_memc_ui_top_std/mem_intfc0/ddr_phy_top0/u_ddr_mc_phy_wrapper/u_ddr_mc_phy/ddr_phy_4lanes_0.u_ddr_phy_4lanes/ddr_byte_lane_A.ddr_byte_lane_A/ddr_byte_group_io/dqs_gen.oddr_dqsts
  -------------------------------------------------------------------
                         required time                         10.317    
                         arrival time                          -8.812    
  -------------------------------------------------------------------
                         slack                                  1.505    





Min Delay Paths
--------------------------------------------------------------------------------------
Slack (MET) :             0.411ns  (arrival time - required time)
  Source:                 hw_mig.u_mig/u_mig_7series_0_mig/u_memc_ui_top_std/mem_intfc0/ddr_phy_top0/u_ddr_mc_phy_wrapper/u_ddr_mc_phy/ddr_phy_4lanes_0.u_ddr_phy_4lanes/ddr_byte_lane_A.ddr_byte_lane_A/phaser_out/OCLKDELAYED
                            (rising edge-triggered cell PHASER_OUT_PHY clocked by oserdes_clk  {rise@0.000ns fall@1.538ns period=3.077ns})
  Destination:            hw_mig.u_mig/u_mig_7series_0_mig/u_memc_ui_top_std/mem_intfc0/ddr_phy_top0/u_ddr_mc_phy_wrapper/u_ddr_mc_phy/ddr_phy_4lanes_0.u_ddr_phy_4lanes/ddr_byte_lane_A.ddr_byte_lane_A/ddr_byte_group_io/dqs_gen.oddr_dqs/D2
                            (rising edge-triggered cell ODDR clocked by oserdes_clk  {rise@0.000ns fall@1.538ns period=3.077ns})
  Path Group:             oserdes_clk
  Path Type:              Hold (Min at Fast Process Corner)
  Requirement:            0.000ns  (oserdes_clk rise@0.000ns - oserdes_clk rise@0.000ns)
  Data Path Delay:        0.496ns  (logic 0.346ns (69.715%)  route 0.150ns (30.285%))
  Logic Levels:           0  
  Clock Path Skew:        0.178ns (DCD - SCD - CPR)
    Destination Clock Delay (DCD):    4.637ns
    Source Clock Delay      (SCD):    4.083ns
    Clock Pessimism Removal (CPR):    0.375ns

    Location             Delay type                Incr(ns)  Path(ns)    Netlist Resource(s)
  -------------------------------------------------------------------    -------------------
                         (clock oserdes_clk rise edge)
                                                      0.000     0.000 r  
    E3                                                0.000     0.000 r  sys_clk (IN)
                         net (fo=0)                   0.000     0.000    sys_clk
    E3                   IBUF (Prop_ibuf_I_O)         0.250     0.250 r  hw_mig.u_ibuf_sysclk/O
                         net (fo=2, routed)           0.440     0.690    hw_mig.sys_clk_ibuf
    MMCME2_ADV_X1Y2      MMCME2_ADV (Prop_mmcme2_adv_CLKIN1_CLKOUT0)
                                                      0.050     0.740 r  hw_mig.u_mmcm/CLKOUT0
                         net (fo=2, routed)           0.317     1.057    hw_mig.u_mig/u_mig_7series_0_mig/u_ddr2_infrastructure/lopt
    PLLE2_ADV_X1Y1       PLLE2_ADV (Prop_plle2_adv_CLKIN1_CLKOUT1)
                                                      0.050     1.107 r  hw_mig.u_mig/u_mig_7series_0_mig/u_ddr2_infrastructure/plle2_i/CLKOUT1
                         net (fo=7, routed)           0.197     1.304    hw_mig.u_mig/u_mig_7series_0_mig/u_memc_ui_top_std/mem_intfc0/ddr_phy_top0/u_ddr_mc_phy_wrapper/u_ddr_mc_phy/ddr_phy_4lanes_0.u_ddr_phy_4lanes/ddr_byte_lane_A.ddr_byte_lane_A/mem_refclk
    PHASER_OUT_PHY_X1Y4  PHASER_OUT_PHY (Prop_phaser_out_phy_MEMREFCLK_OCLK)
                                                      2.135     3.439 r  hw_mig.u_mig/u_mig_7series_0_mig/u_memc_ui_top_std/mem_intfc0/ddr_phy_top0/u_ddr_mc_phy_wrapper/u_ddr_mc_phy/ddr_phy_4lanes_0.u_ddr_phy_4lanes/ddr_byte_lane_A.ddr_byte_lane_A/phaser_out/OCLK
    PHASER_OUT_PHY_X1Y4  PHASER_OUT_PHY (Prop_phaser_out_phy_OCLK_OCLKDELAYED)
                                                      0.645     4.083 r  hw_mig.u_mig/u_mig_7series_0_mig/u_memc_ui_top_std/mem_intfc0/ddr_phy_top0/u_ddr_mc_phy_wrapper/u_ddr_mc_phy/ddr_phy_4lanes_0.u_ddr_phy_4lanes/ddr_byte_lane_A.ddr_byte_lane_A/phaser_out/OCLKDELAYED
  -------------------------------------------------------------------    -------------------
    PHASER_OUT_PHY_X1Y4  PHASER_OUT_PHY (Prop_phaser_out_phy_OCLKDELAYED_DQSBUS[1])
                                                      0.346     4.429 r  hw_mig.u_mig/u_mig_7series_0_mig/u_memc_ui_top_std/mem_intfc0/ddr_phy_top0/u_ddr_mc_phy_wrapper/u_ddr_mc_phy/ddr_phy_4lanes_0.u_ddr_phy_4lanes/ddr_byte_lane_A.ddr_byte_lane_A/phaser_out/DQSBUS[1]
                         net (fo=1, routed)           0.150     4.580    hw_mig.u_mig/u_mig_7series_0_mig/u_memc_ui_top_std/mem_intfc0/ddr_phy_top0/u_ddr_mc_phy_wrapper/u_ddr_mc_phy/ddr_phy_4lanes_0.u_ddr_phy_4lanes/ddr_byte_lane_A.ddr_byte_lane_A/ddr_byte_group_io/DQSBUS[1]
    OLOGIC_X1Y58         ODDR                                         r  hw_mig.u_mig/u_mig_7series_0_mig/u_memc_ui_top_std/mem_intfc0/ddr_phy_top0/u_ddr_mc_phy_wrapper/u_ddr_mc_phy/ddr_phy_4lanes_0.u_ddr_phy_4lanes/ddr_byte_lane_A.ddr_byte_lane_A/ddr_byte_group_io/dqs_gen.oddr_dqs/D2
  -------------------------------------------------------------------    -------------------

                         (clock oserdes_clk rise edge)
                                                      0.000     0.000 r  
    E3                                                0.000     0.000 r  sys_clk (IN)
                         net (fo=0)                   0.000     0.000    sys_clk
    E3                   IBUF (Prop_ibuf_I_O)         0.438     0.438 r  hw_mig.u_ibuf_sysclk/O
                         net (fo=2, routed)           0.480     0.918    hw_mig.sys_clk_ibuf
    MMCME2_ADV_X1Y2      MMCME2_ADV (Prop_mmcme2_adv_CLKIN1_CLKOUT0)
                                                      0.053     0.971 r  hw_mig.u_mmcm/CLKOUT0
                         net (fo=2, routed)           0.348     1.319    hw_mig.u_mig/u_mig_7series_0_mig/u_ddr2_infrastructure/lopt
    PLLE2_ADV_X1Y1       PLLE2_ADV (Prop_plle2_adv_CLKIN1_CLKOUT1)
                                                      0.053     1.372 r  hw_mig.u_mig/u_mig_7series_0_mig/u_ddr2_infrastructure/plle2_i/CLKOUT1
                         net (fo=7, routed)           0.218     1.590    hw_mig.u_mig/u_mig_7series_0_mig/u_memc_ui_top_std/mem_intfc0/ddr_phy_top0/u_ddr_mc_phy_wrapper/u_ddr_mc_phy/ddr_phy_4lanes_0.u_ddr_phy_4lanes/ddr_byte_lane_A.ddr_byte_lane_A/mem_refclk
    PHASER_OUT_PHY_X1Y4  PHASER_OUT_PHY (Prop_phaser_out_phy_MEMREFCLK_OCLK)
                                                      2.184     3.774 r  hw_mig.u_mig/u_mig_7series_0_mig/u_memc_ui_top_std/mem_intfc0/ddr_phy_top0/u_ddr_mc_phy_wrapper/u_ddr_mc_phy/ddr_phy_4lanes_0.u_ddr_phy_4lanes/ddr_byte_lane_A.ddr_byte_lane_A/phaser_out/OCLK
    PHASER_OUT_PHY_X1Y4  PHASER_OUT_PHY (Prop_phaser_out_phy_OCLK_OCLKDELAYED)
                                                      0.685     4.459 r  hw_mig.u_mig/u_mig_7series_0_mig/u_memc_ui_top_std/mem_intfc0/ddr_phy_top0/u_ddr_mc_phy_wrapper/u_ddr_mc_phy/ddr_phy_4lanes_0.u_ddr_phy_4lanes/ddr_byte_lane_A.ddr_byte_lane_A/phaser_out/OCLKDELAYED
                         net (fo=2, routed)           0.178     4.637    hw_mig.u_mig/u_mig_7series_0_mig/u_memc_ui_top_std/mem_intfc0/ddr_phy_top0/u_ddr_mc_phy_wrapper/u_ddr_mc_phy/ddr_phy_4lanes_0.u_ddr_phy_4lanes/ddr_byte_lane_A.ddr_byte_lane_A/ddr_byte_group_io/oserdes_clk_delayed
    OLOGIC_X1Y58         ODDR                                         r  hw_mig.u_mig/u_mig_7series_0_mig/u_memc_ui_top_std/mem_intfc0/ddr_phy_top0/u_ddr_mc_phy_wrapper/u_ddr_mc_phy/ddr_phy_4lanes_0.u_ddr_phy_4lanes/ddr_byte_lane_A.ddr_byte_lane_A/ddr_byte_group_io/dqs_gen.oddr_dqs/C
                         clock pessimism             -0.375     4.261    
    OLOGIC_X1Y58         ODDR (Hold_oddr_C_D2)       -0.093     4.168    hw_mig.u_mig/u_mig_7series_0_mig/u_memc_ui_top_std/mem_intfc0/ddr_phy_top0/u_ddr_mc_phy_wrapper/u_ddr_mc_phy/ddr_phy_4lanes_0.u_ddr_phy_4lanes/ddr_byte_lane_A.ddr_byte_lane_A/ddr_byte_group_io/dqs_gen.oddr_dqs
  -------------------------------------------------------------------
                         required time                         -4.168    
                         arrival time                           4.580    
  -------------------------------------------------------------------
                         slack                                  0.411    





Pulse Width Checks
--------------------------------------------------------------------------------------
Clock Name:         oserdes_clk
Waveform(ns):       { 0.000 1.538 }
Period(ns):         3.077
Sources:            { hw_mig.u_mig/u_mig_7series_0_mig/u_memc_ui_top_std/mem_intfc0/ddr_phy_top0/u_ddr_mc_phy_wrapper/u_ddr_mc_phy/ddr_phy_4lanes_0.u_ddr_phy_4lanes/ddr_byte_lane_A.ddr_byte_lane_A/phaser_out/OCLK }

Check Type  Corner  Lib Pin        Reference Pin  Required(ns)  Actual(ns)  Slack(ns)  Location      Pin
Min Period  n/a     OSERDESE2/CLK  n/a            1.667         3.077       1.410      OLOGIC_X1Y52  hw_mig.u_mig/u_mig_7series_0_mig/u_memc_ui_top_std/mem_intfc0/ddr_phy_top0/u_ddr_mc_phy_wrapper/u_ddr_mc_phy/ddr_phy_4lanes_0.u_ddr_phy_4lanes/ddr_byte_lane_A.ddr_byte_lane_A/ddr_byte_group_io/output_[1].oserdes_dq_.ddr.oserdes_dq_i/CLK



---------------------------------------------------------------------------------------------------
From Clock:  oserdes_clkdiv
  To Clock:  oserdes_clkdiv

Setup :            0  Failing Endpoints,  Worst Slack        4.738ns,  Total Violation        0.000ns
Hold  :            0  Failing Endpoints,  Worst Slack        0.090ns,  Total Violation        0.000ns
PW    :            0  Failing Endpoints,  Worst Slack        0.927ns,  Total Violation        0.000ns
---------------------------------------------------------------------------------------------------


Max Delay Paths
--------------------------------------------------------------------------------------
Slack (MET) :             4.738ns  (required time - arrival time)
  Source:                 hw_mig.u_mig/u_mig_7series_0_mig/u_memc_ui_top_std/mem_intfc0/ddr_phy_top0/u_ddr_mc_phy_wrapper/u_ddr_mc_phy/ddr_phy_4lanes_0.u_ddr_phy_4lanes/ddr_byte_lane_A.ddr_byte_lane_A/out_fifo/RDCLK
                            (rising edge-triggered cell OUT_FIFO clocked by oserdes_clkdiv  {rise@0.000ns fall@3.077ns period=6.154ns})
  Destination:            hw_mig.u_mig/u_mig_7series_0_mig/u_memc_ui_top_std/mem_intfc0/ddr_phy_top0/u_ddr_mc_phy_wrapper/u_ddr_mc_phy/ddr_phy_4lanes_0.u_ddr_phy_4lanes/ddr_byte_lane_A.ddr_byte_lane_A/ddr_byte_group_io/output_[6].oserdes_dq_.ddr.oserdes_dq_i/D1
                            (rising edge-triggered cell OSERDESE2 clocked by oserdes_clkdiv  {rise@0.000ns fall@3.077ns period=6.154ns})
  Path Group:             oserdes_clkdiv
  Path Type:              Setup (Max at Slow Process Corner)
  Requirement:            6.154ns  (oserdes_clkdiv rise@6.154ns - oserdes_clkdiv rise@0.000ns)
  Data Path Delay:        1.142ns  (logic 0.674ns (59.003%)  route 0.468ns (40.996%))
  Logic Levels:           0  
  Clock Path Skew:        0.408ns (DCD - SCD + CPR)
    Destination Clock Delay (DCD):    7.234ns = ( 13.388 - 6.154 ) 
    Source Clock Delay      (SCD):    7.132ns
    Clock Pessimism Removal (CPR):    0.306ns
  Clock Uncertainty:      0.057ns  ((TSJ^2 + DJ^2)^1/2) / 2 + PE
    Total System Jitter     (TSJ):    0.071ns
    Discrete Jitter          (DJ):    0.089ns
    Phase Error              (PE):    0.000ns

    Location             Delay type                Incr(ns)  Path(ns)    Netlist Resource(s)
  -------------------------------------------------------------------    -------------------
                         (clock oserdes_clkdiv rise edge)
                                                      0.000     0.000 r  
    E3                                                0.000     0.000 r  sys_clk (IN)
                         net (fo=0)                   0.000     0.000    sys_clk
    E3                   IBUF (Prop_ibuf_I_O)         1.482     1.482 r  hw_mig.u_ibuf_sysclk/O
                         net (fo=2, routed)           1.233     2.715    hw_mig.sys_clk_ibuf
    MMCME2_ADV_X1Y2      MMCME2_ADV (Prop_mmcme2_adv_CLKIN1_CLKOUT0)
                                                      0.088     2.803 r  hw_mig.u_mmcm/CLKOUT0
                         net (fo=2, routed)           0.990     3.793    hw_mig.u_mig/u_mig_7series_0_mig/u_ddr2_infrastructure/lopt
    PLLE2_ADV_X1Y1       PLLE2_ADV (Prop_plle2_adv_CLKIN1_CLKOUT1)
                                                      0.088     3.881 r  hw_mig.u_mig/u_mig_7series_0_mig/u_ddr2_infrastructure/plle2_i/CLKOUT1
                         net (fo=7, routed)           0.614     4.495    hw_mig.u_mig/u_mig_7series_0_mig/u_memc_ui_top_std/mem_intfc0/ddr_phy_top0/u_ddr_mc_phy_wrapper/u_ddr_mc_phy/ddr_phy_4lanes_0.u_ddr_phy_4lanes/ddr_byte_lane_A.ddr_byte_lane_A/mem_refclk
    PHASER_OUT_PHY_X1Y4  PHASER_OUT_PHY (Prop_phaser_out_phy_MEMREFCLK_OCLK)
                                                      2.480     6.975 r  hw_mig.u_mig/u_mig_7series_0_mig/u_memc_ui_top_std/mem_intfc0/ddr_phy_top0/u_ddr_mc_phy_wrapper/u_ddr_mc_phy/ddr_phy_4lanes_0.u_ddr_phy_4lanes/ddr_byte_lane_A.ddr_byte_lane_A/phaser_out/OCLK
    PHASER_OUT_PHY_X1Y4  PHASER_OUT_PHY (Prop_phaser_out_phy_OCLK_OCLKDIV)
                                                      0.157     7.132 r  hw_mig.u_mig/u_mig_7series_0_mig/u_memc_ui_top_std/mem_intfc0/ddr_phy_top0/u_ddr_mc_phy_wrapper/u_ddr_mc_phy/ddr_phy_4lanes_0.u_ddr_phy_4lanes/ddr_byte_lane_A.ddr_byte_lane_A/phaser_out/OCLKDIV
                         net (fo=11, routed)          0.000     7.132    hw_mig.u_mig/u_mig_7series_0_mig/u_memc_ui_top_std/mem_intfc0/ddr_phy_top0/u_ddr_mc_phy_wrapper/u_ddr_mc_phy/ddr_phy_4lanes_0.u_ddr_phy_4lanes/ddr_byte_lane_A.ddr_byte_lane_A/oserdes_clkdiv
    OUT_FIFO_X1Y4        OUT_FIFO                                     r  hw_mig.u_mig/u_mig_7series_0_mig/u_memc_ui_top_std/mem_intfc0/ddr_phy_top0/u_ddr_mc_phy_wrapper/u_ddr_mc_phy/ddr_phy_4lanes_0.u_ddr_phy_4lanes/ddr_byte_lane_A.ddr_byte_lane_A/out_fifo/RDCLK
  -------------------------------------------------------------------    -------------------
    OUT_FIFO_X1Y4        OUT_FIFO (Prop_out_fifo_RDCLK_Q6[0])
                                                      0.674     7.806 r  hw_mig.u_mig/u_mig_7series_0_mig/u_memc_ui_top_std/mem_intfc0/ddr_phy_top0/u_ddr_mc_phy_wrapper/u_ddr_mc_phy/ddr_phy_4lanes_0.u_ddr_phy_4lanes/ddr_byte_lane_A.ddr_byte_lane_A/out_fifo/Q6[0]
                         net (fo=1, routed)           0.468     8.274    hw_mig.u_mig/u_mig_7series_0_mig/u_memc_ui_top_std/mem_intfc0/ddr_phy_top0/u_ddr_mc_phy_wrapper/u_ddr_mc_phy/ddr_phy_4lanes_0.u_ddr_phy_4lanes/ddr_byte_lane_A.ddr_byte_lane_A/ddr_byte_group_io/of_dqbus[20]
    OLOGIC_X1Y59         OSERDESE2                                    r  hw_mig.u_mig/u_mig_7series_0_mig/u_memc_ui_top_std/mem_intfc0/ddr_phy_top0/u_ddr_mc_phy_wrapper/u_ddr_mc_phy/ddr_phy_4lanes_0.u_ddr_phy_4lanes/ddr_byte_lane_A.ddr_byte_lane_A/ddr_byte_group_io/output_[6].oserdes_dq_.ddr.oserdes_dq_i/D1
  -------------------------------------------------------------------    -------------------

                         (clock oserdes_clkdiv rise edge)
                                                      6.154     6.154 r  
    E3                                                0.000     6.154 r  sys_clk (IN)
                         net (fo=0)                   0.000     6.154    sys_clk
    E3                   IBUF (Prop_ibuf_I_O)         1.411     7.565 r  hw_mig.u_ibuf_sysclk/O
                         net (fo=2, routed)           1.162     8.727    hw_mig.sys_clk_ibuf
    MMCME2_ADV_X1Y2      MMCME2_ADV (Prop_mmcme2_adv_CLKIN1_CLKOUT0)
                                                      0.083     8.810 r  hw_mig.u_mmcm/CLKOUT0
                         net (fo=2, routed)           0.941     9.751    hw_mig.u_mig/u_mig_7series_0_mig/u_ddr2_infrastructure/lopt
    PLLE2_ADV_X1Y1       PLLE2_ADV (Prop_plle2_adv_CLKIN1_CLKOUT1)
                                                      0.083     9.834 r  hw_mig.u_mig/u_mig_7series_0_mig/u_ddr2_infrastructure/plle2_i/CLKOUT1
                         net (fo=7, routed)           0.582    10.416    hw_mig.u_mig/u_mig_7series_0_mig/u_memc_ui_top_std/mem_intfc0/ddr_phy_top0/u_ddr_mc_phy_wrapper/u_ddr_mc_phy/ddr_phy_4lanes_0.u_ddr_phy_4lanes/ddr_byte_lane_A.ddr_byte_lane_A/mem_refclk
    PHASER_OUT_PHY_X1Y4  PHASER_OUT_PHY (Prop_phaser_out_phy_MEMREFCLK_OCLK)
                                                      2.416    12.832 r  hw_mig.u_mig/u_mig_7series_0_mig/u_memc_ui_top_std/mem_intfc0/ddr_phy_top0/u_ddr_mc_phy_wrapper/u_ddr_mc_phy/ddr_phy_4lanes_0.u_ddr_phy_4lanes/ddr_byte_lane_A.ddr_byte_lane_A/phaser_out/OCLK
    PHASER_OUT_PHY_X1Y4  PHASER_OUT_PHY (Prop_phaser_out_phy_OCLK_OCLKDIV)
                                                      0.148    12.980 r  hw_mig.u_mig/u_mig_7series_0_mig/u_memc_ui_top_std/mem_intfc0/ddr_phy_top0/u_ddr_mc_phy_wrapper/u_ddr_mc_phy/ddr_phy_4lanes_0.u_ddr_phy_4lanes/ddr_byte_lane_A.ddr_byte_lane_A/phaser_out/OCLKDIV
                         net (fo=11, routed)          0.408    13.388    hw_mig.u_mig/u_mig_7series_0_mig/u_memc_ui_top_std/mem_intfc0/ddr_phy_top0/u_ddr_mc_phy_wrapper/u_ddr_mc_phy/ddr_phy_4lanes_0.u_ddr_phy_4lanes/ddr_byte_lane_A.ddr_byte_lane_A/ddr_byte_group_io/oserdes_clkdiv
    OLOGIC_X1Y59         OSERDESE2                                    r  hw_mig.u_mig/u_mig_7series_0_mig/u_memc_ui_top_std/mem_intfc0/ddr_phy_top0/u_ddr_mc_phy_wrapper/u_ddr_mc_phy/ddr_phy_4lanes_0.u_ddr_phy_4lanes/ddr_byte_lane_A.ddr_byte_lane_A/ddr_byte_group_io/output_[6].oserdes_dq_.ddr.oserdes_dq_i/CLKDIV
                         clock pessimism              0.306    13.694    
                         clock uncertainty           -0.057    13.637    
    OLOGIC_X1Y59         OSERDESE2 (Setup_oserdese2_CLKDIV_D1)
                                                     -0.625    13.012    hw_mig.u_mig/u_mig_7series_0_mig/u_memc_ui_top_std/mem_intfc0/ddr_phy_top0/u_ddr_mc_phy_wrapper/u_ddr_mc_phy/ddr_phy_4lanes_0.u_ddr_phy_4lanes/ddr_byte_lane_A.ddr_byte_lane_A/ddr_byte_group_io/output_[6].oserdes_dq_.ddr.oserdes_dq_i
  -------------------------------------------------------------------
                         required time                         13.012    
                         arrival time                          -8.274    
  -------------------------------------------------------------------
                         slack                                  4.738    





Min Delay Paths
--------------------------------------------------------------------------------------
Slack (MET) :             0.090ns  (arrival time - required time)
  Source:                 hw_mig.u_mig/u_mig_7series_0_mig/u_memc_ui_top_std/mem_intfc0/ddr_phy_top0/u_ddr_mc_phy_wrapper/u_ddr_mc_phy/ddr_phy_4lanes_0.u_ddr_phy_4lanes/ddr_byte_lane_A.ddr_byte_lane_A/out_fifo/RDCLK
                            (rising edge-triggered cell OUT_FIFO clocked by oserdes_clkdiv  {rise@0.000ns fall@3.077ns period=6.154ns})
  Destination:            hw_mig.u_mig/u_mig_7series_0_mig/u_memc_ui_top_std/mem_intfc0/ddr_phy_top0/u_ddr_mc_phy_wrapper/u_ddr_mc_phy/ddr_phy_4lanes_0.u_ddr_phy_4lanes/ddr_byte_lane_A.ddr_byte_lane_A/ddr_byte_group_io/output_[2].oserdes_dq_.ddr.oserdes_dq_i/D2
                            (rising edge-triggered cell OSERDESE2 clocked by oserdes_clkdiv  {rise@0.000ns fall@3.077ns period=6.154ns})
  Path Group:             oserdes_clkdiv
  Path Type:              Hold (Min at Fast Process Corner)
  Requirement:            0.000ns  (oserdes_clkdiv rise@0.000ns - oserdes_clkdiv rise@0.000ns)
  Data Path Delay:        0.288ns  (logic 0.138ns (47.866%)  route 0.150ns (52.134%))
  Logic Levels:           0  
  Clock Path Skew:        0.179ns (DCD - SCD - CPR)
    Destination Clock Delay (DCD):    4.041ns
    Source Clock Delay      (SCD):    3.522ns
    Clock Pessimism Removal (CPR):    0.340ns

    Location             Delay type                Incr(ns)  Path(ns)    Netlist Resource(s)
  -------------------------------------------------------------------    -------------------
                         (clock oserdes_clkdiv rise edge)
                                                      0.000     0.000 r  
    E3                                                0.000     0.000 r  sys_clk (IN)
                         net (fo=0)                   0.000     0.000    sys_clk
    E3                   IBUF (Prop_ibuf_I_O)         0.250     0.250 r  hw_mig.u_ibuf_sysclk/O
                         net (fo=2, routed)           0.440     0.690    hw_mig.sys_clk_ibuf
    MMCME2_ADV_X1Y2      MMCME2_ADV (Prop_mmcme2_adv_CLKIN1_CLKOUT0)
                                                      0.050     0.740 r  hw_mig.u_mmcm/CLKOUT0
                         net (fo=2, routed)           0.317     1.057    hw_mig.u_mig/u_mig_7series_0_mig/u_ddr2_infrastructure/lopt
    PLLE2_ADV_X1Y1       PLLE2_ADV (Prop_plle2_adv_CLKIN1_CLKOUT1)
                                                      0.050     1.107 r  hw_mig.u_mig/u_mig_7series_0_mig/u_ddr2_infrastructure/plle2_i/CLKOUT1
                         net (fo=7, routed)           0.197     1.304    hw_mig.u_mig/u_mig_7series_0_mig/u_memc_ui_top_std/mem_intfc0/ddr_phy_top0/u_ddr_mc_phy_wrapper/u_ddr_mc_phy/ddr_phy_4lanes_0.u_ddr_phy_4lanes/ddr_byte_lane_A.ddr_byte_lane_A/mem_refclk
    PHASER_OUT_PHY_X1Y4  PHASER_OUT_PHY (Prop_phaser_out_phy_MEMREFCLK_OCLK)
                                                      2.135     3.439 r  hw_mig.u_mig/u_mig_7series_0_mig/u_memc_ui_top_std/mem_intfc0/ddr_phy_top0/u_ddr_mc_phy_wrapper/u_ddr_mc_phy/ddr_phy_4lanes_0.u_ddr_phy_4lanes/ddr_byte_lane_A.ddr_byte_lane_A/phaser_out/OCLK
    PHASER_OUT_PHY_X1Y4  PHASER_OUT_PHY (Prop_phaser_out_phy_OCLK_OCLKDIV)
                                                      0.083     3.522 r  hw_mig.u_mig/u_mig_7series_0_mig/u_memc_ui_top_std/mem_intfc0/ddr_phy_top0/u_ddr_mc_phy_wrapper/u_ddr_mc_phy/ddr_phy_4lanes_0.u_ddr_phy_4lanes/ddr_byte_lane_A.ddr_byte_lane_A/phaser_out/OCLKDIV
                         net (fo=11, routed)          0.000     3.522    hw_mig.u_mig/u_mig_7series_0_mig/u_memc_ui_top_std/mem_intfc0/ddr_phy_top0/u_ddr_mc_phy_wrapper/u_ddr_mc_phy/ddr_phy_4lanes_0.u_ddr_phy_4lanes/ddr_byte_lane_A.ddr_byte_lane_A/oserdes_clkdiv
    OUT_FIFO_X1Y4        OUT_FIFO                                     r  hw_mig.u_mig/u_mig_7series_0_mig/u_memc_ui_top_std/mem_intfc0/ddr_phy_top0/u_ddr_mc_phy_wrapper/u_ddr_mc_phy/ddr_phy_4lanes_0.u_ddr_phy_4lanes/ddr_byte_lane_A.ddr_byte_lane_A/out_fifo/RDCLK
  -------------------------------------------------------------------    -------------------
    OUT_FIFO_X1Y4        OUT_FIFO (Prop_out_fifo_RDCLK_Q2[1])
                                                      0.138     3.660 r  hw_mig.u_mig/u_mig_7series_0_mig/u_memc_ui_top_std/mem_intfc0/ddr_phy_top0/u_ddr_mc_phy_wrapper/u_ddr_mc_phy/ddr_phy_4lanes_0.u_ddr_phy_4lanes/ddr_byte_lane_A.ddr_byte_lane_A/out_fifo/Q2[1]
                         net (fo=1, routed)           0.150     3.810    hw_mig.u_mig/u_mig_7series_0_mig/u_memc_ui_top_std/mem_intfc0/ddr_phy_top0/u_ddr_mc_phy_wrapper/u_ddr_mc_phy/ddr_phy_4lanes_0.u_ddr_phy_4lanes/ddr_byte_lane_A.ddr_byte_lane_A/ddr_byte_group_io/of_dqbus[5]
    OLOGIC_X1Y53         OSERDESE2                                    r  hw_mig.u_mig/u_mig_7series_0_mig/u_memc_ui_top_std/mem_intfc0/ddr_phy_top0/u_ddr_mc_phy_wrapper/u_ddr_mc_phy/ddr_phy_4lanes_0.u_ddr_phy_4lanes/ddr_byte_lane_A.ddr_byte_lane_A/ddr_byte_group_io/output_[2].oserdes_dq_.ddr.oserdes_dq_i/D2
  -------------------------------------------------------------------    -------------------

                         (clock oserdes_clkdiv rise edge)
                                                      0.000     0.000 r  
    E3                                                0.000     0.000 r  sys_clk (IN)
                         net (fo=0)                   0.000     0.000    sys_clk
    E3                   IBUF (Prop_ibuf_I_O)         0.438     0.438 r  hw_mig.u_ibuf_sysclk/O
                         net (fo=2, routed)           0.480     0.918    hw_mig.sys_clk_ibuf
    MMCME2_ADV_X1Y2      MMCME2_ADV (Prop_mmcme2_adv_CLKIN1_CLKOUT0)
                                                      0.053     0.971 r  hw_mig.u_mmcm/CLKOUT0
                         net (fo=2, routed)           0.348     1.319    hw_mig.u_mig/u_mig_7series_0_mig/u_ddr2_infrastructure/lopt
    PLLE2_ADV_X1Y1       PLLE2_ADV (Prop_plle2_adv_CLKIN1_CLKOUT1)
                                                      0.053     1.372 r  hw_mig.u_mig/u_mig_7series_0_mig/u_ddr2_infrastructure/plle2_i/CLKOUT1
                         net (fo=7, routed)           0.218     1.590    hw_mig.u_mig/u_mig_7series_0_mig/u_memc_ui_top_std/mem_intfc0/ddr_phy_top0/u_ddr_mc_phy_wrapper/u_ddr_mc_phy/ddr_phy_4lanes_0.u_ddr_phy_4lanes/ddr_byte_lane_A.ddr_byte_lane_A/mem_refclk
    PHASER_OUT_PHY_X1Y4  PHASER_OUT_PHY (Prop_phaser_out_phy_MEMREFCLK_OCLK)
                                                      2.184     3.774 r  hw_mig.u_mig/u_mig_7series_0_mig/u_memc_ui_top_std/mem_intfc0/ddr_phy_top0/u_ddr_mc_phy_wrapper/u_ddr_mc_phy/ddr_phy_4lanes_0.u_ddr_phy_4lanes/ddr_byte_lane_A.ddr_byte_lane_A/phaser_out/OCLK
    PHASER_OUT_PHY_X1Y4  PHASER_OUT_PHY (Prop_phaser_out_phy_OCLK_OCLKDIV)
                                                      0.088     3.862 r  hw_mig.u_mig/u_mig_7series_0_mig/u_memc_ui_top_std/mem_intfc0/ddr_phy_top0/u_ddr_mc_phy_wrapper/u_ddr_mc_phy/ddr_phy_4lanes_0.u_ddr_phy_4lanes/ddr_byte_lane_A.ddr_byte_lane_A/phaser_out/OCLKDIV
                         net (fo=11, routed)          0.179     4.041    hw_mig.u_mig/u_mig_7series_0_mig/u_memc_ui_top_std/mem_intfc0/ddr_phy_top0/u_ddr_mc_phy_wrapper/u_ddr_mc_phy/ddr_phy_4lanes_0.u_ddr_phy_4lanes/ddr_byte_lane_A.ddr_byte_lane_A/ddr_byte_group_io/oserdes_clkdiv
    OLOGIC_X1Y53         OSERDESE2                                    r  hw_mig.u_mig/u_mig_7series_0_mig/u_memc_ui_top_std/mem_intfc0/ddr_phy_top0/u_ddr_mc_phy_wrapper/u_ddr_mc_phy/ddr_phy_4lanes_0.u_ddr_phy_4lanes/ddr_byte_lane_A.ddr_byte_lane_A/ddr_byte_group_io/output_[2].oserdes_dq_.ddr.oserdes_dq_i/CLKDIV
                         clock pessimism             -0.340     3.701    
    OLOGIC_X1Y53         OSERDESE2 (Hold_oserdese2_CLKDIV_D2)
                                                      0.019     3.720    hw_mig.u_mig/u_mig_7series_0_mig/u_memc_ui_top_std/mem_intfc0/ddr_phy_top0/u_ddr_mc_phy_wrapper/u_ddr_mc_phy/ddr_phy_4lanes_0.u_ddr_phy_4lanes/ddr_byte_lane_A.ddr_byte_lane_A/ddr_byte_group_io/output_[2].oserdes_dq_.ddr.oserdes_dq_i
  -------------------------------------------------------------------
                         required time                         -3.720    
                         arrival time                           3.810    
  -------------------------------------------------------------------
                         slack                                  0.090    





Pulse Width Checks
--------------------------------------------------------------------------------------
Clock Name:         oserdes_clkdiv
Waveform(ns):       { 0.000 3.077 }
Period(ns):         6.154
Sources:            { hw_mig.u_mig/u_mig_7series_0_mig/u_memc_ui_top_std/mem_intfc0/ddr_phy_top0/u_ddr_mc_phy_wrapper/u_ddr_mc_phy/ddr_phy_4lanes_0.u_ddr_phy_4lanes/ddr_byte_lane_A.ddr_byte_lane_A/phaser_out/OCLKDIV }

Check Type        Corner  Lib Pin         Reference Pin  Required(ns)  Actual(ns)  Slack(ns)  Location       Pin
Min Period        n/a     OUT_FIFO/RDCLK  n/a            5.000         6.154       1.154      OUT_FIFO_X1Y4  hw_mig.u_mig/u_mig_7series_0_mig/u_memc_ui_top_std/mem_intfc0/ddr_phy_top0/u_ddr_mc_phy_wrapper/u_ddr_mc_phy/ddr_phy_4lanes_0.u_ddr_phy_4lanes/ddr_byte_lane_A.ddr_byte_lane_A/out_fifo/RDCLK
Low Pulse Width   Slow    OUT_FIFO/RDCLK  n/a            2.150         3.077       0.927      OUT_FIFO_X1Y4  hw_mig.u_mig/u_mig_7series_0_mig/u_memc_ui_top_std/mem_intfc0/ddr_phy_top0/u_ddr_mc_phy_wrapper/u_ddr_mc_phy/ddr_phy_4lanes_0.u_ddr_phy_4lanes/ddr_byte_lane_A.ddr_byte_lane_A/out_fifo/RDCLK
High Pulse Width  Slow    OUT_FIFO/RDCLK  n/a            2.150         3.077       0.927      OUT_FIFO_X1Y4  hw_mig.u_mig/u_mig_7series_0_mig/u_memc_ui_top_std/mem_intfc0/ddr_phy_top0/u_ddr_mc_phy_wrapper/u_ddr_mc_phy/ddr_phy_4lanes_0.u_ddr_phy_4lanes/ddr_byte_lane_A.ddr_byte_lane_A/out_fifo/RDCLK



---------------------------------------------------------------------------------------------------
From Clock:  oserdes_clk_1
  To Clock:  oserdes_clk_1

Setup :           NA  Failing Endpoints,  Worst Slack           NA  ,  Total Violation           NA
Hold  :           NA  Failing Endpoints,  Worst Slack           NA  ,  Total Violation           NA
PW    :            0  Failing Endpoints,  Worst Slack        1.410ns,  Total Violation        0.000ns
---------------------------------------------------------------------------------------------------


Pulse Width Checks
--------------------------------------------------------------------------------------
Clock Name:         oserdes_clk_1
Waveform(ns):       { 0.000 1.538 }
Period(ns):         3.077
Sources:            { hw_mig.u_mig/u_mig_7series_0_mig/u_memc_ui_top_std/mem_intfc0/ddr_phy_top0/u_ddr_mc_phy_wrapper/u_ddr_mc_phy/ddr_phy_4lanes_0.u_ddr_phy_4lanes/ddr_byte_lane_B.ddr_byte_lane_B/phaser_out/OCLK }

Check Type  Corner  Lib Pin        Reference Pin  Required(ns)  Actual(ns)  Slack(ns)  Location      Pin
Min Period  n/a     OSERDESE2/CLK  n/a            1.667         3.077       1.410      OLOGIC_X1Y63  hw_mig.u_mig/u_mig_7series_0_mig/u_memc_ui_top_std/mem_intfc0/ddr_phy_top0/u_ddr_mc_phy_wrapper/u_ddr_mc_phy/ddr_phy_4lanes_0.u_ddr_phy_4lanes/ddr_byte_lane_B.ddr_byte_lane_B/ddr_byte_group_io/output_[0].oserdes_dq_.sdr.oserdes_dq_i/CLK



---------------------------------------------------------------------------------------------------
From Clock:  oserdes_clkdiv_1
  To Clock:  oserdes_clkdiv_1

Setup :            0  Failing Endpoints,  Worst Slack       10.858ns,  Total Violation        0.000ns
Hold  :            0  Failing Endpoints,  Worst Slack        0.094ns,  Total Violation        0.000ns
PW    :            0  Failing Endpoints,  Worst Slack        4.004ns,  Total Violation        0.000ns
---------------------------------------------------------------------------------------------------


Max Delay Paths
--------------------------------------------------------------------------------------
Slack (MET) :             10.858ns  (required time - arrival time)
  Source:                 hw_mig.u_mig/u_mig_7series_0_mig/u_memc_ui_top_std/mem_intfc0/ddr_phy_top0/u_ddr_mc_phy_wrapper/u_ddr_mc_phy/ddr_phy_4lanes_0.u_ddr_phy_4lanes/ddr_byte_lane_B.ddr_byte_lane_B/out_fifo/RDCLK
                            (rising edge-triggered cell OUT_FIFO clocked by oserdes_clkdiv_1  {rise@0.000ns fall@6.154ns period=12.308ns})
  Destination:            hw_mig.u_mig/u_mig_7series_0_mig/u_memc_ui_top_std/mem_intfc0/ddr_phy_top0/u_ddr_mc_phy_wrapper/u_ddr_mc_phy/ddr_phy_4lanes_0.u_ddr_phy_4lanes/ddr_byte_lane_B.ddr_byte_lane_B/ddr_byte_group_io/output_[6].oserdes_dq_.sdr.oserdes_dq_i/D1
                            (rising edge-triggered cell OSERDESE2 clocked by oserdes_clkdiv_1  {rise@0.000ns fall@6.154ns period=12.308ns})
  Path Group:             oserdes_clkdiv_1
  Path Type:              Setup (Max at Slow Process Corner)
  Requirement:            12.308ns  (oserdes_clkdiv_1 rise@12.308ns - oserdes_clkdiv_1 rise@0.000ns)
  Data Path Delay:        1.163ns  (logic 0.674ns (57.944%)  route 0.489ns (42.055%))
  Logic Levels:           0  
  Clock Path Skew:        0.396ns (DCD - SCD + CPR)
    Destination Clock Delay (DCD):    7.212ns = ( 19.520 - 12.308 ) 
    Source Clock Delay      (SCD):    7.121ns
    Clock Pessimism Removal (CPR):    0.305ns
  Clock Uncertainty:      0.057ns  ((TSJ^2 + DJ^2)^1/2) / 2 + PE
    Total System Jitter     (TSJ):    0.071ns
    Discrete Jitter          (DJ):    0.089ns
    Phase Error              (PE):    0.000ns

    Location             Delay type                Incr(ns)  Path(ns)    Netlist Resource(s)
  -------------------------------------------------------------------    -------------------
                         (clock oserdes_clkdiv_1 rise edge)
                                                      0.000     0.000 r  
    E3                                                0.000     0.000 r  sys_clk (IN)
                         net (fo=0)                   0.000     0.000    sys_clk
    E3                   IBUF (Prop_ibuf_I_O)         1.482     1.482 r  hw_mig.u_ibuf_sysclk/O
                         net (fo=2, routed)           1.233     2.715    hw_mig.sys_clk_ibuf
    MMCME2_ADV_X1Y2      MMCME2_ADV (Prop_mmcme2_adv_CLKIN1_CLKOUT0)
                                                      0.088     2.803 r  hw_mig.u_mmcm/CLKOUT0
                         net (fo=2, routed)           0.990     3.793    hw_mig.u_mig/u_mig_7series_0_mig/u_ddr2_infrastructure/lopt
    PLLE2_ADV_X1Y1       PLLE2_ADV (Prop_plle2_adv_CLKIN1_CLKOUT1)
                                                      0.088     3.881 r  hw_mig.u_mig/u_mig_7series_0_mig/u_ddr2_infrastructure/plle2_i/CLKOUT1
                         net (fo=7, routed)           0.603     4.484    hw_mig.u_mig/u_mig_7series_0_mig/u_memc_ui_top_std/mem_intfc0/ddr_phy_top0/u_ddr_mc_phy_wrapper/u_ddr_mc_phy/ddr_phy_4lanes_0.u_ddr_phy_4lanes/ddr_byte_lane_B.ddr_byte_lane_B/mem_refclk
    PHASER_OUT_PHY_X1Y5  PHASER_OUT_PHY (Prop_phaser_out_phy_MEMREFCLK_OCLK)
                                                      2.480     6.964 r  hw_mig.u_mig/u_mig_7series_0_mig/u_memc_ui_top_std/mem_intfc0/ddr_phy_top0/u_ddr_mc_phy_wrapper/u_ddr_mc_phy/ddr_phy_4lanes_0.u_ddr_phy_4lanes/ddr_byte_lane_B.ddr_byte_lane_B/phaser_out/OCLK
    PHASER_OUT_PHY_X1Y5  PHASER_OUT_PHY (Prop_phaser_out_phy_OCLK_OCLKDIV)
                                                      0.157     7.121 r  hw_mig.u_mig/u_mig_7series_0_mig/u_memc_ui_top_std/mem_intfc0/ddr_phy_top0/u_ddr_mc_phy_wrapper/u_ddr_mc_phy/ddr_phy_4lanes_0.u_ddr_phy_4lanes/ddr_byte_lane_B.ddr_byte_lane_B/phaser_out/OCLKDIV
                         net (fo=13, routed)          0.000     7.121    hw_mig.u_mig/u_mig_7series_0_mig/u_memc_ui_top_std/mem_intfc0/ddr_phy_top0/u_ddr_mc_phy_wrapper/u_ddr_mc_phy/ddr_phy_4lanes_0.u_ddr_phy_4lanes/ddr_byte_lane_B.ddr_byte_lane_B/oserdes_clkdiv
    OUT_FIFO_X1Y5        OUT_FIFO                                     r  hw_mig.u_mig/u_mig_7series_0_mig/u_memc_ui_top_std/mem_intfc0/ddr_phy_top0/u_ddr_mc_phy_wrapper/u_ddr_mc_phy/ddr_phy_4lanes_0.u_ddr_phy_4lanes/ddr_byte_lane_B.ddr_byte_lane_B/out_fifo/RDCLK
  -------------------------------------------------------------------    -------------------
    OUT_FIFO_X1Y5        OUT_FIFO (Prop_out_fifo_RDCLK_Q6[0])
                                                      0.674     7.795 r  hw_mig.u_mig/u_mig_7series_0_mig/u_memc_ui_top_std/mem_intfc0/ddr_phy_top0/u_ddr_mc_phy_wrapper/u_ddr_mc_phy/ddr_phy_4lanes_0.u_ddr_phy_4lanes/ddr_byte_lane_B.ddr_byte_lane_B/out_fifo/Q6[0]
                         net (fo=1, routed)           0.489     8.284    hw_mig.u_mig/u_mig_7series_0_mig/u_memc_ui_top_std/mem_intfc0/ddr_phy_top0/u_ddr_mc_phy_wrapper/u_ddr_mc_phy/ddr_phy_4lanes_0.u_ddr_phy_4lanes/ddr_byte_lane_B.ddr_byte_lane_B/ddr_byte_group_io/oserdes_dq[24]
    OLOGIC_X1Y71         OSERDESE2                                    r  hw_mig.u_mig/u_mig_7series_0_mig/u_memc_ui_top_std/mem_intfc0/ddr_phy_top0/u_ddr_mc_phy_wrapper/u_ddr_mc_phy/ddr_phy_4lanes_0.u_ddr_phy_4lanes/ddr_byte_lane_B.ddr_byte_lane_B/ddr_byte_group_io/output_[6].oserdes_dq_.sdr.oserdes_dq_i/D1
  -------------------------------------------------------------------    -------------------

                         (clock oserdes_clkdiv_1 rise edge)
                                                     12.308    12.308 r  
    E3                                                0.000    12.308 r  sys_clk (IN)
                         net (fo=0)                   0.000    12.308    sys_clk
    E3                   IBUF (Prop_ibuf_I_O)         1.411    13.719 r  hw_mig.u_ibuf_sysclk/O
                         net (fo=2, routed)           1.162    14.881    hw_mig.sys_clk_ibuf
    MMCME2_ADV_X1Y2      MMCME2_ADV (Prop_mmcme2_adv_CLKIN1_CLKOUT0)
                                                      0.083    14.964 r  hw_mig.u_mmcm/CLKOUT0
                         net (fo=2, routed)           0.941    15.905    hw_mig.u_mig/u_mig_7series_0_mig/u_ddr2_infrastructure/lopt
    PLLE2_ADV_X1Y1       PLLE2_ADV (Prop_plle2_adv_CLKIN1_CLKOUT1)
                                                      0.083    15.988 r  hw_mig.u_mig/u_mig_7series_0_mig/u_ddr2_infrastructure/plle2_i/CLKOUT1
                         net (fo=7, routed)           0.572    16.560    hw_mig.u_mig/u_mig_7series_0_mig/u_memc_ui_top_std/mem_intfc0/ddr_phy_top0/u_ddr_mc_phy_wrapper/u_ddr_mc_phy/ddr_phy_4lanes_0.u_ddr_phy_4lanes/ddr_byte_lane_B.ddr_byte_lane_B/mem_refclk
    PHASER_OUT_PHY_X1Y5  PHASER_OUT_PHY (Prop_phaser_out_phy_MEMREFCLK_OCLK)
                                                      2.416    18.976 r  hw_mig.u_mig/u_mig_7series_0_mig/u_memc_ui_top_std/mem_intfc0/ddr_phy_top0/u_ddr_mc_phy_wrapper/u_ddr_mc_phy/ddr_phy_4lanes_0.u_ddr_phy_4lanes/ddr_byte_lane_B.ddr_byte_lane_B/phaser_out/OCLK
    PHASER_OUT_PHY_X1Y5  PHASER_OUT_PHY (Prop_phaser_out_phy_OCLK_OCLKDIV)
                                                      0.148    19.124 r  hw_mig.u_mig/u_mig_7series_0_mig/u_memc_ui_top_std/mem_intfc0/ddr_phy_top0/u_ddr_mc_phy_wrapper/u_ddr_mc_phy/ddr_phy_4lanes_0.u_ddr_phy_4lanes/ddr_byte_lane_B.ddr_byte_lane_B/phaser_out/OCLKDIV
                         net (fo=13, routed)          0.396    19.520    hw_mig.u_mig/u_mig_7series_0_mig/u_memc_ui_top_std/mem_intfc0/ddr_phy_top0/u_ddr_mc_phy_wrapper/u_ddr_mc_phy/ddr_phy_4lanes_0.u_ddr_phy_4lanes/ddr_byte_lane_B.ddr_byte_lane_B/ddr_byte_group_io/oserdes_clkdiv
    OLOGIC_X1Y71         OSERDESE2                                    r  hw_mig.u_mig/u_mig_7series_0_mig/u_memc_ui_top_std/mem_intfc0/ddr_phy_top0/u_ddr_mc_phy_wrapper/u_ddr_mc_phy/ddr_phy_4lanes_0.u_ddr_phy_4lanes/ddr_byte_lane_B.ddr_byte_lane_B/ddr_byte_group_io/output_[6].oserdes_dq_.sdr.oserdes_dq_i/CLKDIV
                         clock pessimism              0.305    19.825    
                         clock uncertainty           -0.057    19.768    
    OLOGIC_X1Y71         OSERDESE2 (Setup_oserdese2_CLKDIV_D1)
                                                     -0.625    19.143    hw_mig.u_mig/u_mig_7series_0_mig/u_memc_ui_top_std/mem_intfc0/ddr_phy_top0/u_ddr_mc_phy_wrapper/u_ddr_mc_phy/ddr_phy_4lanes_0.u_ddr_phy_4lanes/ddr_byte_lane_B.ddr_byte_lane_B/ddr_byte_group_io/output_[6].oserdes_dq_.sdr.oserdes_dq_i
  -------------------------------------------------------------------
                         required time                         19.143    
                         arrival time                          -8.284    
  -------------------------------------------------------------------
                         slack                                 10.858    





Min Delay Paths
--------------------------------------------------------------------------------------
Slack (MET) :             0.094ns  (arrival time - required time)
  Source:                 hw_mig.u_mig/u_mig_7series_0_mig/u_memc_ui_top_std/mem_intfc0/ddr_phy_top0/u_ddr_mc_phy_wrapper/u_ddr_mc_phy/ddr_phy_4lanes_0.u_ddr_phy_4lanes/ddr_byte_lane_B.ddr_byte_lane_B/out_fifo/RDCLK
                            (rising edge-triggered cell OUT_FIFO clocked by oserdes_clkdiv_1  {rise@0.000ns fall@6.154ns period=12.308ns})
  Destination:            hw_mig.u_mig/u_mig_7series_0_mig/u_memc_ui_top_std/mem_intfc0/ddr_phy_top0/u_ddr_mc_phy_wrapper/u_ddr_mc_phy/ddr_phy_4lanes_0.u_ddr_phy_4lanes/ddr_byte_lane_B.ddr_byte_lane_B/ddr_byte_group_io/output_[2].oserdes_dq_.sdr.oserdes_dq_i/D2
                            (rising edge-triggered cell OSERDESE2 clocked by oserdes_clkdiv_1  {rise@0.000ns fall@6.154ns period=12.308ns})
  Path Group:             oserdes_clkdiv_1
  Path Type:              Hold (Min at Fast Process Corner)
  Requirement:            0.000ns  (oserdes_clkdiv_1 rise@0.000ns - oserdes_clkdiv_1 rise@0.000ns)
  Data Path Delay:        0.288ns  (logic 0.138ns (47.866%)  route 0.150ns (52.134%))
  Logic Levels:           0  
  Clock Path Skew:        0.175ns (DCD - SCD - CPR)
    Destination Clock Delay (DCD):    4.028ns
    Source Clock Delay      (SCD):    3.515ns
    Clock Pessimism Removal (CPR):    0.338ns

    Location             Delay type                Incr(ns)  Path(ns)    Netlist Resource(s)
  -------------------------------------------------------------------    -------------------
                         (clock oserdes_clkdiv_1 rise edge)
                                                      0.000     0.000 r  
    E3                                                0.000     0.000 r  sys_clk (IN)
                         net (fo=0)                   0.000     0.000    sys_clk
    E3                   IBUF (Prop_ibuf_I_O)         0.250     0.250 r  hw_mig.u_ibuf_sysclk/O
                         net (fo=2, routed)           0.440     0.690    hw_mig.sys_clk_ibuf
    MMCME2_ADV_X1Y2      MMCME2_ADV (Prop_mmcme2_adv_CLKIN1_CLKOUT0)
                                                      0.050     0.740 r  hw_mig.u_mmcm/CLKOUT0
                         net (fo=2, routed)           0.317     1.057    hw_mig.u_mig/u_mig_7series_0_mig/u_ddr2_infrastructure/lopt
    PLLE2_ADV_X1Y1       PLLE2_ADV (Prop_plle2_adv_CLKIN1_CLKOUT1)
                                                      0.050     1.107 r  hw_mig.u_mig/u_mig_7series_0_mig/u_ddr2_infrastructure/plle2_i/CLKOUT1
                         net (fo=7, routed)           0.190     1.297    hw_mig.u_mig/u_mig_7series_0_mig/u_memc_ui_top_std/mem_intfc0/ddr_phy_top0/u_ddr_mc_phy_wrapper/u_ddr_mc_phy/ddr_phy_4lanes_0.u_ddr_phy_4lanes/ddr_byte_lane_B.ddr_byte_lane_B/mem_refclk
    PHASER_OUT_PHY_X1Y5  PHASER_OUT_PHY (Prop_phaser_out_phy_MEMREFCLK_OCLK)
                                                      2.135     3.432 r  hw_mig.u_mig/u_mig_7series_0_mig/u_memc_ui_top_std/mem_intfc0/ddr_phy_top0/u_ddr_mc_phy_wrapper/u_ddr_mc_phy/ddr_phy_4lanes_0.u_ddr_phy_4lanes/ddr_byte_lane_B.ddr_byte_lane_B/phaser_out/OCLK
    PHASER_OUT_PHY_X1Y5  PHASER_OUT_PHY (Prop_phaser_out_phy_OCLK_OCLKDIV)
                                                      0.083     3.515 r  hw_mig.u_mig/u_mig_7series_0_mig/u_memc_ui_top_std/mem_intfc0/ddr_phy_top0/u_ddr_mc_phy_wrapper/u_ddr_mc_phy/ddr_phy_4lanes_0.u_ddr_phy_4lanes/ddr_byte_lane_B.ddr_byte_lane_B/phaser_out/OCLKDIV
                         net (fo=13, routed)          0.000     3.515    hw_mig.u_mig/u_mig_7series_0_mig/u_memc_ui_top_std/mem_intfc0/ddr_phy_top0/u_ddr_mc_phy_wrapper/u_ddr_mc_phy/ddr_phy_4lanes_0.u_ddr_phy_4lanes/ddr_byte_lane_B.ddr_byte_lane_B/oserdes_clkdiv
    OUT_FIFO_X1Y5        OUT_FIFO                                     r  hw_mig.u_mig/u_mig_7series_0_mig/u_memc_ui_top_std/mem_intfc0/ddr_phy_top0/u_ddr_mc_phy_wrapper/u_ddr_mc_phy/ddr_phy_4lanes_0.u_ddr_phy_4lanes/ddr_byte_lane_B.ddr_byte_lane_B/out_fifo/RDCLK
  -------------------------------------------------------------------    -------------------
    OUT_FIFO_X1Y5        OUT_FIFO (Prop_out_fifo_RDCLK_Q2[1])
                                                      0.138     3.653 r  hw_mig.u_mig/u_mig_7series_0_mig/u_memc_ui_top_std/mem_intfc0/ddr_phy_top0/u_ddr_mc_phy_wrapper/u_ddr_mc_phy/ddr_phy_4lanes_0.u_ddr_phy_4lanes/ddr_byte_lane_B.ddr_byte_lane_B/out_fifo/Q2[1]
                         net (fo=1, routed)           0.150     3.803    hw_mig.u_mig/u_mig_7series_0_mig/u_memc_ui_top_std/mem_intfc0/ddr_phy_top0/u_ddr_mc_phy_wrapper/u_ddr_mc_phy/ddr_phy_4lanes_0.u_ddr_phy_4lanes/ddr_byte_lane_B.ddr_byte_lane_B/ddr_byte_group_io/oserdes_dq[9]
    OLOGIC_X1Y65         OSERDESE2                                    r  hw_mig.u_mig/u_mig_7series_0_mig/u_memc_ui_top_std/mem_intfc0/ddr_phy_top0/u_ddr_mc_phy_wrapper/u_ddr_mc_phy/ddr_phy_4lanes_0.u_ddr_phy_4lanes/ddr_byte_lane_B.ddr_byte_lane_B/ddr_byte_group_io/output_[2].oserdes_dq_.sdr.oserdes_dq_i/D2
  -------------------------------------------------------------------    -------------------

                         (clock oserdes_clkdiv_1 rise edge)
                                                      0.000     0.000 r  
    E3                                                0.000     0.000 r  sys_clk (IN)
                         net (fo=0)                   0.000     0.000    sys_clk
    E3                   IBUF (Prop_ibuf_I_O)         0.438     0.438 r  hw_mig.u_ibuf_sysclk/O
                         net (fo=2, routed)           0.480     0.918    hw_mig.sys_clk_ibuf
    MMCME2_ADV_X1Y2      MMCME2_ADV (Prop_mmcme2_adv_CLKIN1_CLKOUT0)
                                                      0.053     0.971 r  hw_mig.u_mmcm/CLKOUT0
                         net (fo=2, routed)           0.348     1.319    hw_mig.u_mig/u_mig_7series_0_mig/u_ddr2_infrastructure/lopt
    PLLE2_ADV_X1Y1       PLLE2_ADV (Prop_plle2_adv_CLKIN1_CLKOUT1)
                                                      0.053     1.372 r  hw_mig.u_mig/u_mig_7series_0_mig/u_ddr2_infrastructure/plle2_i/CLKOUT1
                         net (fo=7, routed)           0.209     1.581    hw_mig.u_mig/u_mig_7series_0_mig/u_memc_ui_top_std/mem_intfc0/ddr_phy_top0/u_ddr_mc_phy_wrapper/u_ddr_mc_phy/ddr_phy_4lanes_0.u_ddr_phy_4lanes/ddr_byte_lane_B.ddr_byte_lane_B/mem_refclk
    PHASER_OUT_PHY_X1Y5  PHASER_OUT_PHY (Prop_phaser_out_phy_MEMREFCLK_OCLK)
                                                      2.184     3.765 r  hw_mig.u_mig/u_mig_7series_0_mig/u_memc_ui_top_std/mem_intfc0/ddr_phy_top0/u_ddr_mc_phy_wrapper/u_ddr_mc_phy/ddr_phy_4lanes_0.u_ddr_phy_4lanes/ddr_byte_lane_B.ddr_byte_lane_B/phaser_out/OCLK
    PHASER_OUT_PHY_X1Y5  PHASER_OUT_PHY (Prop_phaser_out_phy_OCLK_OCLKDIV)
                                                      0.088     3.853 r  hw_mig.u_mig/u_mig_7series_0_mig/u_memc_ui_top_std/mem_intfc0/ddr_phy_top0/u_ddr_mc_phy_wrapper/u_ddr_mc_phy/ddr_phy_4lanes_0.u_ddr_phy_4lanes/ddr_byte_lane_B.ddr_byte_lane_B/phaser_out/OCLKDIV
                         net (fo=13, routed)          0.175     4.028    hw_mig.u_mig/u_mig_7series_0_mig/u_memc_ui_top_std/mem_intfc0/ddr_phy_top0/u_ddr_mc_phy_wrapper/u_ddr_mc_phy/ddr_phy_4lanes_0.u_ddr_phy_4lanes/ddr_byte_lane_B.ddr_byte_lane_B/ddr_byte_group_io/oserdes_clkdiv
    OLOGIC_X1Y65         OSERDESE2                                    r  hw_mig.u_mig/u_mig_7series_0_mig/u_memc_ui_top_std/mem_intfc0/ddr_phy_top0/u_ddr_mc_phy_wrapper/u_ddr_mc_phy/ddr_phy_4lanes_0.u_ddr_phy_4lanes/ddr_byte_lane_B.ddr_byte_lane_B/ddr_byte_group_io/output_[2].oserdes_dq_.sdr.oserdes_dq_i/CLKDIV
                         clock pessimism             -0.338     3.690    
    OLOGIC_X1Y65         OSERDESE2 (Hold_oserdese2_CLKDIV_D2)
                                                      0.019     3.709    hw_mig.u_mig/u_mig_7series_0_mig/u_memc_ui_top_std/mem_intfc0/ddr_phy_top0/u_ddr_mc_phy_wrapper/u_ddr_mc_phy/ddr_phy_4lanes_0.u_ddr_phy_4lanes/ddr_byte_lane_B.ddr_byte_lane_B/ddr_byte_group_io/output_[2].oserdes_dq_.sdr.oserdes_dq_i
  -------------------------------------------------------------------
                         required time                         -3.709    
                         arrival time                           3.803    
  -------------------------------------------------------------------
                         slack                                  0.094    





Pulse Width Checks
--------------------------------------------------------------------------------------
Clock Name:         oserdes_clkdiv_1
Waveform(ns):       { 0.000 6.154 }
Period(ns):         12.308
Sources:            { hw_mig.u_mig/u_mig_7series_0_mig/u_memc_ui_top_std/mem_intfc0/ddr_phy_top0/u_ddr_mc_phy_wrapper/u_ddr_mc_phy/ddr_phy_4lanes_0.u_ddr_phy_4lanes/ddr_byte_lane_B.ddr_byte_lane_B/phaser_out/OCLKDIV }

Check Type        Corner  Lib Pin         Reference Pin  Required(ns)  Actual(ns)  Slack(ns)  Location       Pin
Min Period        n/a     OUT_FIFO/RDCLK  n/a            5.000         12.308      7.308      OUT_FIFO_X1Y5  hw_mig.u_mig/u_mig_7series_0_mig/u_memc_ui_top_std/mem_intfc0/ddr_phy_top0/u_ddr_mc_phy_wrapper/u_ddr_mc_phy/ddr_phy_4lanes_0.u_ddr_phy_4lanes/ddr_byte_lane_B.ddr_byte_lane_B/out_fifo/RDCLK
Low Pulse Width   Slow    OUT_FIFO/RDCLK  n/a            2.150         6.154       4.004      OUT_FIFO_X1Y5  hw_mig.u_mig/u_mig_7series_0_mig/u_memc_ui_top_std/mem_intfc0/ddr_phy_top0/u_ddr_mc_phy_wrapper/u_ddr_mc_phy/ddr_phy_4lanes_0.u_ddr_phy_4lanes/ddr_byte_lane_B.ddr_byte_lane_B/out_fifo/RDCLK
High Pulse Width  Slow    OUT_FIFO/RDCLK  n/a            2.150         6.154       4.004      OUT_FIFO_X1Y5  hw_mig.u_mig/u_mig_7series_0_mig/u_memc_ui_top_std/mem_intfc0/ddr_phy_top0/u_ddr_mc_phy_wrapper/u_ddr_mc_phy/ddr_phy_4lanes_0.u_ddr_phy_4lanes/ddr_byte_lane_B.ddr_byte_lane_B/out_fifo/RDCLK



---------------------------------------------------------------------------------------------------
From Clock:  oserdes_clk_2
  To Clock:  oserdes_clk_2

Setup :            0  Failing Endpoints,  Worst Slack        1.498ns,  Total Violation        0.000ns
Hold  :            0  Failing Endpoints,  Worst Slack        0.413ns,  Total Violation        0.000ns
PW    :            0  Failing Endpoints,  Worst Slack        1.410ns,  Total Violation        0.000ns
---------------------------------------------------------------------------------------------------


Max Delay Paths
--------------------------------------------------------------------------------------
Slack (MET) :             1.498ns  (required time - arrival time)
  Source:                 hw_mig.u_mig/u_mig_7series_0_mig/u_memc_ui_top_std/mem_intfc0/ddr_phy_top0/u_ddr_mc_phy_wrapper/u_ddr_mc_phy/ddr_phy_4lanes_0.u_ddr_phy_4lanes/ddr_byte_lane_C.ddr_byte_lane_C/phaser_out/OCLKDELAYED
                            (rising edge-triggered cell PHASER_OUT_PHY clocked by oserdes_clk_2  {rise@0.000ns fall@1.538ns period=3.077ns})
  Destination:            hw_mig.u_mig/u_mig_7series_0_mig/u_memc_ui_top_std/mem_intfc0/ddr_phy_top0/u_ddr_mc_phy_wrapper/u_ddr_mc_phy/ddr_phy_4lanes_0.u_ddr_phy_4lanes/ddr_byte_lane_C.ddr_byte_lane_C/ddr_byte_group_io/dqs_gen.oddr_dqsts/D1
                            (rising edge-triggered cell ODDR clocked by oserdes_clk_2  {rise@0.000ns fall@1.538ns period=3.077ns})
  Path Group:             oserdes_clk_2
  Path Type:              Setup (Max at Slow Process Corner)
  Requirement:            3.077ns  (oserdes_clk_2 rise@3.077ns - oserdes_clk_2 rise@0.000ns)
  Data Path Delay:        1.037ns  (logic 0.562ns (54.177%)  route 0.475ns (45.823%))
  Logic Levels:           0  
  Clock Path Skew:        0.400ns (DCD - SCD + CPR)
    Destination Clock Delay (DCD):    7.832ns = ( 10.909 - 3.077 ) 
    Source Clock Delay      (SCD):    7.775ns
    Clock Pessimism Removal (CPR):    0.343ns
  Clock Uncertainty:      0.057ns  ((TSJ^2 + DJ^2)^1/2) / 2 + PE
    Total System Jitter     (TSJ):    0.071ns
    Discrete Jitter          (DJ):    0.089ns
    Phase Error              (PE):    0.000ns

    Location             Delay type                Incr(ns)  Path(ns)    Netlist Resource(s)
  -------------------------------------------------------------------    -------------------
                         (clock oserdes_clk_2 rise edge)
                                                      0.000     0.000 r  
    E3                                                0.000     0.000 r  sys_clk (IN)
                         net (fo=0)                   0.000     0.000    sys_clk
    E3                   IBUF (Prop_ibuf_I_O)         1.482     1.482 r  hw_mig.u_ibuf_sysclk/O
                         net (fo=2, routed)           1.233     2.715    hw_mig.sys_clk_ibuf
    MMCME2_ADV_X1Y2      MMCME2_ADV (Prop_mmcme2_adv_CLKIN1_CLKOUT0)
                                                      0.088     2.803 r  hw_mig.u_mmcm/CLKOUT0
                         net (fo=2, routed)           0.990     3.793    hw_mig.u_mig/u_mig_7series_0_mig/u_ddr2_infrastructure/lopt
    PLLE2_ADV_X1Y1       PLLE2_ADV (Prop_plle2_adv_CLKIN1_CLKOUT1)
                                                      0.088     3.881 r  hw_mig.u_mig/u_mig_7series_0_mig/u_ddr2_infrastructure/plle2_i/CLKOUT1
                         net (fo=7, routed)           0.614     4.495    hw_mig.u_mig/u_mig_7series_0_mig/u_memc_ui_top_std/mem_intfc0/ddr_phy_top0/u_ddr_mc_phy_wrapper/u_ddr_mc_phy/ddr_phy_4lanes_0.u_ddr_phy_4lanes/ddr_byte_lane_C.ddr_byte_lane_C/mem_refclk
    PHASER_OUT_PHY_X1Y6  PHASER_OUT_PHY (Prop_phaser_out_phy_MEMREFCLK_OCLK)
                                                      2.480     6.975 r  hw_mig.u_mig/u_mig_7series_0_mig/u_memc_ui_top_std/mem_intfc0/ddr_phy_top0/u_ddr_mc_phy_wrapper/u_ddr_mc_phy/ddr_phy_4lanes_0.u_ddr_phy_4lanes/ddr_byte_lane_C.ddr_byte_lane_C/phaser_out/OCLK
    PHASER_OUT_PHY_X1Y6  PHASER_OUT_PHY (Prop_phaser_out_phy_OCLK_OCLKDELAYED)
                                                      0.800     7.775 r  hw_mig.u_mig/u_mig_7series_0_mig/u_memc_ui_top_std/mem_intfc0/ddr_phy_top0/u_ddr_mc_phy_wrapper/u_ddr_mc_phy/ddr_phy_4lanes_0.u_ddr_phy_4lanes/ddr_byte_lane_C.ddr_byte_lane_C/phaser_out/OCLKDELAYED
  -------------------------------------------------------------------    -------------------
    PHASER_OUT_PHY_X1Y6  PHASER_OUT_PHY (Prop_phaser_out_phy_OCLKDELAYED_CTSBUS[0])
                                                      0.562     8.337 r  hw_mig.u_mig/u_mig_7series_0_mig/u_memc_ui_top_std/mem_intfc0/ddr_phy_top0/u_ddr_mc_phy_wrapper/u_ddr_mc_phy/ddr_phy_4lanes_0.u_ddr_phy_4lanes/ddr_byte_lane_C.ddr_byte_lane_C/phaser_out/CTSBUS[0]
                         net (fo=2, routed)           0.475     8.812    hw_mig.u_mig/u_mig_7series_0_mig/u_memc_ui_top_std/mem_intfc0/ddr_phy_top0/u_ddr_mc_phy_wrapper/u_ddr_mc_phy/ddr_phy_4lanes_0.u_ddr_phy_4lanes/ddr_byte_lane_C.ddr_byte_lane_C/ddr_byte_group_io/CTSBUS[0]
    OLOGIC_X1Y82         ODDR                                         r  hw_mig.u_mig/u_mig_7series_0_mig/u_memc_ui_top_std/mem_intfc0/ddr_phy_top0/u_ddr_mc_phy_wrapper/u_ddr_mc_phy/ddr_phy_4lanes_0.u_ddr_phy_4lanes/ddr_byte_lane_C.ddr_byte_lane_C/ddr_byte_group_io/dqs_gen.oddr_dqsts/D1
  -------------------------------------------------------------------    -------------------

                         (clock oserdes_clk_2 rise edge)
                                                      3.077     3.077 r  
    E3                                                0.000     3.077 r  sys_clk (IN)
                         net (fo=0)                   0.000     3.077    sys_clk
    E3                   IBUF (Prop_ibuf_I_O)         1.411     4.488 r  hw_mig.u_ibuf_sysclk/O
                         net (fo=2, routed)           1.162     5.650    hw_mig.sys_clk_ibuf
    MMCME2_ADV_X1Y2      MMCME2_ADV (Prop_mmcme2_adv_CLKIN1_CLKOUT0)
                                                      0.083     5.733 r  hw_mig.u_mmcm/CLKOUT0
                         net (fo=2, routed)           0.941     6.674    hw_mig.u_mig/u_mig_7series_0_mig/u_ddr2_infrastructure/lopt
    PLLE2_ADV_X1Y1       PLLE2_ADV (Prop_plle2_adv_CLKIN1_CLKOUT1)
                                                      0.083     6.757 r  hw_mig.u_mig/u_mig_7series_0_mig/u_ddr2_infrastructure/plle2_i/CLKOUT1
                         net (fo=7, routed)           0.582     7.339    hw_mig.u_mig/u_mig_7series_0_mig/u_memc_ui_top_std/mem_intfc0/ddr_phy_top0/u_ddr_mc_phy_wrapper/u_ddr_mc_phy/ddr_phy_4lanes_0.u_ddr_phy_4lanes/ddr_byte_lane_C.ddr_byte_lane_C/mem_refclk
    PHASER_OUT_PHY_X1Y6  PHASER_OUT_PHY (Prop_phaser_out_phy_MEMREFCLK_OCLK)
                                                      2.416     9.755 r  hw_mig.u_mig/u_mig_7series_0_mig/u_memc_ui_top_std/mem_intfc0/ddr_phy_top0/u_ddr_mc_phy_wrapper/u_ddr_mc_phy/ddr_phy_4lanes_0.u_ddr_phy_4lanes/ddr_byte_lane_C.ddr_byte_lane_C/phaser_out/OCLK
    PHASER_OUT_PHY_X1Y6  PHASER_OUT_PHY (Prop_phaser_out_phy_OCLK_OCLKDELAYED)
                                                      0.754    10.509 r  hw_mig.u_mig/u_mig_7series_0_mig/u_memc_ui_top_std/mem_intfc0/ddr_phy_top0/u_ddr_mc_phy_wrapper/u_ddr_mc_phy/ddr_phy_4lanes_0.u_ddr_phy_4lanes/ddr_byte_lane_C.ddr_byte_lane_C/phaser_out/OCLKDELAYED
                         net (fo=2, routed)           0.400    10.909    hw_mig.u_mig/u_mig_7series_0_mig/u_memc_ui_top_std/mem_intfc0/ddr_phy_top0/u_ddr_mc_phy_wrapper/u_ddr_mc_phy/ddr_phy_4lanes_0.u_ddr_phy_4lanes/ddr_byte_lane_C.ddr_byte_lane_C/ddr_byte_group_io/oserdes_clk_delayed
    OLOGIC_X1Y82         ODDR                                         r  hw_mig.u_mig/u_mig_7series_0_mig/u_memc_ui_top_std/mem_intfc0/ddr_phy_top0/u_ddr_mc_phy_wrapper/u_ddr_mc_phy/ddr_phy_4lanes_0.u_ddr_phy_4lanes/ddr_byte_lane_C.ddr_byte_lane_C/ddr_byte_group_io/dqs_gen.oddr_dqsts/C
                         clock pessimism              0.343    11.252    
                         clock uncertainty           -0.057    11.195    
    OLOGIC_X1Y82         ODDR (Setup_oddr_C_D1)      -0.885    10.310    hw_mig.u_mig/u_mig_7series_0_mig/u_memc_ui_top_std/mem_intfc0/ddr_phy_top0/u_ddr_mc_phy_wrapper/u_ddr_mc_phy/ddr_phy_4lanes_0.u_ddr_phy_4lanes/ddr_byte_lane_C.ddr_byte_lane_C/ddr_byte_group_io/dqs_gen.oddr_dqsts
  -------------------------------------------------------------------
                         required time                         10.310    
                         arrival time                          -8.812    
  -------------------------------------------------------------------
                         slack                                  1.498    





Min Delay Paths
--------------------------------------------------------------------------------------
Slack (MET) :             0.413ns  (arrival time - required time)
  Source:                 hw_mig.u_mig/u_mig_7series_0_mig/u_memc_ui_top_std/mem_intfc0/ddr_phy_top0/u_ddr_mc_phy_wrapper/u_ddr_mc_phy/ddr_phy_4lanes_0.u_ddr_phy_4lanes/ddr_byte_lane_C.ddr_byte_lane_C/phaser_out/OCLKDELAYED
                            (rising edge-triggered cell PHASER_OUT_PHY clocked by oserdes_clk_2  {rise@0.000ns fall@1.538ns period=3.077ns})
  Destination:            hw_mig.u_mig/u_mig_7series_0_mig/u_memc_ui_top_std/mem_intfc0/ddr_phy_top0/u_ddr_mc_phy_wrapper/u_ddr_mc_phy/ddr_phy_4lanes_0.u_ddr_phy_4lanes/ddr_byte_lane_C.ddr_byte_lane_C/ddr_byte_group_io/dqs_gen.oddr_dqs/D2
                            (rising edge-triggered cell ODDR clocked by oserdes_clk_2  {rise@0.000ns fall@1.538ns period=3.077ns})
  Path Group:             oserdes_clk_2
  Path Type:              Hold (Min at Fast Process Corner)
  Requirement:            0.000ns  (oserdes_clk_2 rise@0.000ns - oserdes_clk_2 rise@0.000ns)
  Data Path Delay:        0.496ns  (logic 0.346ns (69.715%)  route 0.150ns (30.285%))
  Logic Levels:           0  
  Clock Path Skew:        0.176ns (DCD - SCD - CPR)
    Destination Clock Delay (DCD):    4.635ns
    Source Clock Delay      (SCD):    4.083ns
    Clock Pessimism Removal (CPR):    0.375ns

    Location             Delay type                Incr(ns)  Path(ns)    Netlist Resource(s)
  -------------------------------------------------------------------    -------------------
                         (clock oserdes_clk_2 rise edge)
                                                      0.000     0.000 r  
    E3                                                0.000     0.000 r  sys_clk (IN)
                         net (fo=0)                   0.000     0.000    sys_clk
    E3                   IBUF (Prop_ibuf_I_O)         0.250     0.250 r  hw_mig.u_ibuf_sysclk/O
                         net (fo=2, routed)           0.440     0.690    hw_mig.sys_clk_ibuf
    MMCME2_ADV_X1Y2      MMCME2_ADV (Prop_mmcme2_adv_CLKIN1_CLKOUT0)
                                                      0.050     0.740 r  hw_mig.u_mmcm/CLKOUT0
                         net (fo=2, routed)           0.317     1.057    hw_mig.u_mig/u_mig_7series_0_mig/u_ddr2_infrastructure/lopt
    PLLE2_ADV_X1Y1       PLLE2_ADV (Prop_plle2_adv_CLKIN1_CLKOUT1)
                                                      0.050     1.107 r  hw_mig.u_mig/u_mig_7series_0_mig/u_ddr2_infrastructure/plle2_i/CLKOUT1
                         net (fo=7, routed)           0.197     1.304    hw_mig.u_mig/u_mig_7series_0_mig/u_memc_ui_top_std/mem_intfc0/ddr_phy_top0/u_ddr_mc_phy_wrapper/u_ddr_mc_phy/ddr_phy_4lanes_0.u_ddr_phy_4lanes/ddr_byte_lane_C.ddr_byte_lane_C/mem_refclk
    PHASER_OUT_PHY_X1Y6  PHASER_OUT_PHY (Prop_phaser_out_phy_MEMREFCLK_OCLK)
                                                      2.135     3.439 r  hw_mig.u_mig/u_mig_7series_0_mig/u_memc_ui_top_std/mem_intfc0/ddr_phy_top0/u_ddr_mc_phy_wrapper/u_ddr_mc_phy/ddr_phy_4lanes_0.u_ddr_phy_4lanes/ddr_byte_lane_C.ddr_byte_lane_C/phaser_out/OCLK
    PHASER_OUT_PHY_X1Y6  PHASER_OUT_PHY (Prop_phaser_out_phy_OCLK_OCLKDELAYED)
                                                      0.645     4.083 r  hw_mig.u_mig/u_mig_7series_0_mig/u_memc_ui_top_std/mem_intfc0/ddr_phy_top0/u_ddr_mc_phy_wrapper/u_ddr_mc_phy/ddr_phy_4lanes_0.u_ddr_phy_4lanes/ddr_byte_lane_C.ddr_byte_lane_C/phaser_out/OCLKDELAYED
  -------------------------------------------------------------------    -------------------
    PHASER_OUT_PHY_X1Y6  PHASER_OUT_PHY (Prop_phaser_out_phy_OCLKDELAYED_DQSBUS[1])
                                                      0.346     4.429 r  hw_mig.u_mig/u_mig_7series_0_mig/u_memc_ui_top_std/mem_intfc0/ddr_phy_top0/u_ddr_mc_phy_wrapper/u_ddr_mc_phy/ddr_phy_4lanes_0.u_ddr_phy_4lanes/ddr_byte_lane_C.ddr_byte_lane_C/phaser_out/DQSBUS[1]
                         net (fo=1, routed)           0.150     4.580    hw_mig.u_mig/u_mig_7series_0_mig/u_memc_ui_top_std/mem_intfc0/ddr_phy_top0/u_ddr_mc_phy_wrapper/u_ddr_mc_phy/ddr_phy_4lanes_0.u_ddr_phy_4lanes/ddr_byte_lane_C.ddr_byte_lane_C/ddr_byte_group_io/DQSBUS[1]
    OLOGIC_X1Y82         ODDR                                         r  hw_mig.u_mig/u_mig_7series_0_mig/u_memc_ui_top_std/mem_intfc0/ddr_phy_top0/u_ddr_mc_phy_wrapper/u_ddr_mc_phy/ddr_phy_4lanes_0.u_ddr_phy_4lanes/ddr_byte_lane_C.ddr_byte_lane_C/ddr_byte_group_io/dqs_gen.oddr_dqs/D2
  -------------------------------------------------------------------    -------------------

                         (clock oserdes_clk_2 rise edge)
                                                      0.000     0.000 r  
    E3                                                0.000     0.000 r  sys_clk (IN)
                         net (fo=0)                   0.000     0.000    sys_clk
    E3                   IBUF (Prop_ibuf_I_O)         0.438     0.438 r  hw_mig.u_ibuf_sysclk/O
                         net (fo=2, routed)           0.480     0.918    hw_mig.sys_clk_ibuf
    MMCME2_ADV_X1Y2      MMCME2_ADV (Prop_mmcme2_adv_CLKIN1_CLKOUT0)
                                                      0.053     0.971 r  hw_mig.u_mmcm/CLKOUT0
                         net (fo=2, routed)           0.348     1.319    hw_mig.u_mig/u_mig_7series_0_mig/u_ddr2_infrastructure/lopt
    PLLE2_ADV_X1Y1       PLLE2_ADV (Prop_plle2_adv_CLKIN1_CLKOUT1)
                                                      0.053     1.372 r  hw_mig.u_mig/u_mig_7series_0_mig/u_ddr2_infrastructure/plle2_i/CLKOUT1
                         net (fo=7, routed)           0.218     1.590    hw_mig.u_mig/u_mig_7series_0_mig/u_memc_ui_top_std/mem_intfc0/ddr_phy_top0/u_ddr_mc_phy_wrapper/u_ddr_mc_phy/ddr_phy_4lanes_0.u_ddr_phy_4lanes/ddr_byte_lane_C.ddr_byte_lane_C/mem_refclk
    PHASER_OUT_PHY_X1Y6  PHASER_OUT_PHY (Prop_phaser_out_phy_MEMREFCLK_OCLK)
                                                      2.184     3.774 r  hw_mig.u_mig/u_mig_7series_0_mig/u_memc_ui_top_std/mem_intfc0/ddr_phy_top0/u_ddr_mc_phy_wrapper/u_ddr_mc_phy/ddr_phy_4lanes_0.u_ddr_phy_4lanes/ddr_byte_lane_C.ddr_byte_lane_C/phaser_out/OCLK
    PHASER_OUT_PHY_X1Y6  PHASER_OUT_PHY (Prop_phaser_out_phy_OCLK_OCLKDELAYED)
                                                      0.685     4.459 r  hw_mig.u_mig/u_mig_7series_0_mig/u_memc_ui_top_std/mem_intfc0/ddr_phy_top0/u_ddr_mc_phy_wrapper/u_ddr_mc_phy/ddr_phy_4lanes_0.u_ddr_phy_4lanes/ddr_byte_lane_C.ddr_byte_lane_C/phaser_out/OCLKDELAYED
                         net (fo=2, routed)           0.176     4.635    hw_mig.u_mig/u_mig_7series_0_mig/u_memc_ui_top_std/mem_intfc0/ddr_phy_top0/u_ddr_mc_phy_wrapper/u_ddr_mc_phy/ddr_phy_4lanes_0.u_ddr_phy_4lanes/ddr_byte_lane_C.ddr_byte_lane_C/ddr_byte_group_io/oserdes_clk_delayed
    OLOGIC_X1Y82         ODDR                                         r  hw_mig.u_mig/u_mig_7series_0_mig/u_memc_ui_top_std/mem_intfc0/ddr_phy_top0/u_ddr_mc_phy_wrapper/u_ddr_mc_phy/ddr_phy_4lanes_0.u_ddr_phy_4lanes/ddr_byte_lane_C.ddr_byte_lane_C/ddr_byte_group_io/dqs_gen.oddr_dqs/C
                         clock pessimism             -0.375     4.259    
    OLOGIC_X1Y82         ODDR (Hold_oddr_C_D2)       -0.093     4.166    hw_mig.u_mig/u_mig_7series_0_mig/u_memc_ui_top_std/mem_intfc0/ddr_phy_top0/u_ddr_mc_phy_wrapper/u_ddr_mc_phy/ddr_phy_4lanes_0.u_ddr_phy_4lanes/ddr_byte_lane_C.ddr_byte_lane_C/ddr_byte_group_io/dqs_gen.oddr_dqs
  -------------------------------------------------------------------
                         required time                         -4.166    
                         arrival time                           4.580    
  -------------------------------------------------------------------
                         slack                                  0.413    





Pulse Width Checks
--------------------------------------------------------------------------------------
Clock Name:         oserdes_clk_2
Waveform(ns):       { 0.000 1.538 }
Period(ns):         3.077
Sources:            { hw_mig.u_mig/u_mig_7series_0_mig/u_memc_ui_top_std/mem_intfc0/ddr_phy_top0/u_ddr_mc_phy_wrapper/u_ddr_mc_phy/ddr_phy_4lanes_0.u_ddr_phy_4lanes/ddr_byte_lane_C.ddr_byte_lane_C/phaser_out/OCLK }

Check Type  Corner  Lib Pin        Reference Pin  Required(ns)  Actual(ns)  Slack(ns)  Location      Pin
Min Period  n/a     OSERDESE2/CLK  n/a            1.667         3.077       1.410      OLOGIC_X1Y75  hw_mig.u_mig/u_mig_7series_0_mig/u_memc_ui_top_std/mem_intfc0/ddr_phy_top0/u_ddr_mc_phy_wrapper/u_ddr_mc_phy/ddr_phy_4lanes_0.u_ddr_phy_4lanes/ddr_byte_lane_C.ddr_byte_lane_C/ddr_byte_group_io/output_[0].oserdes_dq_.ddr.oserdes_dq_i/CLK



---------------------------------------------------------------------------------------------------
From Clock:  oserdes_clkdiv_2
  To Clock:  oserdes_clkdiv_2

Setup :            0  Failing Endpoints,  Worst Slack        4.531ns,  Total Violation        0.000ns
Hold  :            0  Failing Endpoints,  Worst Slack        0.092ns,  Total Violation        0.000ns
PW    :            0  Failing Endpoints,  Worst Slack        0.927ns,  Total Violation        0.000ns
---------------------------------------------------------------------------------------------------


Max Delay Paths
--------------------------------------------------------------------------------------
Slack (MET) :             4.531ns  (required time - arrival time)
  Source:                 hw_mig.u_mig/u_mig_7series_0_mig/u_memc_ui_top_std/mem_intfc0/ddr_phy_top0/u_ddr_mc_phy_wrapper/u_ddr_mc_phy/ddr_phy_4lanes_0.u_ddr_phy_4lanes/ddr_byte_lane_C.ddr_byte_lane_C/out_fifo/RDCLK
                            (rising edge-triggered cell OUT_FIFO clocked by oserdes_clkdiv_2  {rise@0.000ns fall@3.077ns period=6.154ns})
  Destination:            hw_mig.u_mig/u_mig_7series_0_mig/u_memc_ui_top_std/mem_intfc0/ddr_phy_top0/u_ddr_mc_phy_wrapper/u_ddr_mc_phy/ddr_phy_4lanes_0.u_ddr_phy_4lanes/ddr_byte_lane_C.ddr_byte_lane_C/ddr_byte_group_io/output_[2].oserdes_dq_.ddr.oserdes_dq_i/D4
                            (rising edge-triggered cell OSERDESE2 clocked by oserdes_clkdiv_2  {rise@0.000ns fall@3.077ns period=6.154ns})
  Path Group:             oserdes_clkdiv_2
  Path Type:              Setup (Max at Slow Process Corner)
  Requirement:            6.154ns  (oserdes_clkdiv_2 rise@6.154ns - oserdes_clkdiv_2 rise@0.000ns)
  Data Path Delay:        1.347ns  (logic 0.674ns (50.019%)  route 0.673ns (49.981%))
  Logic Levels:           0  
  Clock Path Skew:        0.407ns (DCD - SCD + CPR)
    Destination Clock Delay (DCD):    7.233ns = ( 13.387 - 6.154 ) 
    Source Clock Delay      (SCD):    7.132ns
    Clock Pessimism Removal (CPR):    0.306ns
  Clock Uncertainty:      0.057ns  ((TSJ^2 + DJ^2)^1/2) / 2 + PE
    Total System Jitter     (TSJ):    0.071ns
    Discrete Jitter          (DJ):    0.089ns
    Phase Error              (PE):    0.000ns

    Location             Delay type                Incr(ns)  Path(ns)    Netlist Resource(s)
  -------------------------------------------------------------------    -------------------
                         (clock oserdes_clkdiv_2 rise edge)
                                                      0.000     0.000 r  
    E3                                                0.000     0.000 r  sys_clk (IN)
                         net (fo=0)                   0.000     0.000    sys_clk
    E3                   IBUF (Prop_ibuf_I_O)         1.482     1.482 r  hw_mig.u_ibuf_sysclk/O
                         net (fo=2, routed)           1.233     2.715    hw_mig.sys_clk_ibuf
    MMCME2_ADV_X1Y2      MMCME2_ADV (Prop_mmcme2_adv_CLKIN1_CLKOUT0)
                                                      0.088     2.803 r  hw_mig.u_mmcm/CLKOUT0
                         net (fo=2, routed)           0.990     3.793    hw_mig.u_mig/u_mig_7series_0_mig/u_ddr2_infrastructure/lopt
    PLLE2_ADV_X1Y1       PLLE2_ADV (Prop_plle2_adv_CLKIN1_CLKOUT1)
                                                      0.088     3.881 r  hw_mig.u_mig/u_mig_7series_0_mig/u_ddr2_infrastructure/plle2_i/CLKOUT1
                         net (fo=7, routed)           0.614     4.495    hw_mig.u_mig/u_mig_7series_0_mig/u_memc_ui_top_std/mem_intfc0/ddr_phy_top0/u_ddr_mc_phy_wrapper/u_ddr_mc_phy/ddr_phy_4lanes_0.u_ddr_phy_4lanes/ddr_byte_lane_C.ddr_byte_lane_C/mem_refclk
    PHASER_OUT_PHY_X1Y6  PHASER_OUT_PHY (Prop_phaser_out_phy_MEMREFCLK_OCLK)
                                                      2.480     6.975 r  hw_mig.u_mig/u_mig_7series_0_mig/u_memc_ui_top_std/mem_intfc0/ddr_phy_top0/u_ddr_mc_phy_wrapper/u_ddr_mc_phy/ddr_phy_4lanes_0.u_ddr_phy_4lanes/ddr_byte_lane_C.ddr_byte_lane_C/phaser_out/OCLK
    PHASER_OUT_PHY_X1Y6  PHASER_OUT_PHY (Prop_phaser_out_phy_OCLK_OCLKDIV)
                                                      0.157     7.132 r  hw_mig.u_mig/u_mig_7series_0_mig/u_memc_ui_top_std/mem_intfc0/ddr_phy_top0/u_ddr_mc_phy_wrapper/u_ddr_mc_phy/ddr_phy_4lanes_0.u_ddr_phy_4lanes/ddr_byte_lane_C.ddr_byte_lane_C/phaser_out/OCLKDIV
                         net (fo=11, routed)          0.000     7.132    hw_mig.u_mig/u_mig_7series_0_mig/u_memc_ui_top_std/mem_intfc0/ddr_phy_top0/u_ddr_mc_phy_wrapper/u_ddr_mc_phy/ddr_phy_4lanes_0.u_ddr_phy_4lanes/ddr_byte_lane_C.ddr_byte_lane_C/oserdes_clkdiv
    OUT_FIFO_X1Y6        OUT_FIFO                                     r  hw_mig.u_mig/u_mig_7series_0_mig/u_memc_ui_top_std/mem_intfc0/ddr_phy_top0/u_ddr_mc_phy_wrapper/u_ddr_mc_phy/ddr_phy_4lanes_0.u_ddr_phy_4lanes/ddr_byte_lane_C.ddr_byte_lane_C/out_fifo/RDCLK
  -------------------------------------------------------------------    -------------------
    OUT_FIFO_X1Y6        OUT_FIFO (Prop_out_fifo_RDCLK_Q2[3])
                                                      0.674     7.806 r  hw_mig.u_mig/u_mig_7series_0_mig/u_memc_ui_top_std/mem_intfc0/ddr_phy_top0/u_ddr_mc_phy_wrapper/u_ddr_mc_phy/ddr_phy_4lanes_0.u_ddr_phy_4lanes/ddr_byte_lane_C.ddr_byte_lane_C/out_fifo/Q2[3]
                         net (fo=1, routed)           0.673     8.479    hw_mig.u_mig/u_mig_7series_0_mig/u_memc_ui_top_std/mem_intfc0/ddr_phy_top0/u_ddr_mc_phy_wrapper/u_ddr_mc_phy/ddr_phy_4lanes_0.u_ddr_phy_4lanes/ddr_byte_lane_C.ddr_byte_lane_C/ddr_byte_group_io/of_dqbus[11]
    OLOGIC_X1Y77         OSERDESE2                                    r  hw_mig.u_mig/u_mig_7series_0_mig/u_memc_ui_top_std/mem_intfc0/ddr_phy_top0/u_ddr_mc_phy_wrapper/u_ddr_mc_phy/ddr_phy_4lanes_0.u_ddr_phy_4lanes/ddr_byte_lane_C.ddr_byte_lane_C/ddr_byte_group_io/output_[2].oserdes_dq_.ddr.oserdes_dq_i/D4
  -------------------------------------------------------------------    -------------------

                         (clock oserdes_clkdiv_2 rise edge)
                                                      6.154     6.154 r  
    E3                                                0.000     6.154 r  sys_clk (IN)
                         net (fo=0)                   0.000     6.154    sys_clk
    E3                   IBUF (Prop_ibuf_I_O)         1.411     7.565 r  hw_mig.u_ibuf_sysclk/O
                         net (fo=2, routed)           1.162     8.727    hw_mig.sys_clk_ibuf
    MMCME2_ADV_X1Y2      MMCME2_ADV (Prop_mmcme2_adv_CLKIN1_CLKOUT0)
                                                      0.083     8.810 r  hw_mig.u_mmcm/CLKOUT0
                         net (fo=2, routed)           0.941     9.751    hw_mig.u_mig/u_mig_7series_0_mig/u_ddr2_infrastructure/lopt
    PLLE2_ADV_X1Y1       PLLE2_ADV (Prop_plle2_adv_CLKIN1_CLKOUT1)
                                                      0.083     9.834 r  hw_mig.u_mig/u_mig_7series_0_mig/u_ddr2_infrastructure/plle2_i/CLKOUT1
                         net (fo=7, routed)           0.582    10.416    hw_mig.u_mig/u_mig_7series_0_mig/u_memc_ui_top_std/mem_intfc0/ddr_phy_top0/u_ddr_mc_phy_wrapper/u_ddr_mc_phy/ddr_phy_4lanes_0.u_ddr_phy_4lanes/ddr_byte_lane_C.ddr_byte_lane_C/mem_refclk
    PHASER_OUT_PHY_X1Y6  PHASER_OUT_PHY (Prop_phaser_out_phy_MEMREFCLK_OCLK)
                                                      2.416    12.832 r  hw_mig.u_mig/u_mig_7series_0_mig/u_memc_ui_top_std/mem_intfc0/ddr_phy_top0/u_ddr_mc_phy_wrapper/u_ddr_mc_phy/ddr_phy_4lanes_0.u_ddr_phy_4lanes/ddr_byte_lane_C.ddr_byte_lane_C/phaser_out/OCLK
    PHASER_OUT_PHY_X1Y6  PHASER_OUT_PHY (Prop_phaser_out_phy_OCLK_OCLKDIV)
                                                      0.148    12.980 r  hw_mig.u_mig/u_mig_7series_0_mig/u_memc_ui_top_std/mem_intfc0/ddr_phy_top0/u_ddr_mc_phy_wrapper/u_ddr_mc_phy/ddr_phy_4lanes_0.u_ddr_phy_4lanes/ddr_byte_lane_C.ddr_byte_lane_C/phaser_out/OCLKDIV
                         net (fo=11, routed)          0.407    13.387    hw_mig.u_mig/u_mig_7series_0_mig/u_memc_ui_top_std/mem_intfc0/ddr_phy_top0/u_ddr_mc_phy_wrapper/u_ddr_mc_phy/ddr_phy_4lanes_0.u_ddr_phy_4lanes/ddr_byte_lane_C.ddr_byte_lane_C/ddr_byte_group_io/oserdes_clkdiv
    OLOGIC_X1Y77         OSERDESE2                                    r  hw_mig.u_mig/u_mig_7series_0_mig/u_memc_ui_top_std/mem_intfc0/ddr_phy_top0/u_ddr_mc_phy_wrapper/u_ddr_mc_phy/ddr_phy_4lanes_0.u_ddr_phy_4lanes/ddr_byte_lane_C.ddr_byte_lane_C/ddr_byte_group_io/output_[2].oserdes_dq_.ddr.oserdes_dq_i/CLKDIV
                         clock pessimism              0.306    13.693    
                         clock uncertainty           -0.057    13.636    
    OLOGIC_X1Y77         OSERDESE2 (Setup_oserdese2_CLKDIV_D4)
                                                     -0.625    13.011    hw_mig.u_mig/u_mig_7series_0_mig/u_memc_ui_top_std/mem_intfc0/ddr_phy_top0/u_ddr_mc_phy_wrapper/u_ddr_mc_phy/ddr_phy_4lanes_0.u_ddr_phy_4lanes/ddr_byte_lane_C.ddr_byte_lane_C/ddr_byte_group_io/output_[2].oserdes_dq_.ddr.oserdes_dq_i
  -------------------------------------------------------------------
                         required time                         13.011    
                         arrival time                          -8.479    
  -------------------------------------------------------------------
                         slack                                  4.531    





Min Delay Paths
--------------------------------------------------------------------------------------
Slack (MET) :             0.092ns  (arrival time - required time)
  Source:                 hw_mig.u_mig/u_mig_7series_0_mig/u_memc_ui_top_std/mem_intfc0/ddr_phy_top0/u_ddr_mc_phy_wrapper/u_ddr_mc_phy/ddr_phy_4lanes_0.u_ddr_phy_4lanes/ddr_byte_lane_C.ddr_byte_lane_C/out_fifo/RDCLK
                            (rising edge-triggered cell OUT_FIFO clocked by oserdes_clkdiv_2  {rise@0.000ns fall@3.077ns period=6.154ns})
  Destination:            hw_mig.u_mig/u_mig_7series_0_mig/u_memc_ui_top_std/mem_intfc0/ddr_phy_top0/u_ddr_mc_phy_wrapper/u_ddr_mc_phy/ddr_phy_4lanes_0.u_ddr_phy_4lanes/ddr_byte_lane_C.ddr_byte_lane_C/ddr_byte_group_io/output_[2].oserdes_dq_.ddr.oserdes_dq_i/D2
                            (rising edge-triggered cell OSERDESE2 clocked by oserdes_clkdiv_2  {rise@0.000ns fall@3.077ns period=6.154ns})
  Path Group:             oserdes_clkdiv_2
  Path Type:              Hold (Min at Fast Process Corner)
  Requirement:            0.000ns  (oserdes_clkdiv_2 rise@0.000ns - oserdes_clkdiv_2 rise@0.000ns)
  Data Path Delay:        0.288ns  (logic 0.138ns (47.866%)  route 0.150ns (52.134%))
  Logic Levels:           0  
  Clock Path Skew:        0.177ns (DCD - SCD - CPR)
    Destination Clock Delay (DCD):    4.039ns
    Source Clock Delay      (SCD):    3.522ns
    Clock Pessimism Removal (CPR):    0.340ns

    Location             Delay type                Incr(ns)  Path(ns)    Netlist Resource(s)
  -------------------------------------------------------------------    -------------------
                         (clock oserdes_clkdiv_2 rise edge)
                                                      0.000     0.000 r  
    E3                                                0.000     0.000 r  sys_clk (IN)
                         net (fo=0)                   0.000     0.000    sys_clk
    E3                   IBUF (Prop_ibuf_I_O)         0.250     0.250 r  hw_mig.u_ibuf_sysclk/O
                         net (fo=2, routed)           0.440     0.690    hw_mig.sys_clk_ibuf
    MMCME2_ADV_X1Y2      MMCME2_ADV (Prop_mmcme2_adv_CLKIN1_CLKOUT0)
                                                      0.050     0.740 r  hw_mig.u_mmcm/CLKOUT0
                         net (fo=2, routed)           0.317     1.057    hw_mig.u_mig/u_mig_7series_0_mig/u_ddr2_infrastructure/lopt
    PLLE2_ADV_X1Y1       PLLE2_ADV (Prop_plle2_adv_CLKIN1_CLKOUT1)
                                                      0.050     1.107 r  hw_mig.u_mig/u_mig_7series_0_mig/u_ddr2_infrastructure/plle2_i/CLKOUT1
                         net (fo=7, routed)           0.197     1.304    hw_mig.u_mig/u_mig_7series_0_mig/u_memc_ui_top_std/mem_intfc0/ddr_phy_top0/u_ddr_mc_phy_wrapper/u_ddr_mc_phy/ddr_phy_4lanes_0.u_ddr_phy_4lanes/ddr_byte_lane_C.ddr_byte_lane_C/mem_refclk
    PHASER_OUT_PHY_X1Y6  PHASER_OUT_PHY (Prop_phaser_out_phy_MEMREFCLK_OCLK)
                                                      2.135     3.439 r  hw_mig.u_mig/u_mig_7series_0_mig/u_memc_ui_top_std/mem_intfc0/ddr_phy_top0/u_ddr_mc_phy_wrapper/u_ddr_mc_phy/ddr_phy_4lanes_0.u_ddr_phy_4lanes/ddr_byte_lane_C.ddr_byte_lane_C/phaser_out/OCLK
    PHASER_OUT_PHY_X1Y6  PHASER_OUT_PHY (Prop_phaser_out_phy_OCLK_OCLKDIV)
                                                      0.083     3.522 r  hw_mig.u_mig/u_mig_7series_0_mig/u_memc_ui_top_std/mem_intfc0/ddr_phy_top0/u_ddr_mc_phy_wrapper/u_ddr_mc_phy/ddr_phy_4lanes_0.u_ddr_phy_4lanes/ddr_byte_lane_C.ddr_byte_lane_C/phaser_out/OCLKDIV
                         net (fo=11, routed)          0.000     3.522    hw_mig.u_mig/u_mig_7series_0_mig/u_memc_ui_top_std/mem_intfc0/ddr_phy_top0/u_ddr_mc_phy_wrapper/u_ddr_mc_phy/ddr_phy_4lanes_0.u_ddr_phy_4lanes/ddr_byte_lane_C.ddr_byte_lane_C/oserdes_clkdiv
    OUT_FIFO_X1Y6        OUT_FIFO                                     r  hw_mig.u_mig/u_mig_7series_0_mig/u_memc_ui_top_std/mem_intfc0/ddr_phy_top0/u_ddr_mc_phy_wrapper/u_ddr_mc_phy/ddr_phy_4lanes_0.u_ddr_phy_4lanes/ddr_byte_lane_C.ddr_byte_lane_C/out_fifo/RDCLK
  -------------------------------------------------------------------    -------------------
    OUT_FIFO_X1Y6        OUT_FIFO (Prop_out_fifo_RDCLK_Q2[1])
                                                      0.138     3.660 r  hw_mig.u_mig/u_mig_7series_0_mig/u_memc_ui_top_std/mem_intfc0/ddr_phy_top0/u_ddr_mc_phy_wrapper/u_ddr_mc_phy/ddr_phy_4lanes_0.u_ddr_phy_4lanes/ddr_byte_lane_C.ddr_byte_lane_C/out_fifo/Q2[1]
                         net (fo=1, routed)           0.150     3.810    hw_mig.u_mig/u_mig_7series_0_mig/u_memc_ui_top_std/mem_intfc0/ddr_phy_top0/u_ddr_mc_phy_wrapper/u_ddr_mc_phy/ddr_phy_4lanes_0.u_ddr_phy_4lanes/ddr_byte_lane_C.ddr_byte_lane_C/ddr_byte_group_io/of_dqbus[9]
    OLOGIC_X1Y77         OSERDESE2                                    r  hw_mig.u_mig/u_mig_7series_0_mig/u_memc_ui_top_std/mem_intfc0/ddr_phy_top0/u_ddr_mc_phy_wrapper/u_ddr_mc_phy/ddr_phy_4lanes_0.u_ddr_phy_4lanes/ddr_byte_lane_C.ddr_byte_lane_C/ddr_byte_group_io/output_[2].oserdes_dq_.ddr.oserdes_dq_i/D2
  -------------------------------------------------------------------    -------------------

                         (clock oserdes_clkdiv_2 rise edge)
                                                      0.000     0.000 r  
    E3                                                0.000     0.000 r  sys_clk (IN)
                         net (fo=0)                   0.000     0.000    sys_clk
    E3                   IBUF (Prop_ibuf_I_O)         0.438     0.438 r  hw_mig.u_ibuf_sysclk/O
                         net (fo=2, routed)           0.480     0.918    hw_mig.sys_clk_ibuf
    MMCME2_ADV_X1Y2      MMCME2_ADV (Prop_mmcme2_adv_CLKIN1_CLKOUT0)
                                                      0.053     0.971 r  hw_mig.u_mmcm/CLKOUT0
                         net (fo=2, routed)           0.348     1.319    hw_mig.u_mig/u_mig_7series_0_mig/u_ddr2_infrastructure/lopt
    PLLE2_ADV_X1Y1       PLLE2_ADV (Prop_plle2_adv_CLKIN1_CLKOUT1)
                                                      0.053     1.372 r  hw_mig.u_mig/u_mig_7series_0_mig/u_ddr2_infrastructure/plle2_i/CLKOUT1
                         net (fo=7, routed)           0.218     1.590    hw_mig.u_mig/u_mig_7series_0_mig/u_memc_ui_top_std/mem_intfc0/ddr_phy_top0/u_ddr_mc_phy_wrapper/u_ddr_mc_phy/ddr_phy_4lanes_0.u_ddr_phy_4lanes/ddr_byte_lane_C.ddr_byte_lane_C/mem_refclk
    PHASER_OUT_PHY_X1Y6  PHASER_OUT_PHY (Prop_phaser_out_phy_MEMREFCLK_OCLK)
                                                      2.184     3.774 r  hw_mig.u_mig/u_mig_7series_0_mig/u_memc_ui_top_std/mem_intfc0/ddr_phy_top0/u_ddr_mc_phy_wrapper/u_ddr_mc_phy/ddr_phy_4lanes_0.u_ddr_phy_4lanes/ddr_byte_lane_C.ddr_byte_lane_C/phaser_out/OCLK
    PHASER_OUT_PHY_X1Y6  PHASER_OUT_PHY (Prop_phaser_out_phy_OCLK_OCLKDIV)
                                                      0.088     3.862 r  hw_mig.u_mig/u_mig_7series_0_mig/u_memc_ui_top_std/mem_intfc0/ddr_phy_top0/u_ddr_mc_phy_wrapper/u_ddr_mc_phy/ddr_phy_4lanes_0.u_ddr_phy_4lanes/ddr_byte_lane_C.ddr_byte_lane_C/phaser_out/OCLKDIV
                         net (fo=11, routed)          0.177     4.039    hw_mig.u_mig/u_mig_7series_0_mig/u_memc_ui_top_std/mem_intfc0/ddr_phy_top0/u_ddr_mc_phy_wrapper/u_ddr_mc_phy/ddr_phy_4lanes_0.u_ddr_phy_4lanes/ddr_byte_lane_C.ddr_byte_lane_C/ddr_byte_group_io/oserdes_clkdiv
    OLOGIC_X1Y77         OSERDESE2                                    r  hw_mig.u_mig/u_mig_7series_0_mig/u_memc_ui_top_std/mem_intfc0/ddr_phy_top0/u_ddr_mc_phy_wrapper/u_ddr_mc_phy/ddr_phy_4lanes_0.u_ddr_phy_4lanes/ddr_byte_lane_C.ddr_byte_lane_C/ddr_byte_group_io/output_[2].oserdes_dq_.ddr.oserdes_dq_i/CLKDIV
                         clock pessimism             -0.340     3.699    
    OLOGIC_X1Y77         OSERDESE2 (Hold_oserdese2_CLKDIV_D2)
                                                      0.019     3.718    hw_mig.u_mig/u_mig_7series_0_mig/u_memc_ui_top_std/mem_intfc0/ddr_phy_top0/u_ddr_mc_phy_wrapper/u_ddr_mc_phy/ddr_phy_4lanes_0.u_ddr_phy_4lanes/ddr_byte_lane_C.ddr_byte_lane_C/ddr_byte_group_io/output_[2].oserdes_dq_.ddr.oserdes_dq_i
  -------------------------------------------------------------------
                         required time                         -3.718    
                         arrival time                           3.810    
  -------------------------------------------------------------------
                         slack                                  0.092    





Pulse Width Checks
--------------------------------------------------------------------------------------
Clock Name:         oserdes_clkdiv_2
Waveform(ns):       { 0.000 3.077 }
Period(ns):         6.154
Sources:            { hw_mig.u_mig/u_mig_7series_0_mig/u_memc_ui_top_std/mem_intfc0/ddr_phy_top0/u_ddr_mc_phy_wrapper/u_ddr_mc_phy/ddr_phy_4lanes_0.u_ddr_phy_4lanes/ddr_byte_lane_C.ddr_byte_lane_C/phaser_out/OCLKDIV }

Check Type        Corner  Lib Pin         Reference Pin  Required(ns)  Actual(ns)  Slack(ns)  Location       Pin
Min Period        n/a     OUT_FIFO/RDCLK  n/a            5.000         6.154       1.154      OUT_FIFO_X1Y6  hw_mig.u_mig/u_mig_7series_0_mig/u_memc_ui_top_std/mem_intfc0/ddr_phy_top0/u_ddr_mc_phy_wrapper/u_ddr_mc_phy/ddr_phy_4lanes_0.u_ddr_phy_4lanes/ddr_byte_lane_C.ddr_byte_lane_C/out_fifo/RDCLK
Low Pulse Width   Slow    OUT_FIFO/RDCLK  n/a            2.150         3.077       0.927      OUT_FIFO_X1Y6  hw_mig.u_mig/u_mig_7series_0_mig/u_memc_ui_top_std/mem_intfc0/ddr_phy_top0/u_ddr_mc_phy_wrapper/u_ddr_mc_phy/ddr_phy_4lanes_0.u_ddr_phy_4lanes/ddr_byte_lane_C.ddr_byte_lane_C/out_fifo/RDCLK
High Pulse Width  Slow    OUT_FIFO/RDCLK  n/a            2.150         3.077       0.927      OUT_FIFO_X1Y6  hw_mig.u_mig/u_mig_7series_0_mig/u_memc_ui_top_std/mem_intfc0/ddr_phy_top0/u_ddr_mc_phy_wrapper/u_ddr_mc_phy/ddr_phy_4lanes_0.u_ddr_phy_4lanes/ddr_byte_lane_C.ddr_byte_lane_C/out_fifo/RDCLK



---------------------------------------------------------------------------------------------------
From Clock:  oserdes_clk_3
  To Clock:  oserdes_clk_3

Setup :           NA  Failing Endpoints,  Worst Slack           NA  ,  Total Violation           NA
Hold  :           NA  Failing Endpoints,  Worst Slack           NA  ,  Total Violation           NA
PW    :            0  Failing Endpoints,  Worst Slack        1.410ns,  Total Violation        0.000ns
---------------------------------------------------------------------------------------------------


Pulse Width Checks
--------------------------------------------------------------------------------------
Clock Name:         oserdes_clk_3
Waveform(ns):       { 0.000 1.538 }
Period(ns):         3.077
Sources:            { hw_mig.u_mig/u_mig_7series_0_mig/u_memc_ui_top_std/mem_intfc0/ddr_phy_top0/u_ddr_mc_phy_wrapper/u_ddr_mc_phy/ddr_phy_4lanes_0.u_ddr_phy_4lanes/ddr_byte_lane_D.ddr_byte_lane_D/phaser_out/OCLK }

Check Type  Corner  Lib Pin        Reference Pin  Required(ns)  Actual(ns)  Slack(ns)  Location      Pin
Min Period  n/a     OSERDESE2/CLK  n/a            1.667         3.077       1.410      OLOGIC_X1Y93  hw_mig.u_mig/u_mig_7series_0_mig/u_memc_ui_top_std/mem_intfc0/ddr_phy_top0/u_ddr_mc_phy_wrapper/u_ddr_mc_phy/ddr_phy_4lanes_0.u_ddr_phy_4lanes/ddr_byte_lane_D.ddr_byte_lane_D/ddr_byte_group_io/output_[10].oserdes_dq_.sdr.oserdes_dq_i/CLK



---------------------------------------------------------------------------------------------------
From Clock:  oserdes_clkdiv_3
  To Clock:  oserdes_clkdiv_3

Setup :            0  Failing Endpoints,  Worst Slack       10.609ns,  Total Violation        0.000ns
Hold  :            0  Failing Endpoints,  Worst Slack        0.086ns,  Total Violation        0.000ns
PW    :            0  Failing Endpoints,  Worst Slack        4.004ns,  Total Violation        0.000ns
---------------------------------------------------------------------------------------------------


Max Delay Paths
--------------------------------------------------------------------------------------
Slack (MET) :             10.609ns  (required time - arrival time)
  Source:                 hw_mig.u_mig/u_mig_7series_0_mig/u_memc_ui_top_std/mem_intfc0/ddr_phy_top0/u_ddr_mc_phy_wrapper/u_ddr_mc_phy/ddr_phy_4lanes_0.u_ddr_phy_4lanes/ddr_byte_lane_D.ddr_byte_lane_D/out_fifo/RDCLK
                            (rising edge-triggered cell OUT_FIFO clocked by oserdes_clkdiv_3  {rise@0.000ns fall@6.154ns period=12.308ns})
  Destination:            hw_mig.u_mig/u_mig_7series_0_mig/u_memc_ui_top_std/mem_intfc0/ddr_phy_top0/u_ddr_mc_phy_wrapper/u_ddr_mc_phy/ddr_phy_4lanes_0.u_ddr_phy_4lanes/ddr_byte_lane_D.ddr_byte_lane_D/ddr_byte_group_io/output_[7].oserdes_dq_.sdr.oserdes_dq_i/D4
                            (rising edge-triggered cell OSERDESE2 clocked by oserdes_clkdiv_3  {rise@0.000ns fall@6.154ns period=12.308ns})
  Path Group:             oserdes_clkdiv_3
  Path Type:              Setup (Max at Slow Process Corner)
  Requirement:            12.308ns  (oserdes_clkdiv_3 rise@12.308ns - oserdes_clkdiv_3 rise@0.000ns)
  Data Path Delay:        1.440ns  (logic 0.674ns (46.802%)  route 0.766ns (53.198%))
  Logic Levels:           0  
  Clock Path Skew:        0.423ns (DCD - SCD + CPR)
    Destination Clock Delay (DCD):    7.239ns = ( 19.547 - 12.308 ) 
    Source Clock Delay      (SCD):    7.121ns
    Clock Pessimism Removal (CPR):    0.305ns
  Clock Uncertainty:      0.057ns  ((TSJ^2 + DJ^2)^1/2) / 2 + PE
    Total System Jitter     (TSJ):    0.071ns
    Discrete Jitter          (DJ):    0.089ns
    Phase Error              (PE):    0.000ns

    Location             Delay type                Incr(ns)  Path(ns)    Netlist Resource(s)
  -------------------------------------------------------------------    -------------------
                         (clock oserdes_clkdiv_3 rise edge)
                                                      0.000     0.000 r  
    E3                                                0.000     0.000 r  sys_clk (IN)
                         net (fo=0)                   0.000     0.000    sys_clk
    E3                   IBUF (Prop_ibuf_I_O)         1.482     1.482 r  hw_mig.u_ibuf_sysclk/O
                         net (fo=2, routed)           1.233     2.715    hw_mig.sys_clk_ibuf
    MMCME2_ADV_X1Y2      MMCME2_ADV (Prop_mmcme2_adv_CLKIN1_CLKOUT0)
                                                      0.088     2.803 r  hw_mig.u_mmcm/CLKOUT0
                         net (fo=2, routed)           0.990     3.793    hw_mig.u_mig/u_mig_7series_0_mig/u_ddr2_infrastructure/lopt
    PLLE2_ADV_X1Y1       PLLE2_ADV (Prop_plle2_adv_CLKIN1_CLKOUT1)
                                                      0.088     3.881 r  hw_mig.u_mig/u_mig_7series_0_mig/u_ddr2_infrastructure/plle2_i/CLKOUT1
                         net (fo=7, routed)           0.603     4.484    hw_mig.u_mig/u_mig_7series_0_mig/u_memc_ui_top_std/mem_intfc0/ddr_phy_top0/u_ddr_mc_phy_wrapper/u_ddr_mc_phy/ddr_phy_4lanes_0.u_ddr_phy_4lanes/ddr_byte_lane_D.ddr_byte_lane_D/mem_refclk
    PHASER_OUT_PHY_X1Y7  PHASER_OUT_PHY (Prop_phaser_out_phy_MEMREFCLK_OCLK)
                                                      2.480     6.964 r  hw_mig.u_mig/u_mig_7series_0_mig/u_memc_ui_top_std/mem_intfc0/ddr_phy_top0/u_ddr_mc_phy_wrapper/u_ddr_mc_phy/ddr_phy_4lanes_0.u_ddr_phy_4lanes/ddr_byte_lane_D.ddr_byte_lane_D/phaser_out/OCLK
    PHASER_OUT_PHY_X1Y7  PHASER_OUT_PHY (Prop_phaser_out_phy_OCLK_OCLKDIV)
                                                      0.157     7.121 r  hw_mig.u_mig/u_mig_7series_0_mig/u_memc_ui_top_std/mem_intfc0/ddr_phy_top0/u_ddr_mc_phy_wrapper/u_ddr_mc_phy/ddr_phy_4lanes_0.u_ddr_phy_4lanes/ddr_byte_lane_D.ddr_byte_lane_D/phaser_out/OCLKDIV
                         net (fo=11, routed)          0.000     7.121    hw_mig.u_mig/u_mig_7series_0_mig/u_memc_ui_top_std/mem_intfc0/ddr_phy_top0/u_ddr_mc_phy_wrapper/u_ddr_mc_phy/ddr_phy_4lanes_0.u_ddr_phy_4lanes/ddr_byte_lane_D.ddr_byte_lane_D/oserdes_clkdiv
    OUT_FIFO_X1Y7        OUT_FIFO                                     r  hw_mig.u_mig/u_mig_7series_0_mig/u_memc_ui_top_std/mem_intfc0/ddr_phy_top0/u_ddr_mc_phy_wrapper/u_ddr_mc_phy/ddr_phy_4lanes_0.u_ddr_phy_4lanes/ddr_byte_lane_D.ddr_byte_lane_D/out_fifo/RDCLK
  -------------------------------------------------------------------    -------------------
    OUT_FIFO_X1Y7        OUT_FIFO (Prop_out_fifo_RDCLK_Q7[3])
                                                      0.674     7.795 r  hw_mig.u_mig/u_mig_7series_0_mig/u_memc_ui_top_std/mem_intfc0/ddr_phy_top0/u_ddr_mc_phy_wrapper/u_ddr_mc_phy/ddr_phy_4lanes_0.u_ddr_phy_4lanes/ddr_byte_lane_D.ddr_byte_lane_D/out_fifo/Q7[3]
                         net (fo=1, routed)           0.766     8.561    hw_mig.u_mig/u_mig_7series_0_mig/u_memc_ui_top_std/mem_intfc0/ddr_phy_top0/u_ddr_mc_phy_wrapper/u_ddr_mc_phy/ddr_phy_4lanes_0.u_ddr_phy_4lanes/ddr_byte_lane_D.ddr_byte_lane_D/ddr_byte_group_io/oserdes_dq[23]
    OLOGIC_X1Y99         OSERDESE2                                    r  hw_mig.u_mig/u_mig_7series_0_mig/u_memc_ui_top_std/mem_intfc0/ddr_phy_top0/u_ddr_mc_phy_wrapper/u_ddr_mc_phy/ddr_phy_4lanes_0.u_ddr_phy_4lanes/ddr_byte_lane_D.ddr_byte_lane_D/ddr_byte_group_io/output_[7].oserdes_dq_.sdr.oserdes_dq_i/D4
  -------------------------------------------------------------------    -------------------

                         (clock oserdes_clkdiv_3 rise edge)
                                                     12.308    12.308 r  
    E3                                                0.000    12.308 r  sys_clk (IN)
                         net (fo=0)                   0.000    12.308    sys_clk
    E3                   IBUF (Prop_ibuf_I_O)         1.411    13.719 r  hw_mig.u_ibuf_sysclk/O
                         net (fo=2, routed)           1.162    14.881    hw_mig.sys_clk_ibuf
    MMCME2_ADV_X1Y2      MMCME2_ADV (Prop_mmcme2_adv_CLKIN1_CLKOUT0)
                                                      0.083    14.964 r  hw_mig.u_mmcm/CLKOUT0
                         net (fo=2, routed)           0.941    15.905    hw_mig.u_mig/u_mig_7series_0_mig/u_ddr2_infrastructure/lopt
    PLLE2_ADV_X1Y1       PLLE2_ADV (Prop_plle2_adv_CLKIN1_CLKOUT1)
                                                      0.083    15.988 r  hw_mig.u_mig/u_mig_7series_0_mig/u_ddr2_infrastructure/plle2_i/CLKOUT1
                         net (fo=7, routed)           0.572    16.560    hw_mig.u_mig/u_mig_7series_0_mig/u_memc_ui_top_std/mem_intfc0/ddr_phy_top0/u_ddr_mc_phy_wrapper/u_ddr_mc_phy/ddr_phy_4lanes_0.u_ddr_phy_4lanes/ddr_byte_lane_D.ddr_byte_lane_D/mem_refclk
    PHASER_OUT_PHY_X1Y7  PHASER_OUT_PHY (Prop_phaser_out_phy_MEMREFCLK_OCLK)
                                                      2.416    18.976 r  hw_mig.u_mig/u_mig_7series_0_mig/u_memc_ui_top_std/mem_intfc0/ddr_phy_top0/u_ddr_mc_phy_wrapper/u_ddr_mc_phy/ddr_phy_4lanes_0.u_ddr_phy_4lanes/ddr_byte_lane_D.ddr_byte_lane_D/phaser_out/OCLK
    PHASER_OUT_PHY_X1Y7  PHASER_OUT_PHY (Prop_phaser_out_phy_OCLK_OCLKDIV)
                                                      0.148    19.124 r  hw_mig.u_mig/u_mig_7series_0_mig/u_memc_ui_top_std/mem_intfc0/ddr_phy_top0/u_ddr_mc_phy_wrapper/u_ddr_mc_phy/ddr_phy_4lanes_0.u_ddr_phy_4lanes/ddr_byte_lane_D.ddr_byte_lane_D/phaser_out/OCLKDIV
                         net (fo=11, routed)          0.423    19.547    hw_mig.u_mig/u_mig_7series_0_mig/u_memc_ui_top_std/mem_intfc0/ddr_phy_top0/u_ddr_mc_phy_wrapper/u_ddr_mc_phy/ddr_phy_4lanes_0.u_ddr_phy_4lanes/ddr_byte_lane_D.ddr_byte_lane_D/ddr_byte_group_io/oserdes_clkdiv
    OLOGIC_X1Y99         OSERDESE2                                    r  hw_mig.u_mig/u_mig_7series_0_mig/u_memc_ui_top_std/mem_intfc0/ddr_phy_top0/u_ddr_mc_phy_wrapper/u_ddr_mc_phy/ddr_phy_4lanes_0.u_ddr_phy_4lanes/ddr_byte_lane_D.ddr_byte_lane_D/ddr_byte_group_io/output_[7].oserdes_dq_.sdr.oserdes_dq_i/CLKDIV
                         clock pessimism              0.305    19.852    
                         clock uncertainty           -0.057    19.795    
    OLOGIC_X1Y99         OSERDESE2 (Setup_oserdese2_CLKDIV_D4)
                                                     -0.625    19.170    hw_mig.u_mig/u_mig_7series_0_mig/u_memc_ui_top_std/mem_intfc0/ddr_phy_top0/u_ddr_mc_phy_wrapper/u_ddr_mc_phy/ddr_phy_4lanes_0.u_ddr_phy_4lanes/ddr_byte_lane_D.ddr_byte_lane_D/ddr_byte_group_io/output_[7].oserdes_dq_.sdr.oserdes_dq_i
  -------------------------------------------------------------------
                         required time                         19.170    
                         arrival time                          -8.561    
  -------------------------------------------------------------------
                         slack                                 10.609    





Min Delay Paths
--------------------------------------------------------------------------------------
Slack (MET) :             0.086ns  (arrival time - required time)
  Source:                 hw_mig.u_mig/u_mig_7series_0_mig/u_memc_ui_top_std/mem_intfc0/ddr_phy_top0/u_ddr_mc_phy_wrapper/u_ddr_mc_phy/ddr_phy_4lanes_0.u_ddr_phy_4lanes/ddr_byte_lane_D.ddr_byte_lane_D/out_fifo/RDCLK
                            (rising edge-triggered cell OUT_FIFO clocked by oserdes_clkdiv_3  {rise@0.000ns fall@6.154ns period=12.308ns})
  Destination:            hw_mig.u_mig/u_mig_7series_0_mig/u_memc_ui_top_std/mem_intfc0/ddr_phy_top0/u_ddr_mc_phy_wrapper/u_ddr_mc_phy/ddr_phy_4lanes_0.u_ddr_phy_4lanes/ddr_byte_lane_D.ddr_byte_lane_D/ddr_byte_group_io/output_[2].oserdes_dq_.sdr.oserdes_dq_i/D2
                            (rising edge-triggered cell OSERDESE2 clocked by oserdes_clkdiv_3  {rise@0.000ns fall@6.154ns period=12.308ns})
  Path Group:             oserdes_clkdiv_3
  Path Type:              Hold (Min at Fast Process Corner)
  Requirement:            0.000ns  (oserdes_clkdiv_3 rise@0.000ns - oserdes_clkdiv_3 rise@0.000ns)
  Data Path Delay:        0.288ns  (logic 0.138ns (47.866%)  route 0.150ns (52.134%))
  Logic Levels:           0  
  Clock Path Skew:        0.183ns (DCD - SCD - CPR)
    Destination Clock Delay (DCD):    4.036ns
    Source Clock Delay      (SCD):    3.515ns
    Clock Pessimism Removal (CPR):    0.338ns

    Location             Delay type                Incr(ns)  Path(ns)    Netlist Resource(s)
  -------------------------------------------------------------------    -------------------
                         (clock oserdes_clkdiv_3 rise edge)
                                                      0.000     0.000 r  
    E3                                                0.000     0.000 r  sys_clk (IN)
                         net (fo=0)                   0.000     0.000    sys_clk
    E3                   IBUF (Prop_ibuf_I_O)         0.250     0.250 r  hw_mig.u_ibuf_sysclk/O
                         net (fo=2, routed)           0.440     0.690    hw_mig.sys_clk_ibuf
    MMCME2_ADV_X1Y2      MMCME2_ADV (Prop_mmcme2_adv_CLKIN1_CLKOUT0)
                                                      0.050     0.740 r  hw_mig.u_mmcm/CLKOUT0
                         net (fo=2, routed)           0.317     1.057    hw_mig.u_mig/u_mig_7series_0_mig/u_ddr2_infrastructure/lopt
    PLLE2_ADV_X1Y1       PLLE2_ADV (Prop_plle2_adv_CLKIN1_CLKOUT1)
                                                      0.050     1.107 r  hw_mig.u_mig/u_mig_7series_0_mig/u_ddr2_infrastructure/plle2_i/CLKOUT1
                         net (fo=7, routed)           0.190     1.297    hw_mig.u_mig/u_mig_7series_0_mig/u_memc_ui_top_std/mem_intfc0/ddr_phy_top0/u_ddr_mc_phy_wrapper/u_ddr_mc_phy/ddr_phy_4lanes_0.u_ddr_phy_4lanes/ddr_byte_lane_D.ddr_byte_lane_D/mem_refclk
    PHASER_OUT_PHY_X1Y7  PHASER_OUT_PHY (Prop_phaser_out_phy_MEMREFCLK_OCLK)
                                                      2.135     3.432 r  hw_mig.u_mig/u_mig_7series_0_mig/u_memc_ui_top_std/mem_intfc0/ddr_phy_top0/u_ddr_mc_phy_wrapper/u_ddr_mc_phy/ddr_phy_4lanes_0.u_ddr_phy_4lanes/ddr_byte_lane_D.ddr_byte_lane_D/phaser_out/OCLK
    PHASER_OUT_PHY_X1Y7  PHASER_OUT_PHY (Prop_phaser_out_phy_OCLK_OCLKDIV)
                                                      0.083     3.515 r  hw_mig.u_mig/u_mig_7series_0_mig/u_memc_ui_top_std/mem_intfc0/ddr_phy_top0/u_ddr_mc_phy_wrapper/u_ddr_mc_phy/ddr_phy_4lanes_0.u_ddr_phy_4lanes/ddr_byte_lane_D.ddr_byte_lane_D/phaser_out/OCLKDIV
                         net (fo=11, routed)          0.000     3.515    hw_mig.u_mig/u_mig_7series_0_mig/u_memc_ui_top_std/mem_intfc0/ddr_phy_top0/u_ddr_mc_phy_wrapper/u_ddr_mc_phy/ddr_phy_4lanes_0.u_ddr_phy_4lanes/ddr_byte_lane_D.ddr_byte_lane_D/oserdes_clkdiv
    OUT_FIFO_X1Y7        OUT_FIFO                                     r  hw_mig.u_mig/u_mig_7series_0_mig/u_memc_ui_top_std/mem_intfc0/ddr_phy_top0/u_ddr_mc_phy_wrapper/u_ddr_mc_phy/ddr_phy_4lanes_0.u_ddr_phy_4lanes/ddr_byte_lane_D.ddr_byte_lane_D/out_fifo/RDCLK
  -------------------------------------------------------------------    -------------------
    OUT_FIFO_X1Y7        OUT_FIFO (Prop_out_fifo_RDCLK_Q2[1])
                                                      0.138     3.653 r  hw_mig.u_mig/u_mig_7series_0_mig/u_memc_ui_top_std/mem_intfc0/ddr_phy_top0/u_ddr_mc_phy_wrapper/u_ddr_mc_phy/ddr_phy_4lanes_0.u_ddr_phy_4lanes/ddr_byte_lane_D.ddr_byte_lane_D/out_fifo/Q2[1]
                         net (fo=1, routed)           0.150     3.803    hw_mig.u_mig/u_mig_7series_0_mig/u_memc_ui_top_std/mem_intfc0/ddr_phy_top0/u_ddr_mc_phy_wrapper/u_ddr_mc_phy/ddr_phy_4lanes_0.u_ddr_phy_4lanes/ddr_byte_lane_D.ddr_byte_lane_D/ddr_byte_group_io/oserdes_dq[1]
    OLOGIC_X1Y89         OSERDESE2                                    r  hw_mig.u_mig/u_mig_7series_0_mig/u_memc_ui_top_std/mem_intfc0/ddr_phy_top0/u_ddr_mc_phy_wrapper/u_ddr_mc_phy/ddr_phy_4lanes_0.u_ddr_phy_4lanes/ddr_byte_lane_D.ddr_byte_lane_D/ddr_byte_group_io/output_[2].oserdes_dq_.sdr.oserdes_dq_i/D2
  -------------------------------------------------------------------    -------------------

                         (clock oserdes_clkdiv_3 rise edge)
                                                      0.000     0.000 r  
    E3                                                0.000     0.000 r  sys_clk (IN)
                         net (fo=0)                   0.000     0.000    sys_clk
    E3                   IBUF (Prop_ibuf_I_O)         0.438     0.438 r  hw_mig.u_ibuf_sysclk/O
                         net (fo=2, routed)           0.480     0.918    hw_mig.sys_clk_ibuf
    MMCME2_ADV_X1Y2      MMCME2_ADV (Prop_mmcme2_adv_CLKIN1_CLKOUT0)
                                                      0.053     0.971 r  hw_mig.u_mmcm/CLKOUT0
                         net (fo=2, routed)           0.348     1.319    hw_mig.u_mig/u_mig_7series_0_mig/u_ddr2_infrastructure/lopt
    PLLE2_ADV_X1Y1       PLLE2_ADV (Prop_plle2_adv_CLKIN1_CLKOUT1)
                                                      0.053     1.372 r  hw_mig.u_mig/u_mig_7series_0_mig/u_ddr2_infrastructure/plle2_i/CLKOUT1
                         net (fo=7, routed)           0.209     1.581    hw_mig.u_mig/u_mig_7series_0_mig/u_memc_ui_top_std/mem_intfc0/ddr_phy_top0/u_ddr_mc_phy_wrapper/u_ddr_mc_phy/ddr_phy_4lanes_0.u_ddr_phy_4lanes/ddr_byte_lane_D.ddr_byte_lane_D/mem_refclk
    PHASER_OUT_PHY_X1Y7  PHASER_OUT_PHY (Prop_phaser_out_phy_MEMREFCLK_OCLK)
                                                      2.184     3.765 r  hw_mig.u_mig/u_mig_7series_0_mig/u_memc_ui_top_std/mem_intfc0/ddr_phy_top0/u_ddr_mc_phy_wrapper/u_ddr_mc_phy/ddr_phy_4lanes_0.u_ddr_phy_4lanes/ddr_byte_lane_D.ddr_byte_lane_D/phaser_out/OCLK
    PHASER_OUT_PHY_X1Y7  PHASER_OUT_PHY (Prop_phaser_out_phy_OCLK_OCLKDIV)
                                                      0.088     3.853 r  hw_mig.u_mig/u_mig_7series_0_mig/u_memc_ui_top_std/mem_intfc0/ddr_phy_top0/u_ddr_mc_phy_wrapper/u_ddr_mc_phy/ddr_phy_4lanes_0.u_ddr_phy_4lanes/ddr_byte_lane_D.ddr_byte_lane_D/phaser_out/OCLKDIV
                         net (fo=11, routed)          0.183     4.036    hw_mig.u_mig/u_mig_7series_0_mig/u_memc_ui_top_std/mem_intfc0/ddr_phy_top0/u_ddr_mc_phy_wrapper/u_ddr_mc_phy/ddr_phy_4lanes_0.u_ddr_phy_4lanes/ddr_byte_lane_D.ddr_byte_lane_D/ddr_byte_group_io/oserdes_clkdiv
    OLOGIC_X1Y89         OSERDESE2                                    r  hw_mig.u_mig/u_mig_7series_0_mig/u_memc_ui_top_std/mem_intfc0/ddr_phy_top0/u_ddr_mc_phy_wrapper/u_ddr_mc_phy/ddr_phy_4lanes_0.u_ddr_phy_4lanes/ddr_byte_lane_D.ddr_byte_lane_D/ddr_byte_group_io/output_[2].oserdes_dq_.sdr.oserdes_dq_i/CLKDIV
                         clock pessimism             -0.338     3.698    
    OLOGIC_X1Y89         OSERDESE2 (Hold_oserdese2_CLKDIV_D2)
                                                      0.019     3.717    hw_mig.u_mig/u_mig_7series_0_mig/u_memc_ui_top_std/mem_intfc0/ddr_phy_top0/u_ddr_mc_phy_wrapper/u_ddr_mc_phy/ddr_phy_4lanes_0.u_ddr_phy_4lanes/ddr_byte_lane_D.ddr_byte_lane_D/ddr_byte_group_io/output_[2].oserdes_dq_.sdr.oserdes_dq_i
  -------------------------------------------------------------------
                         required time                         -3.717    
                         arrival time                           3.803    
  -------------------------------------------------------------------
                         slack                                  0.086    





Pulse Width Checks
--------------------------------------------------------------------------------------
Clock Name:         oserdes_clkdiv_3
Waveform(ns):       { 0.000 6.154 }
Period(ns):         12.308
Sources:            { hw_mig.u_mig/u_mig_7series_0_mig/u_memc_ui_top_std/mem_intfc0/ddr_phy_top0/u_ddr_mc_phy_wrapper/u_ddr_mc_phy/ddr_phy_4lanes_0.u_ddr_phy_4lanes/ddr_byte_lane_D.ddr_byte_lane_D/phaser_out/OCLKDIV }

Check Type        Corner  Lib Pin         Reference Pin  Required(ns)  Actual(ns)  Slack(ns)  Location       Pin
Min Period        n/a     OUT_FIFO/RDCLK  n/a            5.000         12.308      7.308      OUT_FIFO_X1Y7  hw_mig.u_mig/u_mig_7series_0_mig/u_memc_ui_top_std/mem_intfc0/ddr_phy_top0/u_ddr_mc_phy_wrapper/u_ddr_mc_phy/ddr_phy_4lanes_0.u_ddr_phy_4lanes/ddr_byte_lane_D.ddr_byte_lane_D/out_fifo/RDCLK
Low Pulse Width   Slow    OUT_FIFO/RDCLK  n/a            2.150         6.154       4.004      OUT_FIFO_X1Y7  hw_mig.u_mig/u_mig_7series_0_mig/u_memc_ui_top_std/mem_intfc0/ddr_phy_top0/u_ddr_mc_phy_wrapper/u_ddr_mc_phy/ddr_phy_4lanes_0.u_ddr_phy_4lanes/ddr_byte_lane_D.ddr_byte_lane_D/out_fifo/RDCLK
High Pulse Width  Slow    OUT_FIFO/RDCLK  n/a            2.150         6.154       4.004      OUT_FIFO_X1Y7  hw_mig.u_mig/u_mig_7series_0_mig/u_memc_ui_top_std/mem_intfc0/ddr_phy_top0/u_ddr_mc_phy_wrapper/u_ddr_mc_phy/ddr_phy_4lanes_0.u_ddr_phy_4lanes/ddr_byte_lane_D.ddr_byte_lane_D/out_fifo/RDCLK



---------------------------------------------------------------------------------------------------
From Clock:  pll_clk3_out
  To Clock:  pll_clk3_out

Setup :           NA  Failing Endpoints,  Worst Slack           NA  ,  Total Violation           NA
Hold  :           NA  Failing Endpoints,  Worst Slack           NA  ,  Total Violation           NA
PW    :            0  Failing Endpoints,  Worst Slack        3.154ns,  Total Violation        0.000ns
---------------------------------------------------------------------------------------------------


Pulse Width Checks
--------------------------------------------------------------------------------------
Clock Name:         pll_clk3_out
Waveform(ns):       { 0.000 6.154 }
Period(ns):         12.308
Sources:            { hw_mig.u_mig/u_mig_7series_0_mig/u_ddr2_infrastructure/plle2_i/CLKOUT3 }

Check Type        Corner  Lib Pin            Reference Pin  Required(ns)  Actual(ns)  Slack(ns)  Location         Pin
Min Period        n/a     BUFH/I             n/a            2.155         12.308      10.152     BUFHCE_X1Y12     hw_mig.u_mig/u_mig_7series_0_mig/u_ddr2_infrastructure/u_bufh_pll_clk3/I
Max Period        n/a     MMCME2_ADV/CLKIN1  n/a            100.000       12.308      87.692     MMCME2_ADV_X1Y1  hw_mig.u_mig/u_mig_7series_0_mig/u_ddr2_infrastructure/gen_mmcm.mmcm_i/CLKIN1
Low Pulse Width   Slow    MMCME2_ADV/CLKIN1  n/a            3.000         6.154       3.154      MMCME2_ADV_X1Y1  hw_mig.u_mig/u_mig_7series_0_mig/u_ddr2_infrastructure/gen_mmcm.mmcm_i/CLKIN1
High Pulse Width  Slow    MMCME2_ADV/CLKIN1  n/a            3.000         6.154       3.154      MMCME2_ADV_X1Y1  hw_mig.u_mig/u_mig_7series_0_mig/u_ddr2_infrastructure/gen_mmcm.mmcm_i/CLKIN1



---------------------------------------------------------------------------------------------------
From Clock:  clk_pll_i
  To Clock:  clk_pll_i

Setup :            0  Failing Endpoints,  Worst Slack        1.033ns,  Total Violation        0.000ns
Hold  :            0  Failing Endpoints,  Worst Slack        0.015ns,  Total Violation        0.000ns
PW    :            0  Failing Endpoints,  Worst Slack        4.004ns,  Total Violation        0.000ns
---------------------------------------------------------------------------------------------------


Max Delay Paths
--------------------------------------------------------------------------------------
Slack (MET) :             1.033ns  (required time - arrival time)
  Source:                 u_mac_ctrl/m_idx_reg[16]/C
                            (rising edge-triggered cell FDCE clocked by clk_pll_i  {rise@0.000ns fall@6.154ns period=12.308ns})
  Destination:            u_mac_ctrl/mem_rd_addr_reg[25]/D
                            (rising edge-triggered cell FDCE clocked by clk_pll_i  {rise@0.000ns fall@6.154ns period=12.308ns})
  Path Group:             clk_pll_i
  Path Type:              Setup (Max at Slow Process Corner)
  Requirement:            12.308ns  (clk_pll_i rise@12.308ns - clk_pll_i rise@0.000ns)
  Data Path Delay:        11.240ns  (logic 8.300ns (73.842%)  route 2.940ns (26.158%))
  Logic Levels:           8  (CARRY4=4 DSP48E1=2 LUT4=1 LUT6=1)
  Clock Path Skew:        -0.043ns (DCD - SCD + CPR)
    Destination Clock Delay (DCD):    5.931ns = ( 18.238 - 12.308 ) 
    Source Clock Delay      (SCD):    6.305ns
    Clock Pessimism Removal (CPR):    0.331ns
  Clock Uncertainty:      0.053ns  ((TSJ^2 + DJ^2)^1/2) / 2 + PE
    Total System Jitter     (TSJ):    0.071ns
    Discrete Jitter          (DJ):    0.079ns
    Phase Error              (PE):    0.000ns

    Location             Delay type                Incr(ns)  Path(ns)    Netlist Resource(s)
  -------------------------------------------------------------------    -------------------
                         (clock clk_pll_i rise edge)
                                                      0.000     0.000 r  
    E3                                                0.000     0.000 r  sys_clk (IN)
                         net (fo=0)                   0.000     0.000    sys_clk
    E3                   IBUF (Prop_ibuf_I_O)         1.482     1.482 r  hw_mig.u_ibuf_sysclk/O
                         net (fo=2, routed)           1.233     2.715    hw_mig.sys_clk_ibuf
    MMCME2_ADV_X1Y2      MMCME2_ADV (Prop_mmcme2_adv_CLKIN1_CLKOUT0)
                                                      0.088     2.803 r  hw_mig.u_mmcm/CLKOUT0
                         net (fo=2, routed)           0.990     3.793    hw_mig.u_mig/u_mig_7series_0_mig/u_ddr2_infrastructure/lopt
    PLLE2_ADV_X1Y1       PLLE2_ADV (Prop_plle2_adv_CLKIN1_CLKOUT3)
                                                      0.088     3.881 r  hw_mig.u_mig/u_mig_7series_0_mig/u_ddr2_infrastructure/plle2_i/CLKOUT3
                         net (fo=1, routed)           1.281     5.162    hw_mig.u_mig/u_mig_7series_0_mig/u_ddr2_infrastructure/pll_clk3_out
    BUFHCE_X1Y12         BUFH (Prop_bufh_I_O)         0.127     5.289 r  hw_mig.u_mig/u_mig_7series_0_mig/u_ddr2_infrastructure/u_bufh_pll_clk3/O
                         net (fo=1, routed)           0.841     6.130    hw_mig.u_mig/u_mig_7series_0_mig/u_ddr2_infrastructure/pll_clk3
    MMCME2_ADV_X1Y1      MMCME2_ADV (Prop_mmcme2_adv_CLKIN1_CLKFBOUT)
                                                     -3.457     2.673 r  hw_mig.u_mig/u_mig_7series_0_mig/u_ddr2_infrastructure/gen_mmcm.mmcm_i/CLKFBOUT
                         net (fo=1, routed)           1.719     4.393    hw_mig.u_mig/u_mig_7series_0_mig/u_ddr2_infrastructure/clk_pll_i
    BUFGCTRL_X0Y0        BUFG (Prop_bufg_I_O)         0.096     4.489 r  hw_mig.u_mig/u_mig_7series_0_mig/u_ddr2_infrastructure/u_bufg_clkdiv0/O
                         net (fo=11649, routed)       1.816     6.305    u_mac_ctrl/ui_clk
    SLICE_X15Y10         FDCE                                         r  u_mac_ctrl/m_idx_reg[16]/C
  -------------------------------------------------------------------    -------------------
    SLICE_X15Y10         FDCE (Prop_fdce_C_Q)         0.419     6.724 r  u_mac_ctrl/m_idx_reg[16]/Q
                         net (fo=3, routed)           0.856     7.580    u_mac_ctrl/mem_wr_addr1[18]
    DSP48_X0Y4           DSP48E1 (Prop_dsp48e1_A[16]_PCOUT[47])
                                                      4.211    11.791 r  u_mac_ctrl/mem_rd_addr2__0/PCOUT[47]
                         net (fo=1, routed)           0.002    11.793    u_mac_ctrl/mem_rd_addr2__0_n_106
    DSP48_X0Y5           DSP48E1 (Prop_dsp48e1_PCIN[47]_P[0])
                                                      1.518    13.311 r  u_mac_ctrl/mem_rd_addr2__1/P[0]
                         net (fo=2, routed)           1.050    14.361    u_mac_ctrl/mem_rd_addr2__1_n_105
    SLICE_X13Y5          CARRY4 (Prop_carry4_DI[1]_CO[3])
                                                      0.507    14.868 r  u_mac_ctrl/mem_rd_addr_reg[23]_i_14/CO[3]
                         net (fo=1, routed)           0.000    14.868    u_mac_ctrl/mem_rd_addr_reg[23]_i_14_n_0
    SLICE_X13Y6          CARRY4 (Prop_carry4_CI_O[1])
                                                      0.334    15.202 f  u_mac_ctrl/mem_rd_addr_reg[26]_i_10__0/O[1]
                         net (fo=2, routed)           0.583    15.785    u_mac_ctrl/in7[21]
    SLICE_X20Y6          LUT4 (Prop_lut4_I3_O)        0.303    16.088 r  u_mac_ctrl/mem_rd_addr[23]_i_17__0/O
                         net (fo=1, routed)           0.449    16.537    u_mac_ctrl/mem_rd_addr[23]_i_17__0_n_0
    SLICE_X22Y6          LUT6 (Prop_lut6_I4_O)        0.124    16.661 r  u_mac_ctrl/mem_rd_addr[23]_i_8__0/O
                         net (fo=1, routed)           0.000    16.661    u_mac_ctrl/mem_rd_addr[23]_i_8__0_n_0
    SLICE_X22Y6          CARRY4 (Prop_carry4_S[1]_CO[3])
                                                      0.550    17.211 r  u_mac_ctrl/mem_rd_addr_reg[23]_i_1__0/CO[3]
                         net (fo=1, routed)           0.000    17.211    u_mac_ctrl/mem_rd_addr_reg[23]_i_1__0_n_0
    SLICE_X22Y7          CARRY4 (Prop_carry4_CI_O[1])
                                                      0.334    17.545 r  u_mac_ctrl/mem_rd_addr_reg[26]_i_1/O[1]
                         net (fo=1, routed)           0.000    17.545    u_mac_ctrl/mem_rd_addr_reg[26]_i_1_n_6
    SLICE_X22Y7          FDCE                                         r  u_mac_ctrl/mem_rd_addr_reg[25]/D
  -------------------------------------------------------------------    -------------------

                         (clock clk_pll_i rise edge)
                                                     12.308    12.308 r  
    E3                                                0.000    12.308 r  sys_clk (IN)
                         net (fo=0)                   0.000    12.308    sys_clk
    E3                   IBUF (Prop_ibuf_I_O)         1.411    13.719 r  hw_mig.u_ibuf_sysclk/O
                         net (fo=2, routed)           1.162    14.881    hw_mig.sys_clk_ibuf
    MMCME2_ADV_X1Y2      MMCME2_ADV (Prop_mmcme2_adv_CLKIN1_CLKOUT0)
                                                      0.083    14.964 r  hw_mig.u_mmcm/CLKOUT0
                         net (fo=2, routed)           0.941    15.905    hw_mig.u_mig/u_mig_7series_0_mig/u_ddr2_infrastructure/lopt
    PLLE2_ADV_X1Y1       PLLE2_ADV (Prop_plle2_adv_CLKIN1_CLKOUT3)
                                                      0.083    15.988 r  hw_mig.u_mig/u_mig_7series_0_mig/u_ddr2_infrastructure/plle2_i/CLKOUT3
                         net (fo=1, routed)           1.205    17.193    hw_mig.u_mig/u_mig_7series_0_mig/u_ddr2_infrastructure/pll_clk3_out
    BUFHCE_X1Y12         BUFH (Prop_bufh_I_O)         0.081    17.274 r  hw_mig.u_mig/u_mig_7series_0_mig/u_ddr2_infrastructure/u_bufh_pll_clk3/O
                         net (fo=1, routed)           0.799    18.073    hw_mig.u_mig/u_mig_7series_0_mig/u_ddr2_infrastructure/pll_clk3
    MMCME2_ADV_X1Y1      MMCME2_ADV (Prop_mmcme2_adv_CLKIN1_CLKFBOUT)
                                                     -3.249    14.823 r  hw_mig.u_mig/u_mig_7series_0_mig/u_ddr2_infrastructure/gen_mmcm.mmcm_i/CLKFBOUT
                         net (fo=1, routed)           1.639    16.462    hw_mig.u_mig/u_mig_7series_0_mig/u_ddr2_infrastructure/clk_pll_i
    BUFGCTRL_X0Y0        BUFG (Prop_bufg_I_O)         0.091    16.553 r  hw_mig.u_mig/u_mig_7series_0_mig/u_ddr2_infrastructure/u_bufg_clkdiv0/O
                         net (fo=11649, routed)       1.685    18.238    u_mac_ctrl/ui_clk
    SLICE_X22Y7          FDCE                                         r  u_mac_ctrl/mem_rd_addr_reg[25]/C
                         clock pessimism              0.331    18.570    
                         clock uncertainty           -0.053    18.516    
    SLICE_X22Y7          FDCE (Setup_fdce_C_D)        0.062    18.578    u_mac_ctrl/mem_rd_addr_reg[25]
  -------------------------------------------------------------------
                         required time                         18.578    
                         arrival time                         -17.545    
  -------------------------------------------------------------------
                         slack                                  1.033    





Min Delay Paths
--------------------------------------------------------------------------------------
Slack (MET) :             0.015ns  (arrival time - required time)
  Source:                 hw_mig.u_mig/u_mig_7series_0_mig/u_memc_ui_top_std/mem_intfc0/ddr_phy_top0/u_ddr_calib_top/u_ddr_phy_wrcal/gen_mux_rd_div4.gen_mux_rd[5].mux_rd_fall2_r_reg[5]/C
                            (rising edge-triggered cell FDRE clocked by clk_pll_i  {rise@0.000ns fall@6.154ns period=12.308ns})
  Destination:            hw_mig.u_mig/u_mig_7series_0_mig/u_memc_ui_top_std/mem_intfc0/ddr_phy_top0/u_ddr_calib_top/u_ddr_phy_wrcal/gen_sr_div4.gen_sr[5].sr_fall2_r_reg[5][0]/D
                            (rising edge-triggered cell FDRE clocked by clk_pll_i  {rise@0.000ns fall@6.154ns period=12.308ns})
  Path Group:             clk_pll_i
  Path Type:              Hold (Min at Fast Process Corner)
  Requirement:            0.000ns  (clk_pll_i rise@0.000ns - clk_pll_i rise@0.000ns)
  Data Path Delay:        0.356ns  (logic 0.141ns (39.598%)  route 0.215ns (60.402%))
  Logic Levels:           0  
  Clock Path Skew:        0.263ns (DCD - SCD - CPR)
    Destination Clock Delay (DCD):    2.344ns
    Source Clock Delay      (SCD):    1.789ns
    Clock Pessimism Removal (CPR):    0.292ns

    Location             Delay type                Incr(ns)  Path(ns)    Netlist Resource(s)
  -------------------------------------------------------------------    -------------------
                         (clock clk_pll_i rise edge)
                                                      0.000     0.000 r  
    E3                                                0.000     0.000 r  sys_clk (IN)
                         net (fo=0)                   0.000     0.000    sys_clk
    E3                   IBUF (Prop_ibuf_I_O)         0.250     0.250 r  hw_mig.u_ibuf_sysclk/O
                         net (fo=2, routed)           0.440     0.690    hw_mig.sys_clk_ibuf
    MMCME2_ADV_X1Y2      MMCME2_ADV (Prop_mmcme2_adv_CLKIN1_CLKOUT0)
                                                      0.050     0.740 r  hw_mig.u_mmcm/CLKOUT0
                         net (fo=2, routed)           0.317     1.057    hw_mig.u_mig/u_mig_7series_0_mig/u_ddr2_infrastructure/lopt
    PLLE2_ADV_X1Y1       PLLE2_ADV (Prop_plle2_adv_CLKIN1_CLKOUT3)
                                                      0.050     1.107 r  hw_mig.u_mig/u_mig_7series_0_mig/u_ddr2_infrastructure/plle2_i/CLKOUT3
                         net (fo=1, routed)           0.394     1.501    hw_mig.u_mig/u_mig_7series_0_mig/u_ddr2_infrastructure/pll_clk3_out
    BUFHCE_X1Y12         BUFH (Prop_bufh_I_O)         0.020     1.521 r  hw_mig.u_mig/u_mig_7series_0_mig/u_ddr2_infrastructure/u_bufh_pll_clk3/O
                         net (fo=1, routed)           0.269     1.790    hw_mig.u_mig/u_mig_7series_0_mig/u_ddr2_infrastructure/pll_clk3
    MMCME2_ADV_X1Y1      MMCME2_ADV (Prop_mmcme2_adv_CLKIN1_CLKFBOUT)
                                                     -1.083     0.706 r  hw_mig.u_mig/u_mig_7series_0_mig/u_ddr2_infrastructure/gen_mmcm.mmcm_i/CLKFBOUT
                         net (fo=1, routed)           0.499     1.205    hw_mig.u_mig/u_mig_7series_0_mig/u_ddr2_infrastructure/clk_pll_i
    BUFGCTRL_X0Y0        BUFG (Prop_bufg_I_O)         0.026     1.231 r  hw_mig.u_mig/u_mig_7series_0_mig/u_ddr2_infrastructure/u_bufg_clkdiv0/O
                         net (fo=11649, routed)       0.558     1.789    hw_mig.u_mig/u_mig_7series_0_mig/u_memc_ui_top_std/mem_intfc0/ddr_phy_top0/u_ddr_calib_top/u_ddr_phy_wrcal/cal2_if_reset_reg_0
    SLICE_X57Y66         FDRE                                         r  hw_mig.u_mig/u_mig_7series_0_mig/u_memc_ui_top_std/mem_intfc0/ddr_phy_top0/u_ddr_calib_top/u_ddr_phy_wrcal/gen_mux_rd_div4.gen_mux_rd[5].mux_rd_fall2_r_reg[5]/C
  -------------------------------------------------------------------    -------------------
    SLICE_X57Y66         FDRE (Prop_fdre_C_Q)         0.141     1.930 r  hw_mig.u_mig/u_mig_7series_0_mig/u_memc_ui_top_std/mem_intfc0/ddr_phy_top0/u_ddr_calib_top/u_ddr_phy_wrcal/gen_mux_rd_div4.gen_mux_rd[5].mux_rd_fall2_r_reg[5]/Q
                         net (fo=1, routed)           0.215     2.145    hw_mig.u_mig/u_mig_7series_0_mig/u_memc_ui_top_std/mem_intfc0/ddr_phy_top0/u_ddr_calib_top/u_ddr_phy_wrcal/gen_mux_rd_div4.gen_mux_rd[5].mux_rd_fall2_r_reg_n_0_[5]
    SLICE_X51Y66         FDRE                                         r  hw_mig.u_mig/u_mig_7series_0_mig/u_memc_ui_top_std/mem_intfc0/ddr_phy_top0/u_ddr_calib_top/u_ddr_phy_wrcal/gen_sr_div4.gen_sr[5].sr_fall2_r_reg[5][0]/D
  -------------------------------------------------------------------    -------------------

                         (clock clk_pll_i rise edge)
                                                      0.000     0.000 r  
    E3                                                0.000     0.000 r  sys_clk (IN)
                         net (fo=0)                   0.000     0.000    sys_clk
    E3                   IBUF (Prop_ibuf_I_O)         0.438     0.438 r  hw_mig.u_ibuf_sysclk/O
                         net (fo=2, routed)           0.480     0.918    hw_mig.sys_clk_ibuf
    MMCME2_ADV_X1Y2      MMCME2_ADV (Prop_mmcme2_adv_CLKIN1_CLKOUT0)
                                                      0.053     0.971 r  hw_mig.u_mmcm/CLKOUT0
                         net (fo=2, routed)           0.348     1.319    hw_mig.u_mig/u_mig_7series_0_mig/u_ddr2_infrastructure/lopt
    PLLE2_ADV_X1Y1       PLLE2_ADV (Prop_plle2_adv_CLKIN1_CLKOUT3)
                                                      0.053     1.372 r  hw_mig.u_mig/u_mig_7series_0_mig/u_ddr2_infrastructure/plle2_i/CLKOUT3
                         net (fo=1, routed)           0.437     1.809    hw_mig.u_mig/u_mig_7series_0_mig/u_ddr2_infrastructure/pll_clk3_out
    BUFHCE_X1Y12         BUFH (Prop_bufh_I_O)         0.043     1.852 r  hw_mig.u_mig/u_mig_7series_0_mig/u_ddr2_infrastructure/u_bufh_pll_clk3/O
                         net (fo=1, routed)           0.494     2.346    hw_mig.u_mig/u_mig_7series_0_mig/u_ddr2_infrastructure/pll_clk3
    MMCME2_ADV_X1Y1      MMCME2_ADV (Prop_mmcme2_adv_CLKIN1_CLKFBOUT)
                                                     -1.400     0.945 r  hw_mig.u_mig/u_mig_7series_0_mig/u_ddr2_infrastructure/gen_mmcm.mmcm_i/CLKFBOUT
                         net (fo=1, routed)           0.544     1.489    hw_mig.u_mig/u_mig_7series_0_mig/u_ddr2_infrastructure/clk_pll_i
    BUFGCTRL_X0Y0        BUFG (Prop_bufg_I_O)         0.029     1.518 r  hw_mig.u_mig/u_mig_7series_0_mig/u_ddr2_infrastructure/u_bufg_clkdiv0/O
                         net (fo=11649, routed)       0.826     2.344    hw_mig.u_mig/u_mig_7series_0_mig/u_memc_ui_top_std/mem_intfc0/ddr_phy_top0/u_ddr_calib_top/u_ddr_phy_wrcal/cal2_if_reset_reg_0
    SLICE_X51Y66         FDRE                                         r  hw_mig.u_mig/u_mig_7series_0_mig/u_memc_ui_top_std/mem_intfc0/ddr_phy_top0/u_ddr_calib_top/u_ddr_phy_wrcal/gen_sr_div4.gen_sr[5].sr_fall2_r_reg[5][0]/C
                         clock pessimism             -0.292     2.052    
    SLICE_X51Y66         FDRE (Hold_fdre_C_D)         0.078     2.130    hw_mig.u_mig/u_mig_7series_0_mig/u_memc_ui_top_std/mem_intfc0/ddr_phy_top0/u_ddr_calib_top/u_ddr_phy_wrcal/gen_sr_div4.gen_sr[5].sr_fall2_r_reg[5][0]
  -------------------------------------------------------------------
                         required time                         -2.130    
                         arrival time                           2.145    
  -------------------------------------------------------------------
                         slack                                  0.015    





Pulse Width Checks
--------------------------------------------------------------------------------------
Clock Name:         clk_pll_i
Waveform(ns):       { 0.000 6.154 }
Period(ns):         12.308
Sources:            { hw_mig.u_mig/u_mig_7series_0_mig/u_ddr2_infrastructure/gen_mmcm.mmcm_i/CLKFBOUT }

Check Type        Corner  Lib Pin             Reference Pin  Required(ns)  Actual(ns)  Slack(ns)  Location         Pin
Min Period        n/a     IN_FIFO/RDCLK       n/a            5.000         12.308      7.308      IN_FIFO_X1Y4     hw_mig.u_mig/u_mig_7series_0_mig/u_memc_ui_top_std/mem_intfc0/ddr_phy_top0/u_ddr_mc_phy_wrapper/u_ddr_mc_phy/ddr_phy_4lanes_0.u_ddr_phy_4lanes/ddr_byte_lane_A.ddr_byte_lane_A/in_fifo_gen.in_fifo/RDCLK
Max Period        n/a     MMCME2_ADV/CLKFBIN  n/a            100.000       12.308      87.692     MMCME2_ADV_X1Y1  hw_mig.u_mig/u_mig_7series_0_mig/u_ddr2_infrastructure/gen_mmcm.mmcm_i/CLKFBIN
Low Pulse Width   Slow    IN_FIFO/RDCLK       n/a            2.150         6.154       4.004      IN_FIFO_X1Y4     hw_mig.u_mig/u_mig_7series_0_mig/u_memc_ui_top_std/mem_intfc0/ddr_phy_top0/u_ddr_mc_phy_wrapper/u_ddr_mc_phy/ddr_phy_4lanes_0.u_ddr_phy_4lanes/ddr_byte_lane_A.ddr_byte_lane_A/in_fifo_gen.in_fifo/RDCLK
High Pulse Width  Slow    IN_FIFO/RDCLK       n/a            2.150         6.154       4.004      IN_FIFO_X1Y4     hw_mig.u_mig/u_mig_7series_0_mig/u_memc_ui_top_std/mem_intfc0/ddr_phy_top0/u_ddr_mc_phy_wrapper/u_ddr_mc_phy/ddr_phy_4lanes_0.u_ddr_phy_4lanes/ddr_byte_lane_A.ddr_byte_lane_A/in_fifo_gen.in_fifo/RDCLK



---------------------------------------------------------------------------------------------------
From Clock:  pll_clkfbout
  To Clock:  pll_clkfbout

Setup :           NA  Failing Endpoints,  Worst Slack           NA  ,  Total Violation           NA
Hold  :           NA  Failing Endpoints,  Worst Slack           NA  ,  Total Violation           NA
PW    :            0  Failing Endpoints,  Worst Slack        8.751ns,  Total Violation        0.000ns
---------------------------------------------------------------------------------------------------


Pulse Width Checks
--------------------------------------------------------------------------------------
Clock Name:         pll_clkfbout
Waveform(ns):       { 0.000 5.000 }
Period(ns):         10.000
Sources:            { hw_mig.u_mig/u_mig_7series_0_mig/u_ddr2_infrastructure/plle2_i/CLKFBOUT }

Check Type  Corner  Lib Pin             Reference Pin  Required(ns)  Actual(ns)  Slack(ns)  Location        Pin
Min Period  n/a     PLLE2_ADV/CLKFBOUT  n/a            1.249         10.000      8.751      PLLE2_ADV_X1Y1  hw_mig.u_mig/u_mig_7series_0_mig/u_ddr2_infrastructure/plle2_i/CLKFBOUT
Max Period  n/a     PLLE2_ADV/CLKFBIN   n/a            52.633        10.000      42.633     PLLE2_ADV_X1Y1  hw_mig.u_mig/u_mig_7series_0_mig/u_ddr2_infrastructure/plle2_i/CLKFBIN



---------------------------------------------------------------------------------------------------
From Clock:  sync_pulse
  To Clock:  sync_pulse

Setup :           NA  Failing Endpoints,  Worst Slack           NA  ,  Total Violation           NA
Hold  :           NA  Failing Endpoints,  Worst Slack           NA  ,  Total Violation           NA
PW    :            0  Failing Endpoints,  Worst Slack        1.827ns,  Total Violation        0.000ns
---------------------------------------------------------------------------------------------------


Pulse Width Checks
--------------------------------------------------------------------------------------
Clock Name:         sync_pulse
Waveform(ns):       { 1.346 4.423 }
Period(ns):         49.231
Sources:            { hw_mig.u_mig/u_mig_7series_0_mig/u_ddr2_infrastructure/plle2_i/CLKOUT2 }

Check Type        Corner  Lib Pin               Reference Pin  Required(ns)  Actual(ns)  Slack(ns)  Location            Pin
Min Period        n/a     PLLE2_ADV/CLKOUT2     n/a            1.249         49.231      47.982     PLLE2_ADV_X1Y1      hw_mig.u_mig/u_mig_7series_0_mig/u_ddr2_infrastructure/plle2_i/CLKOUT2
Max Period        n/a     PLLE2_ADV/CLKOUT2     n/a            160.000       49.231      110.769    PLLE2_ADV_X1Y1      hw_mig.u_mig/u_mig_7series_0_mig/u_ddr2_infrastructure/plle2_i/CLKOUT2
High Pulse Width  Slow    PHASER_IN_PHY/SYNCIN  n/a            1.250         3.077       1.827      PHASER_IN_PHY_X1Y4  hw_mig.u_mig/u_mig_7series_0_mig/u_memc_ui_top_std/mem_intfc0/ddr_phy_top0/u_ddr_mc_phy_wrapper/u_ddr_mc_phy/ddr_phy_4lanes_0.u_ddr_phy_4lanes/ddr_byte_lane_A.ddr_byte_lane_A/phaser_in_gen.phaser_in/SYNCIN



---------------------------------------------------------------------------------------------------
From Clock:  hw_mig.mmcm_fb
  To Clock:  hw_mig.mmcm_fb

Setup :           NA  Failing Endpoints,  Worst Slack           NA  ,  Total Violation           NA
Hold  :           NA  Failing Endpoints,  Worst Slack           NA  ,  Total Violation           NA
PW    :            0  Failing Endpoints,  Worst Slack        8.751ns,  Total Violation        0.000ns
---------------------------------------------------------------------------------------------------


Pulse Width Checks
--------------------------------------------------------------------------------------
Clock Name:         hw_mig.mmcm_fb
Waveform(ns):       { 0.000 5.000 }
Period(ns):         10.000
Sources:            { hw_mig.u_mmcm/CLKFBOUT }

Check Type  Corner  Lib Pin              Reference Pin  Required(ns)  Actual(ns)  Slack(ns)  Location         Pin
Min Period  n/a     MMCME2_ADV/CLKFBOUT  n/a            1.249         10.000      8.751      MMCME2_ADV_X1Y2  hw_mig.u_mmcm/CLKFBOUT
Max Period  n/a     MMCME2_ADV/CLKFBIN   n/a            100.000       10.000      90.000     MMCME2_ADV_X1Y2  hw_mig.u_mmcm/CLKFBIN



---------------------------------------------------------------------------------------------------
From Clock:  clk_pll_i
  To Clock:  hw_mig.clk_200mhz

Setup :            0  Failing Endpoints,  Worst Slack       14.082ns,  Total Violation        0.000ns
Hold  :           NA  Failing Endpoints,  Worst Slack           NA  ,  Total Violation           NA
---------------------------------------------------------------------------------------------------


Max Delay Paths
--------------------------------------------------------------------------------------
Slack (MET) :             14.082ns  (required time - arrival time)
  Source:                 hw_mig.u_mig/u_mig_7series_0_mig/u_ddr2_infrastructure/rstdiv0_sync_r1_reg_rep/C
                            (rising edge-triggered cell FDPE clocked by clk_pll_i  {rise@0.000ns fall@6.154ns period=12.308ns})
  Destination:            hw_mig.u_mig/u_mig_7series_0_mig/temp_mon_enabled.u_tempmon/xadc_supplied_temperature.rst_r1_reg/D
                            (rising edge-triggered cell FDRE clocked by hw_mig.clk_200mhz  {rise@0.000ns fall@2.500ns period=5.000ns})
  Path Group:             hw_mig.clk_200mhz
  Path Type:              Setup (Max at Slow Process Corner)
  Requirement:            20.000ns  (MaxDelay Path 20.000ns)
  Data Path Delay:        5.823ns  (logic 0.518ns (8.896%)  route 5.305ns (91.104%))
  Logic Levels:           0  
  Timing Exception:       MaxDelay Path 20.000ns -datapath_only

    Location             Delay type                Incr(ns)  Path(ns)    Netlist Resource(s)
  -------------------------------------------------------------------    -------------------
    SLICE_X80Y9                                       0.000     0.000 r  hw_mig.u_mig/u_mig_7series_0_mig/u_ddr2_infrastructure/rstdiv0_sync_r1_reg_rep/C
    SLICE_X80Y9          FDPE (Prop_fdpe_C_Q)         0.518     0.518 r  hw_mig.u_mig/u_mig_7series_0_mig/u_ddr2_infrastructure/rstdiv0_sync_r1_reg_rep/Q
                         net (fo=51, routed)          5.305     5.823    hw_mig.u_mig/u_mig_7series_0_mig/temp_mon_enabled.u_tempmon/ui_clk_sync_rst
    SLICE_X32Y117        FDRE                                         r  hw_mig.u_mig/u_mig_7series_0_mig/temp_mon_enabled.u_tempmon/xadc_supplied_temperature.rst_r1_reg/D
  -------------------------------------------------------------------    -------------------

                         max delay                   20.000    20.000    
    SLICE_X32Y117        FDRE (Setup_fdre_C_D)       -0.095    19.905    hw_mig.u_mig/u_mig_7series_0_mig/temp_mon_enabled.u_tempmon/xadc_supplied_temperature.rst_r1_reg
  -------------------------------------------------------------------
                         required time                         19.905    
                         arrival time                          -5.823    
  -------------------------------------------------------------------
                         slack                                 14.082    





---------------------------------------------------------------------------------------------------
From Clock:  clk_pll_i
  To Clock:  u_mig_7series_0_mig/u_memc_ui_top_std/mem_intfc0/ddr_phy_top0/u_ddr_mc_phy_wrapper/u_ddr_mc_phy/ddr_phy_4lanes_0.u_ddr_phy_4lanes/ddr_byte_lane_A.ddr_byte_lane_A/iserdes_clk

Setup :            0  Failing Endpoints,  Worst Slack       10.092ns,  Total Violation        0.000ns
Hold  :            0  Failing Endpoints,  Worst Slack       46.895ns,  Total Violation        0.000ns
---------------------------------------------------------------------------------------------------


Max Delay Paths
--------------------------------------------------------------------------------------
Slack (MET) :             10.092ns  (required time - arrival time)
  Source:                 hw_mig.u_mig/u_mig_7series_0_mig/u_memc_ui_top_std/mem_intfc0/mc0/mc_read_idle_r_reg/C
                            (rising edge-triggered cell FDRE clocked by clk_pll_i  {rise@0.000ns fall@6.154ns period=12.308ns})
  Destination:            hw_mig.u_mig/u_mig_7series_0_mig/u_memc_ui_top_std/mem_intfc0/ddr_phy_top0/u_ddr_mc_phy_wrapper/u_ddr_mc_phy/ddr_phy_4lanes_0.u_ddr_phy_4lanes/ddr_byte_lane_A.ddr_byte_lane_A/ddr_byte_group_io/input_[1].iserdes_dq_.iserdesdq/DDLY
                            (falling edge-triggered cell ISERDESE2 clocked by u_mig_7series_0_mig/u_memc_ui_top_std/mem_intfc0/ddr_phy_top0/u_ddr_mc_phy_wrapper/u_ddr_mc_phy/ddr_phy_4lanes_0.u_ddr_phy_4lanes/ddr_byte_lane_A.ddr_byte_lane_A/iserdes_clk  {rise@0.000ns fall@1.538ns period=3.077ns})
  Path Group:             u_mig_7series_0_mig/u_memc_ui_top_std/mem_intfc0/ddr_phy_top0/u_ddr_mc_phy_wrapper/u_ddr_mc_phy/ddr_phy_4lanes_0.u_ddr_phy_4lanes/ddr_byte_lane_A.ddr_byte_lane_A/iserdes_clk
  Path Type:              Setup (Max at Slow Process Corner)
  Requirement:            16.923ns  (u_mig_7series_0_mig/u_memc_ui_top_std/mem_intfc0/ddr_phy_top0/u_ddr_mc_phy_wrapper/u_ddr_mc_phy/ddr_phy_4lanes_0.u_ddr_phy_4lanes/ddr_byte_lane_A.ddr_byte_lane_A/iserdes_clk fall@16.923ns - clk_pll_i rise@0.000ns)
  Data Path Delay:        6.931ns  (logic 3.867ns (55.791%)  route 3.064ns (44.209%))
  Logic Levels:           2  (IBUF_INTERMDISABLE=1 IDELAYE2=1)
  Clock Path Skew:        0.443ns (DCD - SCD + CPR)
    Destination Clock Delay (DCD):    6.344ns = ( 7.883 - 1.538 ) 
    Source Clock Delay      (SCD):    6.102ns
    Clock Pessimism Removal (CPR):    0.201ns
  Clock Uncertainty:      0.178ns  ((TSJ^2 + DJ^2)^1/2) / 2 + PE
    Total System Jitter     (TSJ):    0.071ns
    Discrete Jitter          (DJ):    0.078ns
    Phase Error              (PE):    0.125ns
  Timing Exception:       MultiCycle Path   Setup -end   6

    Location             Delay type                Incr(ns)  Path(ns)    Netlist Resource(s)
  -------------------------------------------------------------------    -------------------
                         (clock clk_pll_i rise edge)
                                                      0.000     0.000 r  
    E3                                                0.000     0.000 r  sys_clk (IN)
                         net (fo=0)                   0.000     0.000    sys_clk
    E3                   IBUF (Prop_ibuf_I_O)         1.482     1.482 r  hw_mig.u_ibuf_sysclk/O
                         net (fo=2, routed)           1.233     2.715    hw_mig.sys_clk_ibuf
    MMCME2_ADV_X1Y2      MMCME2_ADV (Prop_mmcme2_adv_CLKIN1_CLKOUT0)
                                                      0.088     2.803 r  hw_mig.u_mmcm/CLKOUT0
                         net (fo=2, routed)           0.990     3.793    hw_mig.u_mig/u_mig_7series_0_mig/u_ddr2_infrastructure/lopt
    PLLE2_ADV_X1Y1       PLLE2_ADV (Prop_plle2_adv_CLKIN1_CLKOUT3)
                                                      0.088     3.881 r  hw_mig.u_mig/u_mig_7series_0_mig/u_ddr2_infrastructure/plle2_i/CLKOUT3
                         net (fo=1, routed)           1.281     5.162    hw_mig.u_mig/u_mig_7series_0_mig/u_ddr2_infrastructure/pll_clk3_out
    BUFHCE_X1Y12         BUFH (Prop_bufh_I_O)         0.127     5.289 r  hw_mig.u_mig/u_mig_7series_0_mig/u_ddr2_infrastructure/u_bufh_pll_clk3/O
                         net (fo=1, routed)           0.841     6.130    hw_mig.u_mig/u_mig_7series_0_mig/u_ddr2_infrastructure/pll_clk3
    MMCME2_ADV_X1Y1      MMCME2_ADV (Prop_mmcme2_adv_CLKIN1_CLKFBOUT)
                                                     -3.457     2.673 r  hw_mig.u_mig/u_mig_7series_0_mig/u_ddr2_infrastructure/gen_mmcm.mmcm_i/CLKFBOUT
                         net (fo=1, routed)           1.719     4.393    hw_mig.u_mig/u_mig_7series_0_mig/u_ddr2_infrastructure/clk_pll_i
    BUFGCTRL_X0Y0        BUFG (Prop_bufg_I_O)         0.096     4.489 r  hw_mig.u_mig/u_mig_7series_0_mig/u_ddr2_infrastructure/u_bufg_clkdiv0/O
                         net (fo=11649, routed)       1.613     6.102    hw_mig.u_mig/u_mig_7series_0_mig/u_memc_ui_top_std/mem_intfc0/mc0/periodic_read_request.periodic_rd_grant_r_reg[0]
    SLICE_X64Y76         FDRE                                         r  hw_mig.u_mig/u_mig_7series_0_mig/u_memc_ui_top_std/mem_intfc0/mc0/mc_read_idle_r_reg/C
  -------------------------------------------------------------------    -------------------
    SLICE_X64Y76         FDRE (Prop_fdre_C_Q)         0.456     6.558 r  hw_mig.u_mig/u_mig_7series_0_mig/u_memc_ui_top_std/mem_intfc0/mc0/mc_read_idle_r_reg/Q
                         net (fo=40, routed)          3.064     9.622    hw_mig.u_mig/u_mig_7series_0_mig/u_memc_ui_top_std/mem_intfc0/ddr_phy_top0/u_ddr_mc_phy_wrapper/gen_dq_iobuf_HR.gen_dq_iobuf[2].u_iobuf_dq/IBUFDISABLE
    R8                   IBUF_INTERMDISABLE (Prop_ibuf_intermdisable_IBUFDISABLE_O)
                                                      2.596    12.218 r  hw_mig.u_mig/u_mig_7series_0_mig/u_memc_ui_top_std/mem_intfc0/ddr_phy_top0/u_ddr_mc_phy_wrapper/gen_dq_iobuf_HR.gen_dq_iobuf[2].u_iobuf_dq/IBUF/O
                         net (fo=2, routed)           0.000    12.218    hw_mig.u_mig/u_mig_7series_0_mig/u_memc_ui_top_std/mem_intfc0/ddr_phy_top0/u_ddr_mc_phy_wrapper/u_ddr_mc_phy/ddr_phy_4lanes_0.u_ddr_phy_4lanes/ddr_byte_lane_A.ddr_byte_lane_A/ddr_byte_group_io/in_dq_2
    IDELAY_X1Y52         IDELAYE2 (Prop_idelaye2_IDATAIN_DATAOUT)
                                                      0.815    13.033 r  hw_mig.u_mig/u_mig_7series_0_mig/u_memc_ui_top_std/mem_intfc0/ddr_phy_top0/u_ddr_mc_phy_wrapper/u_ddr_mc_phy/ddr_phy_4lanes_0.u_ddr_phy_4lanes/ddr_byte_lane_A.ddr_byte_lane_A/ddr_byte_group_io/input_[1].iserdes_dq_.idelay_dq.idelaye2/DATAOUT
                         net (fo=1, routed)           0.000    13.033    hw_mig.u_mig/u_mig_7series_0_mig/u_memc_ui_top_std/mem_intfc0/ddr_phy_top0/u_ddr_mc_phy_wrapper/u_ddr_mc_phy/ddr_phy_4lanes_0.u_ddr_phy_4lanes/ddr_byte_lane_A.ddr_byte_lane_A/ddr_byte_group_io/data_in_dly_1
    ILOGIC_X1Y52         ISERDESE2                                    r  hw_mig.u_mig/u_mig_7series_0_mig/u_memc_ui_top_std/mem_intfc0/ddr_phy_top0/u_ddr_mc_phy_wrapper/u_ddr_mc_phy/ddr_phy_4lanes_0.u_ddr_phy_4lanes/ddr_byte_lane_A.ddr_byte_lane_A/ddr_byte_group_io/input_[1].iserdes_dq_.iserdesdq/DDLY
  -------------------------------------------------------------------    -------------------

                         (clock u_mig_7series_0_mig/u_memc_ui_top_std/mem_intfc0/ddr_phy_top0/u_ddr_mc_phy_wrapper/u_ddr_mc_phy/ddr_phy_4lanes_0.u_ddr_phy_4lanes/ddr_byte_lane_A.ddr_byte_lane_A/iserdes_clk fall edge)
                                                     16.923    16.923 f  
    E3                                                0.000    16.923 f  sys_clk (IN)
                         net (fo=0)                   0.000    16.923    sys_clk
    E3                   IBUF (Prop_ibuf_I_O)         1.411    18.334 f  hw_mig.u_ibuf_sysclk/O
                         net (fo=2, routed)           1.162    19.496    hw_mig.sys_clk_ibuf
    MMCME2_ADV_X1Y2      MMCME2_ADV (Prop_mmcme2_adv_CLKIN1_CLKOUT0)
                                                      0.083    19.579 f  hw_mig.u_mmcm/CLKOUT0
                         net (fo=2, routed)           0.941    20.520    hw_mig.u_mig/u_mig_7series_0_mig/u_ddr2_infrastructure/lopt
    PLLE2_ADV_X1Y1       PLLE2_ADV (Prop_plle2_adv_CLKIN1_CLKOUT0)
                                                      0.083    20.603 f  hw_mig.u_mig/u_mig_7series_0_mig/u_ddr2_infrastructure/plle2_i/CLKOUT0
                         net (fo=7, routed)           0.588    21.191    hw_mig.u_mig/u_mig_7series_0_mig/u_memc_ui_top_std/mem_intfc0/ddr_phy_top0/u_ddr_mc_phy_wrapper/u_ddr_mc_phy/ddr_phy_4lanes_0.u_ddr_phy_4lanes/ddr_byte_lane_A.ddr_byte_lane_A/freq_refclk
    PHASER_IN_PHY_X1Y4   PHASER_IN_PHY (Prop_phaser_in_phy_FREQREFCLK_ICLK)
                                                      1.650    22.842 f  hw_mig.u_mig/u_mig_7series_0_mig/u_memc_ui_top_std/mem_intfc0/ddr_phy_top0/u_ddr_mc_phy_wrapper/u_ddr_mc_phy/ddr_phy_4lanes_0.u_ddr_phy_4lanes/ddr_byte_lane_A.ddr_byte_lane_A/phaser_in_gen.phaser_in/ICLK
                         net (fo=16, routed)          0.426    23.268    hw_mig.u_mig/u_mig_7series_0_mig/u_memc_ui_top_std/mem_intfc0/ddr_phy_top0/u_ddr_mc_phy_wrapper/u_ddr_mc_phy/ddr_phy_4lanes_0.u_ddr_phy_4lanes/ddr_byte_lane_A.ddr_byte_lane_A/ddr_byte_group_io/CLKB0
    ILOGIC_X1Y52         ISERDESE2                                    r  hw_mig.u_mig/u_mig_7series_0_mig/u_memc_ui_top_std/mem_intfc0/ddr_phy_top0/u_ddr_mc_phy_wrapper/u_ddr_mc_phy/ddr_phy_4lanes_0.u_ddr_phy_4lanes/ddr_byte_lane_A.ddr_byte_lane_A/ddr_byte_group_io/input_[1].iserdes_dq_.iserdesdq/CLKB  (IS_INVERTED)
                         clock pessimism              0.201    23.468    
                         clock uncertainty           -0.178    23.291    
    ILOGIC_X1Y52         ISERDESE2 (Setup_iserdese2_CLKB_DDLY)
                                                     -0.165    23.126    hw_mig.u_mig/u_mig_7series_0_mig/u_memc_ui_top_std/mem_intfc0/ddr_phy_top0/u_ddr_mc_phy_wrapper/u_ddr_mc_phy/ddr_phy_4lanes_0.u_ddr_phy_4lanes/ddr_byte_lane_A.ddr_byte_lane_A/ddr_byte_group_io/input_[1].iserdes_dq_.iserdesdq
  -------------------------------------------------------------------
                         required time                         23.126    
                         arrival time                         -13.033    
  -------------------------------------------------------------------
                         slack                                 10.092    





Min Delay Paths
--------------------------------------------------------------------------------------
Slack (MET) :             46.895ns  (arrival time - required time)
  Source:                 hw_mig.u_mig/u_mig_7series_0_mig/u_memc_ui_top_std/mem_intfc0/mc0/mc_read_idle_r_reg/C
                            (rising edge-triggered cell FDRE clocked by clk_pll_i  {rise@0.000ns fall@6.154ns period=12.308ns})
  Destination:            hw_mig.u_mig/u_mig_7series_0_mig/u_memc_ui_top_std/mem_intfc0/ddr_phy_top0/u_ddr_mc_phy_wrapper/u_ddr_mc_phy/ddr_phy_4lanes_0.u_ddr_phy_4lanes/ddr_byte_lane_A.ddr_byte_lane_A/ddr_byte_group_io/input_[9].iserdes_dq_.iserdesdq/DDLY
                            (rising edge-triggered cell ISERDESE2 clocked by u_mig_7series_0_mig/u_memc_ui_top_std/mem_intfc0/ddr_phy_top0/u_ddr_mc_phy_wrapper/u_ddr_mc_phy/ddr_phy_4lanes_0.u_ddr_phy_4lanes/ddr_byte_lane_A.ddr_byte_lane_A/iserdes_clk  {rise@0.000ns fall@1.538ns period=3.077ns})
  Path Group:             u_mig_7series_0_mig/u_memc_ui_top_std/mem_intfc0/ddr_phy_top0/u_ddr_mc_phy_wrapper/u_ddr_mc_phy/ddr_phy_4lanes_0.u_ddr_phy_4lanes/ddr_byte_lane_A.ddr_byte_lane_A/iserdes_clk
  Path Type:              Hold (Min at Fast Process Corner)
  Requirement:            -46.154ns  (u_mig_7series_0_mig/u_memc_ui_top_std/mem_intfc0/ddr_phy_top0/u_ddr_mc_phy_wrapper/u_ddr_mc_phy/ddr_phy_4lanes_0.u_ddr_phy_4lanes/ddr_byte_lane_A.ddr_byte_lane_A/iserdes_clk rise@15.385ns - clk_pll_i rise@61.538ns)
  Data Path Delay:        2.113ns  (logic 1.068ns (50.534%)  route 1.045ns (49.466%))
  Logic Levels:           2  (IBUF_INTERMDISABLE=1 IDELAYE2=1)
  Clock Path Skew:        1.139ns (DCD - SCD - CPR)
    Destination Clock Delay (DCD):    3.188ns
    Source Clock Delay      (SCD):    1.785ns
    Clock Pessimism Removal (CPR):    0.265ns
  Clock Uncertainty:      0.178ns  ((TSJ^2 + DJ^2)^1/2) / 2 + PE
    Total System Jitter     (TSJ):    0.071ns
    Discrete Jitter          (DJ):    0.078ns
    Phase Error              (PE):    0.125ns
  Timing Exception:       MultiCycle Path   Setup -end   6    Hold  -start 5

    Location             Delay type                Incr(ns)  Path(ns)    Netlist Resource(s)
  -------------------------------------------------------------------    -------------------
                         (clock clk_pll_i rise edge)
                                                     61.538    61.538 r  
    E3                                                0.000    61.538 r  sys_clk (IN)
                         net (fo=0)                   0.000    61.538    sys_clk
    E3                   IBUF (Prop_ibuf_I_O)         0.250    61.788 r  hw_mig.u_ibuf_sysclk/O
                         net (fo=2, routed)           0.440    62.228    hw_mig.sys_clk_ibuf
    MMCME2_ADV_X1Y2      MMCME2_ADV (Prop_mmcme2_adv_CLKIN1_CLKOUT0)
                                                      0.050    62.278 r  hw_mig.u_mmcm/CLKOUT0
                         net (fo=2, routed)           0.317    62.595    hw_mig.u_mig/u_mig_7series_0_mig/u_ddr2_infrastructure/lopt
    PLLE2_ADV_X1Y1       PLLE2_ADV (Prop_plle2_adv_CLKIN1_CLKOUT3)
                                                      0.050    62.645 r  hw_mig.u_mig/u_mig_7series_0_mig/u_ddr2_infrastructure/plle2_i/CLKOUT3
                         net (fo=1, routed)           0.394    63.039    hw_mig.u_mig/u_mig_7series_0_mig/u_ddr2_infrastructure/pll_clk3_out
    BUFHCE_X1Y12         BUFH (Prop_bufh_I_O)         0.020    63.059 r  hw_mig.u_mig/u_mig_7series_0_mig/u_ddr2_infrastructure/u_bufh_pll_clk3/O
                         net (fo=1, routed)           0.269    63.328    hw_mig.u_mig/u_mig_7series_0_mig/u_ddr2_infrastructure/pll_clk3
    MMCME2_ADV_X1Y1      MMCME2_ADV (Prop_mmcme2_adv_CLKIN1_CLKFBOUT)
                                                     -1.083    62.245 r  hw_mig.u_mig/u_mig_7series_0_mig/u_ddr2_infrastructure/gen_mmcm.mmcm_i/CLKFBOUT
                         net (fo=1, routed)           0.499    62.744    hw_mig.u_mig/u_mig_7series_0_mig/u_ddr2_infrastructure/clk_pll_i
    BUFGCTRL_X0Y0        BUFG (Prop_bufg_I_O)         0.026    62.770 r  hw_mig.u_mig/u_mig_7series_0_mig/u_ddr2_infrastructure/u_bufg_clkdiv0/O
                         net (fo=11649, routed)       0.554    63.323    hw_mig.u_mig/u_mig_7series_0_mig/u_memc_ui_top_std/mem_intfc0/mc0/periodic_read_request.periodic_rd_grant_r_reg[0]
    SLICE_X64Y76         FDRE                                         r  hw_mig.u_mig/u_mig_7series_0_mig/u_memc_ui_top_std/mem_intfc0/mc0/mc_read_idle_r_reg/C
  -------------------------------------------------------------------    -------------------
    SLICE_X64Y76         FDRE (Prop_fdre_C_Q)         0.141    63.464 r  hw_mig.u_mig/u_mig_7series_0_mig/u_memc_ui_top_std/mem_intfc0/mc0/mc_read_idle_r_reg/Q
                         net (fo=40, routed)          1.045    64.510    hw_mig.u_mig/u_mig_7series_0_mig/u_memc_ui_top_std/mem_intfc0/ddr_phy_top0/u_ddr_mc_phy_wrapper/gen_dq_iobuf_HR.gen_dq_iobuf[5].u_iobuf_dq/IBUFDISABLE
    R6                   IBUF_INTERMDISABLE (Prop_ibuf_intermdisable_IBUFDISABLE_O)
                                                      0.684    65.194 r  hw_mig.u_mig/u_mig_7series_0_mig/u_memc_ui_top_std/mem_intfc0/ddr_phy_top0/u_ddr_mc_phy_wrapper/gen_dq_iobuf_HR.gen_dq_iobuf[5].u_iobuf_dq/IBUF/O
                         net (fo=2, routed)           0.000    65.194    hw_mig.u_mig/u_mig_7series_0_mig/u_memc_ui_top_std/mem_intfc0/ddr_phy_top0/u_ddr_mc_phy_wrapper/u_ddr_mc_phy/ddr_phy_4lanes_0.u_ddr_phy_4lanes/ddr_byte_lane_A.ddr_byte_lane_A/ddr_byte_group_io/in_dq_5
    IDELAY_X1Y62         IDELAYE2 (Prop_idelaye2_IDATAIN_DATAOUT)
                                                      0.243    65.437 r  hw_mig.u_mig/u_mig_7series_0_mig/u_memc_ui_top_std/mem_intfc0/ddr_phy_top0/u_ddr_mc_phy_wrapper/u_ddr_mc_phy/ddr_phy_4lanes_0.u_ddr_phy_4lanes/ddr_byte_lane_A.ddr_byte_lane_A/ddr_byte_group_io/input_[9].iserdes_dq_.idelay_dq.idelaye2/DATAOUT
                         net (fo=1, routed)           0.000    65.437    hw_mig.u_mig/u_mig_7series_0_mig/u_memc_ui_top_std/mem_intfc0/ddr_phy_top0/u_ddr_mc_phy_wrapper/u_ddr_mc_phy/ddr_phy_4lanes_0.u_ddr_phy_4lanes/ddr_byte_lane_A.ddr_byte_lane_A/ddr_byte_group_io/data_in_dly_9
    ILOGIC_X1Y62         ISERDESE2                                    r  hw_mig.u_mig/u_mig_7series_0_mig/u_memc_ui_top_std/mem_intfc0/ddr_phy_top0/u_ddr_mc_phy_wrapper/u_ddr_mc_phy/ddr_phy_4lanes_0.u_ddr_phy_4lanes/ddr_byte_lane_A.ddr_byte_lane_A/ddr_byte_group_io/input_[9].iserdes_dq_.iserdesdq/DDLY
  -------------------------------------------------------------------    -------------------

                         (clock u_mig_7series_0_mig/u_memc_ui_top_std/mem_intfc0/ddr_phy_top0/u_ddr_mc_phy_wrapper/u_ddr_mc_phy/ddr_phy_4lanes_0.u_ddr_phy_4lanes/ddr_byte_lane_A.ddr_byte_lane_A/iserdes_clk rise edge)
                                                     15.385    15.385 r  
    E3                                                0.000    15.385 r  sys_clk (IN)
                         net (fo=0)                   0.000    15.385    sys_clk
    E3                   IBUF (Prop_ibuf_I_O)         0.438    15.822 r  hw_mig.u_ibuf_sysclk/O
                         net (fo=2, routed)           0.480    16.302    hw_mig.sys_clk_ibuf
    MMCME2_ADV_X1Y2      MMCME2_ADV (Prop_mmcme2_adv_CLKIN1_CLKOUT0)
                                                      0.053    16.355 r  hw_mig.u_mmcm/CLKOUT0
                         net (fo=2, routed)           0.348    16.703    hw_mig.u_mig/u_mig_7series_0_mig/u_ddr2_infrastructure/lopt
    PLLE2_ADV_X1Y1       PLLE2_ADV (Prop_plle2_adv_CLKIN1_CLKOUT0)
                                                      0.053    16.756 r  hw_mig.u_mig/u_mig_7series_0_mig/u_ddr2_infrastructure/plle2_i/CLKOUT0
                         net (fo=7, routed)           0.226    16.982    hw_mig.u_mig/u_mig_7series_0_mig/u_memc_ui_top_std/mem_intfc0/ddr_phy_top0/u_ddr_mc_phy_wrapper/u_ddr_mc_phy/ddr_phy_4lanes_0.u_ddr_phy_4lanes/ddr_byte_lane_A.ddr_byte_lane_A/freq_refclk
    PHASER_IN_PHY_X1Y4   PHASER_IN_PHY (Prop_phaser_in_phy_FREQREFCLK_ICLK)
                                                      1.406    18.388 r  hw_mig.u_mig/u_mig_7series_0_mig/u_memc_ui_top_std/mem_intfc0/ddr_phy_top0/u_ddr_mc_phy_wrapper/u_ddr_mc_phy/ddr_phy_4lanes_0.u_ddr_phy_4lanes/ddr_byte_lane_A.ddr_byte_lane_A/phaser_in_gen.phaser_in/ICLK
                         net (fo=16, routed)          0.185    18.573    hw_mig.u_mig/u_mig_7series_0_mig/u_memc_ui_top_std/mem_intfc0/ddr_phy_top0/u_ddr_mc_phy_wrapper/u_ddr_mc_phy/ddr_phy_4lanes_0.u_ddr_phy_4lanes/ddr_byte_lane_A.ddr_byte_lane_A/ddr_byte_group_io/input_[1].iserdes_dq_.iserdesdq_0
    ILOGIC_X1Y62         ISERDESE2                                    r  hw_mig.u_mig/u_mig_7series_0_mig/u_memc_ui_top_std/mem_intfc0/ddr_phy_top0/u_ddr_mc_phy_wrapper/u_ddr_mc_phy/ddr_phy_4lanes_0.u_ddr_phy_4lanes/ddr_byte_lane_A.ddr_byte_lane_A/ddr_byte_group_io/input_[9].iserdes_dq_.iserdesdq/CLK
                         clock pessimism             -0.265    18.308    
                         clock uncertainty            0.178    18.486    
    ILOGIC_X1Y62         ISERDESE2 (Hold_iserdese2_CLK_DDLY)
                                                      0.056    18.542    hw_mig.u_mig/u_mig_7series_0_mig/u_memc_ui_top_std/mem_intfc0/ddr_phy_top0/u_ddr_mc_phy_wrapper/u_ddr_mc_phy/ddr_phy_4lanes_0.u_ddr_phy_4lanes/ddr_byte_lane_A.ddr_byte_lane_A/ddr_byte_group_io/input_[9].iserdes_dq_.iserdesdq
  -------------------------------------------------------------------
                         required time                        -18.542    
                         arrival time                          65.437    
  -------------------------------------------------------------------
                         slack                                 46.895    





---------------------------------------------------------------------------------------------------
From Clock:  clk_pll_i
  To Clock:  u_mig_7series_0_mig/u_memc_ui_top_std/mem_intfc0/ddr_phy_top0/u_ddr_mc_phy_wrapper/u_ddr_mc_phy/ddr_phy_4lanes_0.u_ddr_phy_4lanes/ddr_byte_lane_C.ddr_byte_lane_C/iserdes_clk

Setup :            0  Failing Endpoints,  Worst Slack       10.543ns,  Total Violation        0.000ns
Hold  :            0  Failing Endpoints,  Worst Slack       46.555ns,  Total Violation        0.000ns
---------------------------------------------------------------------------------------------------


Max Delay Paths
--------------------------------------------------------------------------------------
Slack (MET) :             10.543ns  (required time - arrival time)
  Source:                 hw_mig.u_mig/u_mig_7series_0_mig/u_memc_ui_top_std/mem_intfc0/mc0/mc_read_idle_r_reg/C
                            (rising edge-triggered cell FDRE clocked by clk_pll_i  {rise@0.000ns fall@6.154ns period=12.308ns})
  Destination:            hw_mig.u_mig/u_mig_7series_0_mig/u_memc_ui_top_std/mem_intfc0/ddr_phy_top0/u_ddr_mc_phy_wrapper/u_ddr_mc_phy/ddr_phy_4lanes_0.u_ddr_phy_4lanes/ddr_byte_lane_C.ddr_byte_lane_C/ddr_byte_group_io/input_[8].iserdes_dq_.iserdesdq/DDLY
                            (falling edge-triggered cell ISERDESE2 clocked by u_mig_7series_0_mig/u_memc_ui_top_std/mem_intfc0/ddr_phy_top0/u_ddr_mc_phy_wrapper/u_ddr_mc_phy/ddr_phy_4lanes_0.u_ddr_phy_4lanes/ddr_byte_lane_C.ddr_byte_lane_C/iserdes_clk  {rise@0.000ns fall@1.538ns period=3.077ns})
  Path Group:             u_mig_7series_0_mig/u_memc_ui_top_std/mem_intfc0/ddr_phy_top0/u_ddr_mc_phy_wrapper/u_ddr_mc_phy/ddr_phy_4lanes_0.u_ddr_phy_4lanes/ddr_byte_lane_C.ddr_byte_lane_C/iserdes_clk
  Path Type:              Setup (Max at Slow Process Corner)
  Requirement:            16.923ns  (u_mig_7series_0_mig/u_memc_ui_top_std/mem_intfc0/ddr_phy_top0/u_ddr_mc_phy_wrapper/u_ddr_mc_phy/ddr_phy_4lanes_0.u_ddr_phy_4lanes/ddr_byte_lane_C.ddr_byte_lane_C/iserdes_clk fall@16.923ns - clk_pll_i rise@0.000ns)
  Data Path Delay:        6.455ns  (logic 3.867ns (59.911%)  route 2.588ns (40.089%))
  Logic Levels:           2  (IBUF_INTERMDISABLE=1 IDELAYE2=1)
  Clock Path Skew:        0.417ns (DCD - SCD + CPR)
    Destination Clock Delay (DCD):    6.318ns = ( 7.857 - 1.538 ) 
    Source Clock Delay      (SCD):    6.102ns
    Clock Pessimism Removal (CPR):    0.201ns
  Clock Uncertainty:      0.178ns  ((TSJ^2 + DJ^2)^1/2) / 2 + PE
    Total System Jitter     (TSJ):    0.071ns
    Discrete Jitter          (DJ):    0.078ns
    Phase Error              (PE):    0.125ns
  Timing Exception:       MultiCycle Path   Setup -end   6

    Location             Delay type                Incr(ns)  Path(ns)    Netlist Resource(s)
  -------------------------------------------------------------------    -------------------
                         (clock clk_pll_i rise edge)
                                                      0.000     0.000 r  
    E3                                                0.000     0.000 r  sys_clk (IN)
                         net (fo=0)                   0.000     0.000    sys_clk
    E3                   IBUF (Prop_ibuf_I_O)         1.482     1.482 r  hw_mig.u_ibuf_sysclk/O
                         net (fo=2, routed)           1.233     2.715    hw_mig.sys_clk_ibuf
    MMCME2_ADV_X1Y2      MMCME2_ADV (Prop_mmcme2_adv_CLKIN1_CLKOUT0)
                                                      0.088     2.803 r  hw_mig.u_mmcm/CLKOUT0
                         net (fo=2, routed)           0.990     3.793    hw_mig.u_mig/u_mig_7series_0_mig/u_ddr2_infrastructure/lopt
    PLLE2_ADV_X1Y1       PLLE2_ADV (Prop_plle2_adv_CLKIN1_CLKOUT3)
                                                      0.088     3.881 r  hw_mig.u_mig/u_mig_7series_0_mig/u_ddr2_infrastructure/plle2_i/CLKOUT3
                         net (fo=1, routed)           1.281     5.162    hw_mig.u_mig/u_mig_7series_0_mig/u_ddr2_infrastructure/pll_clk3_out
    BUFHCE_X1Y12         BUFH (Prop_bufh_I_O)         0.127     5.289 r  hw_mig.u_mig/u_mig_7series_0_mig/u_ddr2_infrastructure/u_bufh_pll_clk3/O
                         net (fo=1, routed)           0.841     6.130    hw_mig.u_mig/u_mig_7series_0_mig/u_ddr2_infrastructure/pll_clk3
    MMCME2_ADV_X1Y1      MMCME2_ADV (Prop_mmcme2_adv_CLKIN1_CLKFBOUT)
                                                     -3.457     2.673 r  hw_mig.u_mig/u_mig_7series_0_mig/u_ddr2_infrastructure/gen_mmcm.mmcm_i/CLKFBOUT
                         net (fo=1, routed)           1.719     4.393    hw_mig.u_mig/u_mig_7series_0_mig/u_ddr2_infrastructure/clk_pll_i
    BUFGCTRL_X0Y0        BUFG (Prop_bufg_I_O)         0.096     4.489 r  hw_mig.u_mig/u_mig_7series_0_mig/u_ddr2_infrastructure/u_bufg_clkdiv0/O
                         net (fo=11649, routed)       1.613     6.102    hw_mig.u_mig/u_mig_7series_0_mig/u_memc_ui_top_std/mem_intfc0/mc0/periodic_read_request.periodic_rd_grant_r_reg[0]
    SLICE_X64Y76         FDRE                                         r  hw_mig.u_mig/u_mig_7series_0_mig/u_memc_ui_top_std/mem_intfc0/mc0/mc_read_idle_r_reg/C
  -------------------------------------------------------------------    -------------------
    SLICE_X64Y76         FDRE (Prop_fdre_C_Q)         0.456     6.558 r  hw_mig.u_mig/u_mig_7series_0_mig/u_memc_ui_top_std/mem_intfc0/mc0/mc_read_idle_r_reg/Q
                         net (fo=40, routed)          2.588     9.145    hw_mig.u_mig/u_mig_7series_0_mig/u_memc_ui_top_std/mem_intfc0/ddr_phy_top0/u_ddr_mc_phy_wrapper/gen_dq_iobuf_HR.gen_dq_iobuf[14].u_iobuf_dq/IBUFDISABLE
    V1                   IBUF_INTERMDISABLE (Prop_ibuf_intermdisable_IBUFDISABLE_O)
                                                      2.596    11.741 r  hw_mig.u_mig/u_mig_7series_0_mig/u_memc_ui_top_std/mem_intfc0/ddr_phy_top0/u_ddr_mc_phy_wrapper/gen_dq_iobuf_HR.gen_dq_iobuf[14].u_iobuf_dq/IBUF/O
                         net (fo=2, routed)           0.000    11.741    hw_mig.u_mig/u_mig_7series_0_mig/u_memc_ui_top_std/mem_intfc0/ddr_phy_top0/u_ddr_mc_phy_wrapper/u_ddr_mc_phy/ddr_phy_4lanes_0.u_ddr_phy_4lanes/ddr_byte_lane_C.ddr_byte_lane_C/ddr_byte_group_io/in_dq_14
    IDELAY_X1Y85         IDELAYE2 (Prop_idelaye2_IDATAIN_DATAOUT)
                                                      0.815    12.556 r  hw_mig.u_mig/u_mig_7series_0_mig/u_memc_ui_top_std/mem_intfc0/ddr_phy_top0/u_ddr_mc_phy_wrapper/u_ddr_mc_phy/ddr_phy_4lanes_0.u_ddr_phy_4lanes/ddr_byte_lane_C.ddr_byte_lane_C/ddr_byte_group_io/input_[8].iserdes_dq_.idelay_dq.idelaye2/DATAOUT
                         net (fo=1, routed)           0.000    12.556    hw_mig.u_mig/u_mig_7series_0_mig/u_memc_ui_top_std/mem_intfc0/ddr_phy_top0/u_ddr_mc_phy_wrapper/u_ddr_mc_phy/ddr_phy_4lanes_0.u_ddr_phy_4lanes/ddr_byte_lane_C.ddr_byte_lane_C/ddr_byte_group_io/data_in_dly_8
    ILOGIC_X1Y85         ISERDESE2                                    r  hw_mig.u_mig/u_mig_7series_0_mig/u_memc_ui_top_std/mem_intfc0/ddr_phy_top0/u_ddr_mc_phy_wrapper/u_ddr_mc_phy/ddr_phy_4lanes_0.u_ddr_phy_4lanes/ddr_byte_lane_C.ddr_byte_lane_C/ddr_byte_group_io/input_[8].iserdes_dq_.iserdesdq/DDLY
  -------------------------------------------------------------------    -------------------

                         (clock u_mig_7series_0_mig/u_memc_ui_top_std/mem_intfc0/ddr_phy_top0/u_ddr_mc_phy_wrapper/u_ddr_mc_phy/ddr_phy_4lanes_0.u_ddr_phy_4lanes/ddr_byte_lane_C.ddr_byte_lane_C/iserdes_clk fall edge)
                                                     16.923    16.923 f  
    E3                                                0.000    16.923 f  sys_clk (IN)
                         net (fo=0)                   0.000    16.923    sys_clk
    E3                   IBUF (Prop_ibuf_I_O)         1.411    18.334 f  hw_mig.u_ibuf_sysclk/O
                         net (fo=2, routed)           1.162    19.496    hw_mig.sys_clk_ibuf
    MMCME2_ADV_X1Y2      MMCME2_ADV (Prop_mmcme2_adv_CLKIN1_CLKOUT0)
                                                      0.083    19.579 f  hw_mig.u_mmcm/CLKOUT0
                         net (fo=2, routed)           0.941    20.520    hw_mig.u_mig/u_mig_7series_0_mig/u_ddr2_infrastructure/lopt
    PLLE2_ADV_X1Y1       PLLE2_ADV (Prop_plle2_adv_CLKIN1_CLKOUT0)
                                                      0.083    20.603 f  hw_mig.u_mig/u_mig_7series_0_mig/u_ddr2_infrastructure/plle2_i/CLKOUT0
                         net (fo=7, routed)           0.576    21.179    hw_mig.u_mig/u_mig_7series_0_mig/u_memc_ui_top_std/mem_intfc0/ddr_phy_top0/u_ddr_mc_phy_wrapper/u_ddr_mc_phy/ddr_phy_4lanes_0.u_ddr_phy_4lanes/ddr_byte_lane_C.ddr_byte_lane_C/freq_refclk
    PHASER_IN_PHY_X1Y6   PHASER_IN_PHY (Prop_phaser_in_phy_FREQREFCLK_ICLK)
                                                      1.650    22.830 f  hw_mig.u_mig/u_mig_7series_0_mig/u_memc_ui_top_std/mem_intfc0/ddr_phy_top0/u_ddr_mc_phy_wrapper/u_ddr_mc_phy/ddr_phy_4lanes_0.u_ddr_phy_4lanes/ddr_byte_lane_C.ddr_byte_lane_C/phaser_in_gen.phaser_in/ICLK
                         net (fo=16, routed)          0.412    23.242    hw_mig.u_mig/u_mig_7series_0_mig/u_memc_ui_top_std/mem_intfc0/ddr_phy_top0/u_ddr_mc_phy_wrapper/u_ddr_mc_phy/ddr_phy_4lanes_0.u_ddr_phy_4lanes/ddr_byte_lane_C.ddr_byte_lane_C/ddr_byte_group_io/CLKB0_1
    ILOGIC_X1Y85         ISERDESE2                                    r  hw_mig.u_mig/u_mig_7series_0_mig/u_memc_ui_top_std/mem_intfc0/ddr_phy_top0/u_ddr_mc_phy_wrapper/u_ddr_mc_phy/ddr_phy_4lanes_0.u_ddr_phy_4lanes/ddr_byte_lane_C.ddr_byte_lane_C/ddr_byte_group_io/input_[8].iserdes_dq_.iserdesdq/CLKB  (IS_INVERTED)
                         clock pessimism              0.201    23.442    
                         clock uncertainty           -0.178    23.265    
    ILOGIC_X1Y85         ISERDESE2 (Setup_iserdese2_CLKB_DDLY)
                                                     -0.165    23.100    hw_mig.u_mig/u_mig_7series_0_mig/u_memc_ui_top_std/mem_intfc0/ddr_phy_top0/u_ddr_mc_phy_wrapper/u_ddr_mc_phy/ddr_phy_4lanes_0.u_ddr_phy_4lanes/ddr_byte_lane_C.ddr_byte_lane_C/ddr_byte_group_io/input_[8].iserdes_dq_.iserdesdq
  -------------------------------------------------------------------
                         required time                         23.100    
                         arrival time                         -12.556    
  -------------------------------------------------------------------
                         slack                                 10.543    





Min Delay Paths
--------------------------------------------------------------------------------------
Slack (MET) :             46.555ns  (arrival time - required time)
  Source:                 hw_mig.u_mig/u_mig_7series_0_mig/u_memc_ui_top_std/mem_intfc0/mc0/mc_read_idle_r_reg/C
                            (rising edge-triggered cell FDRE clocked by clk_pll_i  {rise@0.000ns fall@6.154ns period=12.308ns})
  Destination:            hw_mig.u_mig/u_mig_7series_0_mig/u_memc_ui_top_std/mem_intfc0/ddr_phy_top0/u_ddr_mc_phy_wrapper/u_ddr_mc_phy/ddr_phy_4lanes_0.u_ddr_phy_4lanes/ddr_byte_lane_C.ddr_byte_lane_C/ddr_byte_group_io/input_[2].iserdes_dq_.iserdesdq/DDLY
                            (rising edge-triggered cell ISERDESE2 clocked by u_mig_7series_0_mig/u_memc_ui_top_std/mem_intfc0/ddr_phy_top0/u_ddr_mc_phy_wrapper/u_ddr_mc_phy/ddr_phy_4lanes_0.u_ddr_phy_4lanes/ddr_byte_lane_C.ddr_byte_lane_C/iserdes_clk  {rise@0.000ns fall@1.538ns period=3.077ns})
  Path Group:             u_mig_7series_0_mig/u_memc_ui_top_std/mem_intfc0/ddr_phy_top0/u_ddr_mc_phy_wrapper/u_ddr_mc_phy/ddr_phy_4lanes_0.u_ddr_phy_4lanes/ddr_byte_lane_C.ddr_byte_lane_C/iserdes_clk
  Path Type:              Hold (Min at Fast Process Corner)
  Requirement:            -46.154ns  (u_mig_7series_0_mig/u_memc_ui_top_std/mem_intfc0/ddr_phy_top0/u_ddr_mc_phy_wrapper/u_ddr_mc_phy/ddr_phy_4lanes_0.u_ddr_phy_4lanes/ddr_byte_lane_C.ddr_byte_lane_C/iserdes_clk rise@15.385ns - clk_pll_i rise@61.538ns)
  Data Path Delay:        1.758ns  (logic 1.068ns (60.756%)  route 0.690ns (39.244%))
  Logic Levels:           2  (IBUF_INTERMDISABLE=1 IDELAYE2=1)
  Clock Path Skew:        1.123ns (DCD - SCD - CPR)
    Destination Clock Delay (DCD):    3.172ns
    Source Clock Delay      (SCD):    1.785ns
    Clock Pessimism Removal (CPR):    0.265ns
  Clock Uncertainty:      0.178ns  ((TSJ^2 + DJ^2)^1/2) / 2 + PE
    Total System Jitter     (TSJ):    0.071ns
    Discrete Jitter          (DJ):    0.078ns
    Phase Error              (PE):    0.125ns
  Timing Exception:       MultiCycle Path   Setup -end   6    Hold  -start 5

    Location             Delay type                Incr(ns)  Path(ns)    Netlist Resource(s)
  -------------------------------------------------------------------    -------------------
                         (clock clk_pll_i rise edge)
                                                     61.538    61.538 r  
    E3                                                0.000    61.538 r  sys_clk (IN)
                         net (fo=0)                   0.000    61.538    sys_clk
    E3                   IBUF (Prop_ibuf_I_O)         0.250    61.788 r  hw_mig.u_ibuf_sysclk/O
                         net (fo=2, routed)           0.440    62.228    hw_mig.sys_clk_ibuf
    MMCME2_ADV_X1Y2      MMCME2_ADV (Prop_mmcme2_adv_CLKIN1_CLKOUT0)
                                                      0.050    62.278 r  hw_mig.u_mmcm/CLKOUT0
                         net (fo=2, routed)           0.317    62.595    hw_mig.u_mig/u_mig_7series_0_mig/u_ddr2_infrastructure/lopt
    PLLE2_ADV_X1Y1       PLLE2_ADV (Prop_plle2_adv_CLKIN1_CLKOUT3)
                                                      0.050    62.645 r  hw_mig.u_mig/u_mig_7series_0_mig/u_ddr2_infrastructure/plle2_i/CLKOUT3
                         net (fo=1, routed)           0.394    63.039    hw_mig.u_mig/u_mig_7series_0_mig/u_ddr2_infrastructure/pll_clk3_out
    BUFHCE_X1Y12         BUFH (Prop_bufh_I_O)         0.020    63.059 r  hw_mig.u_mig/u_mig_7series_0_mig/u_ddr2_infrastructure/u_bufh_pll_clk3/O
                         net (fo=1, routed)           0.269    63.328    hw_mig.u_mig/u_mig_7series_0_mig/u_ddr2_infrastructure/pll_clk3
    MMCME2_ADV_X1Y1      MMCME2_ADV (Prop_mmcme2_adv_CLKIN1_CLKFBOUT)
                                                     -1.083    62.245 r  hw_mig.u_mig/u_mig_7series_0_mig/u_ddr2_infrastructure/gen_mmcm.mmcm_i/CLKFBOUT
                         net (fo=1, routed)           0.499    62.744    hw_mig.u_mig/u_mig_7series_0_mig/u_ddr2_infrastructure/clk_pll_i
    BUFGCTRL_X0Y0        BUFG (Prop_bufg_I_O)         0.026    62.770 r  hw_mig.u_mig/u_mig_7series_0_mig/u_ddr2_infrastructure/u_bufg_clkdiv0/O
                         net (fo=11649, routed)       0.554    63.323    hw_mig.u_mig/u_mig_7series_0_mig/u_memc_ui_top_std/mem_intfc0/mc0/periodic_read_request.periodic_rd_grant_r_reg[0]
    SLICE_X64Y76         FDRE                                         r  hw_mig.u_mig/u_mig_7series_0_mig/u_memc_ui_top_std/mem_intfc0/mc0/mc_read_idle_r_reg/C
  -------------------------------------------------------------------    -------------------
    SLICE_X64Y76         FDRE (Prop_fdre_C_Q)         0.141    63.464 r  hw_mig.u_mig/u_mig_7series_0_mig/u_memc_ui_top_std/mem_intfc0/mc0/mc_read_idle_r_reg/Q
                         net (fo=40, routed)          0.690    64.154    hw_mig.u_mig/u_mig_7series_0_mig/u_memc_ui_top_std/mem_intfc0/ddr_phy_top0/u_ddr_mc_phy_wrapper/gen_dq_iobuf_HR.gen_dq_iobuf[15].u_iobuf_dq/IBUFDISABLE
    T3                   IBUF_INTERMDISABLE (Prop_ibuf_intermdisable_IBUFDISABLE_O)
                                                      0.684    64.838 r  hw_mig.u_mig/u_mig_7series_0_mig/u_memc_ui_top_std/mem_intfc0/ddr_phy_top0/u_ddr_mc_phy_wrapper/gen_dq_iobuf_HR.gen_dq_iobuf[15].u_iobuf_dq/IBUF/O
                         net (fo=2, routed)           0.000    64.838    hw_mig.u_mig/u_mig_7series_0_mig/u_memc_ui_top_std/mem_intfc0/ddr_phy_top0/u_ddr_mc_phy_wrapper/u_ddr_mc_phy/ddr_phy_4lanes_0.u_ddr_phy_4lanes/ddr_byte_lane_C.ddr_byte_lane_C/ddr_byte_group_io/in_dq_15
    IDELAY_X1Y77         IDELAYE2 (Prop_idelaye2_IDATAIN_DATAOUT)
                                                      0.243    65.081 r  hw_mig.u_mig/u_mig_7series_0_mig/u_memc_ui_top_std/mem_intfc0/ddr_phy_top0/u_ddr_mc_phy_wrapper/u_ddr_mc_phy/ddr_phy_4lanes_0.u_ddr_phy_4lanes/ddr_byte_lane_C.ddr_byte_lane_C/ddr_byte_group_io/input_[2].iserdes_dq_.idelay_dq.idelaye2/DATAOUT
                         net (fo=1, routed)           0.000    65.081    hw_mig.u_mig/u_mig_7series_0_mig/u_memc_ui_top_std/mem_intfc0/ddr_phy_top0/u_ddr_mc_phy_wrapper/u_ddr_mc_phy/ddr_phy_4lanes_0.u_ddr_phy_4lanes/ddr_byte_lane_C.ddr_byte_lane_C/ddr_byte_group_io/data_in_dly_2
    ILOGIC_X1Y77         ISERDESE2                                    r  hw_mig.u_mig/u_mig_7series_0_mig/u_memc_ui_top_std/mem_intfc0/ddr_phy_top0/u_ddr_mc_phy_wrapper/u_ddr_mc_phy/ddr_phy_4lanes_0.u_ddr_phy_4lanes/ddr_byte_lane_C.ddr_byte_lane_C/ddr_byte_group_io/input_[2].iserdes_dq_.iserdesdq/DDLY
  -------------------------------------------------------------------    -------------------

                         (clock u_mig_7series_0_mig/u_memc_ui_top_std/mem_intfc0/ddr_phy_top0/u_ddr_mc_phy_wrapper/u_ddr_mc_phy/ddr_phy_4lanes_0.u_ddr_phy_4lanes/ddr_byte_lane_C.ddr_byte_lane_C/iserdes_clk rise edge)
                                                     15.385    15.385 r  
    E3                                                0.000    15.385 r  sys_clk (IN)
                         net (fo=0)                   0.000    15.385    sys_clk
    E3                   IBUF (Prop_ibuf_I_O)         0.438    15.822 r  hw_mig.u_ibuf_sysclk/O
                         net (fo=2, routed)           0.480    16.302    hw_mig.sys_clk_ibuf
    MMCME2_ADV_X1Y2      MMCME2_ADV (Prop_mmcme2_adv_CLKIN1_CLKOUT0)
                                                      0.053    16.355 r  hw_mig.u_mmcm/CLKOUT0
                         net (fo=2, routed)           0.348    16.703    hw_mig.u_mig/u_mig_7series_0_mig/u_ddr2_infrastructure/lopt
    PLLE2_ADV_X1Y1       PLLE2_ADV (Prop_plle2_adv_CLKIN1_CLKOUT0)
                                                      0.053    16.756 r  hw_mig.u_mig/u_mig_7series_0_mig/u_ddr2_infrastructure/plle2_i/CLKOUT0
                         net (fo=7, routed)           0.217    16.973    hw_mig.u_mig/u_mig_7series_0_mig/u_memc_ui_top_std/mem_intfc0/ddr_phy_top0/u_ddr_mc_phy_wrapper/u_ddr_mc_phy/ddr_phy_4lanes_0.u_ddr_phy_4lanes/ddr_byte_lane_C.ddr_byte_lane_C/freq_refclk
    PHASER_IN_PHY_X1Y6   PHASER_IN_PHY (Prop_phaser_in_phy_FREQREFCLK_ICLK)
                                                      1.406    18.379 r  hw_mig.u_mig/u_mig_7series_0_mig/u_memc_ui_top_std/mem_intfc0/ddr_phy_top0/u_ddr_mc_phy_wrapper/u_ddr_mc_phy/ddr_phy_4lanes_0.u_ddr_phy_4lanes/ddr_byte_lane_C.ddr_byte_lane_C/phaser_in_gen.phaser_in/ICLK
                         net (fo=16, routed)          0.178    18.557    hw_mig.u_mig/u_mig_7series_0_mig/u_memc_ui_top_std/mem_intfc0/ddr_phy_top0/u_ddr_mc_phy_wrapper/u_ddr_mc_phy/ddr_phy_4lanes_0.u_ddr_phy_4lanes/ddr_byte_lane_C.ddr_byte_lane_C/ddr_byte_group_io/input_[0].iserdes_dq_.iserdesdq_0
    ILOGIC_X1Y77         ISERDESE2                                    r  hw_mig.u_mig/u_mig_7series_0_mig/u_memc_ui_top_std/mem_intfc0/ddr_phy_top0/u_ddr_mc_phy_wrapper/u_ddr_mc_phy/ddr_phy_4lanes_0.u_ddr_phy_4lanes/ddr_byte_lane_C.ddr_byte_lane_C/ddr_byte_group_io/input_[2].iserdes_dq_.iserdesdq/CLK
                         clock pessimism             -0.265    18.292    
                         clock uncertainty            0.178    18.470    
    ILOGIC_X1Y77         ISERDESE2 (Hold_iserdese2_CLK_DDLY)
                                                      0.056    18.526    hw_mig.u_mig/u_mig_7series_0_mig/u_memc_ui_top_std/mem_intfc0/ddr_phy_top0/u_ddr_mc_phy_wrapper/u_ddr_mc_phy/ddr_phy_4lanes_0.u_ddr_phy_4lanes/ddr_byte_lane_C.ddr_byte_lane_C/ddr_byte_group_io/input_[2].iserdes_dq_.iserdesdq
  -------------------------------------------------------------------
                         required time                        -18.526    
                         arrival time                          65.081    
  -------------------------------------------------------------------
                         slack                                 46.555    





---------------------------------------------------------------------------------------------------
From Clock:  sync_pulse
  To Clock:  mem_refclk

Setup :            0  Failing Endpoints,  Worst Slack        1.316ns,  Total Violation        0.000ns
Hold  :            0  Failing Endpoints,  Worst Slack        0.939ns,  Total Violation        0.000ns
---------------------------------------------------------------------------------------------------


Max Delay Paths
--------------------------------------------------------------------------------------
Slack (MET) :             1.316ns  (required time - arrival time)
  Source:                 hw_mig.u_mig/u_mig_7series_0_mig/u_ddr2_infrastructure/plle2_i/CLKOUT2
                            (clock source 'sync_pulse'  {rise@1.346ns fall@4.423ns period=49.231ns})
  Destination:            hw_mig.u_mig/u_mig_7series_0_mig/u_memc_ui_top_std/mem_intfc0/ddr_phy_top0/u_ddr_mc_phy_wrapper/u_ddr_mc_phy/ddr_phy_4lanes_0.u_ddr_phy_4lanes/phy_control_i/SYNCIN
                            (rising edge-triggered cell PHY_CONTROL clocked by mem_refclk  {rise@0.000ns fall@1.538ns period=3.077ns})
  Path Group:             mem_refclk
  Path Type:              Setup (Max at Slow Process Corner)
  Requirement:            1.731ns  (mem_refclk rise@6.154ns - sync_pulse fall@4.423ns)
  Data Path Delay:        0.621ns  (logic 0.000ns (0.000%)  route 0.621ns (100.000%))
  Logic Levels:           0  
  Clock Path Skew:        0.589ns (DCD - SCD + CPR)
    Destination Clock Delay (DCD):    4.269ns = ( 10.423 - 6.154 ) 
    Source Clock Delay      (SCD):    3.881ns = ( 8.304 - 4.423 ) 
    Clock Pessimism Removal (CPR):    0.201ns
  Clock Uncertainty:      0.201ns  ((TSJ^2 + DJ^2)^1/2) / 2 + PE
    Total System Jitter     (TSJ):    0.071ns
    Discrete Jitter          (DJ):    0.145ns
    Phase Error              (PE):    0.120ns

    Location             Delay type                Incr(ns)  Path(ns)    Netlist Resource(s)
  -------------------------------------------------------------------    -------------------
                         (clock sync_pulse fall edge)
                                                      4.423     4.423 f  
    E3                                                0.000     4.423 f  sys_clk (IN)
                         net (fo=0)                   0.000     4.423    sys_clk
    E3                   IBUF (Prop_ibuf_I_O)         1.482     5.905 f  hw_mig.u_ibuf_sysclk/O
                         net (fo=2, routed)           1.233     7.138    hw_mig.sys_clk_ibuf
    MMCME2_ADV_X1Y2      MMCME2_ADV (Prop_mmcme2_adv_CLKIN1_CLKOUT0)
                                                      0.088     7.226 f  hw_mig.u_mmcm/CLKOUT0
                         net (fo=2, routed)           0.990     8.216    hw_mig.u_mig/u_mig_7series_0_mig/u_ddr2_infrastructure/lopt
  -------------------------------------------------------------------    -------------------
    PLLE2_ADV_X1Y1       PLLE2_ADV (Prop_plle2_adv_CLKIN1_CLKOUT2)
                                                      0.088     8.304 f  hw_mig.u_mig/u_mig_7series_0_mig/u_ddr2_infrastructure/plle2_i/CLKOUT2
                         net (fo=7, routed)           0.621     8.925    hw_mig.u_mig/u_mig_7series_0_mig/u_memc_ui_top_std/mem_intfc0/ddr_phy_top0/u_ddr_mc_phy_wrapper/u_ddr_mc_phy/ddr_phy_4lanes_0.u_ddr_phy_4lanes/sync_pulse
    PHY_CONTROL_X1Y1     PHY_CONTROL                                  f  hw_mig.u_mig/u_mig_7series_0_mig/u_memc_ui_top_std/mem_intfc0/ddr_phy_top0/u_ddr_mc_phy_wrapper/u_ddr_mc_phy/ddr_phy_4lanes_0.u_ddr_phy_4lanes/phy_control_i/SYNCIN
  -------------------------------------------------------------------    -------------------

                         (clock mem_refclk rise edge)
                                                      6.154     6.154 r  
    E3                                                0.000     6.154 r  sys_clk (IN)
                         net (fo=0)                   0.000     6.154    sys_clk
    E3                   IBUF (Prop_ibuf_I_O)         1.411     7.565 r  hw_mig.u_ibuf_sysclk/O
                         net (fo=2, routed)           1.162     8.727    hw_mig.sys_clk_ibuf
    MMCME2_ADV_X1Y2      MMCME2_ADV (Prop_mmcme2_adv_CLKIN1_CLKOUT0)
                                                      0.083     8.810 r  hw_mig.u_mmcm/CLKOUT0
                         net (fo=2, routed)           0.941     9.751    hw_mig.u_mig/u_mig_7series_0_mig/u_ddr2_infrastructure/lopt
    PLLE2_ADV_X1Y1       PLLE2_ADV (Prop_plle2_adv_CLKIN1_CLKOUT1)
                                                      0.083     9.834 r  hw_mig.u_mig/u_mig_7series_0_mig/u_ddr2_infrastructure/plle2_i/CLKOUT1
                         net (fo=7, routed)           0.589    10.423    hw_mig.u_mig/u_mig_7series_0_mig/u_memc_ui_top_std/mem_intfc0/ddr_phy_top0/u_ddr_mc_phy_wrapper/u_ddr_mc_phy/ddr_phy_4lanes_0.u_ddr_phy_4lanes/mem_refclk
    PHY_CONTROL_X1Y1     PHY_CONTROL                                  r  hw_mig.u_mig/u_mig_7series_0_mig/u_memc_ui_top_std/mem_intfc0/ddr_phy_top0/u_ddr_mc_phy_wrapper/u_ddr_mc_phy/ddr_phy_4lanes_0.u_ddr_phy_4lanes/phy_control_i/MEMREFCLK
                         clock pessimism              0.201    10.624    
                         clock uncertainty           -0.201    10.423    
    PHY_CONTROL_X1Y1     PHY_CONTROL (Setup_phy_control_MEMREFCLK_SYNCIN)
                                                     -0.182    10.241    hw_mig.u_mig/u_mig_7series_0_mig/u_memc_ui_top_std/mem_intfc0/ddr_phy_top0/u_ddr_mc_phy_wrapper/u_ddr_mc_phy/ddr_phy_4lanes_0.u_ddr_phy_4lanes/phy_control_i
  -------------------------------------------------------------------
                         required time                         10.241    
                         arrival time                          -8.925    
  -------------------------------------------------------------------
                         slack                                  1.316    





Min Delay Paths
--------------------------------------------------------------------------------------
Slack (MET) :             0.939ns  (arrival time - required time)
  Source:                 hw_mig.u_mig/u_mig_7series_0_mig/u_ddr2_infrastructure/plle2_i/CLKOUT2
                            (clock source 'sync_pulse'  {rise@1.346ns fall@4.423ns period=49.231ns})
  Destination:            hw_mig.u_mig/u_mig_7series_0_mig/u_memc_ui_top_std/mem_intfc0/ddr_phy_top0/u_ddr_mc_phy_wrapper/u_ddr_mc_phy/ddr_phy_4lanes_0.u_ddr_phy_4lanes/phy_control_i/SYNCIN
                            (rising edge-triggered cell PHY_CONTROL clocked by mem_refclk  {rise@0.000ns fall@1.538ns period=3.077ns})
  Path Group:             mem_refclk
  Path Type:              Hold (Min at Slow Process Corner)
  Requirement:            -1.346ns  (mem_refclk rise@3.077ns - sync_pulse fall@4.423ns)
  Data Path Delay:        0.589ns  (logic 0.000ns (0.000%)  route 0.589ns (100.000%))
  Logic Levels:           0  
  Clock Path Skew:        0.621ns (DCD - SCD - CPR)
    Destination Clock Delay (DCD):    4.502ns = ( 7.579 - 3.077 ) 
    Source Clock Delay      (SCD):    3.680ns = ( 8.103 - 4.423 ) 
    Clock Pessimism Removal (CPR):    0.201ns
  Clock Uncertainty:      0.201ns  ((TSJ^2 + DJ^2)^1/2) / 2 + PE
    Total System Jitter     (TSJ):    0.071ns
    Discrete Jitter          (DJ):    0.145ns
    Phase Error              (PE):    0.120ns

    Location             Delay type                Incr(ns)  Path(ns)    Netlist Resource(s)
  -------------------------------------------------------------------    -------------------
                         (clock sync_pulse fall edge)
                                                      4.423     4.423 f  
    E3                                                0.000     4.423 f  sys_clk (IN)
                         net (fo=0)                   0.000     4.423    sys_clk
    E3                   IBUF (Prop_ibuf_I_O)         1.411     5.834 f  hw_mig.u_ibuf_sysclk/O
                         net (fo=2, routed)           1.162     6.996    hw_mig.sys_clk_ibuf
    MMCME2_ADV_X1Y2      MMCME2_ADV (Prop_mmcme2_adv_CLKIN1_CLKOUT0)
                                                      0.083     7.079 f  hw_mig.u_mmcm/CLKOUT0
                         net (fo=2, routed)           0.941     8.020    hw_mig.u_mig/u_mig_7series_0_mig/u_ddr2_infrastructure/lopt
  -------------------------------------------------------------------    -------------------
    PLLE2_ADV_X1Y1       PLLE2_ADV (Prop_plle2_adv_CLKIN1_CLKOUT2)
                                                      0.083     8.103 f  hw_mig.u_mig/u_mig_7series_0_mig/u_ddr2_infrastructure/plle2_i/CLKOUT2
                         net (fo=7, routed)           0.589     8.692    hw_mig.u_mig/u_mig_7series_0_mig/u_memc_ui_top_std/mem_intfc0/ddr_phy_top0/u_ddr_mc_phy_wrapper/u_ddr_mc_phy/ddr_phy_4lanes_0.u_ddr_phy_4lanes/sync_pulse
    PHY_CONTROL_X1Y1     PHY_CONTROL                                  f  hw_mig.u_mig/u_mig_7series_0_mig/u_memc_ui_top_std/mem_intfc0/ddr_phy_top0/u_ddr_mc_phy_wrapper/u_ddr_mc_phy/ddr_phy_4lanes_0.u_ddr_phy_4lanes/phy_control_i/SYNCIN
  -------------------------------------------------------------------    -------------------

                         (clock mem_refclk rise edge)
                                                      3.077     3.077 r  
    E3                                                0.000     3.077 r  sys_clk (IN)
                         net (fo=0)                   0.000     3.077    sys_clk
    E3                   IBUF (Prop_ibuf_I_O)         1.482     4.559 r  hw_mig.u_ibuf_sysclk/O
                         net (fo=2, routed)           1.233     5.792    hw_mig.sys_clk_ibuf
    MMCME2_ADV_X1Y2      MMCME2_ADV (Prop_mmcme2_adv_CLKIN1_CLKOUT0)
                                                      0.088     5.880 r  hw_mig.u_mmcm/CLKOUT0
                         net (fo=2, routed)           0.990     6.870    hw_mig.u_mig/u_mig_7series_0_mig/u_ddr2_infrastructure/lopt
    PLLE2_ADV_X1Y1       PLLE2_ADV (Prop_plle2_adv_CLKIN1_CLKOUT1)
                                                      0.088     6.958 r  hw_mig.u_mig/u_mig_7series_0_mig/u_ddr2_infrastructure/plle2_i/CLKOUT1
                         net (fo=7, routed)           0.621     7.579    hw_mig.u_mig/u_mig_7series_0_mig/u_memc_ui_top_std/mem_intfc0/ddr_phy_top0/u_ddr_mc_phy_wrapper/u_ddr_mc_phy/ddr_phy_4lanes_0.u_ddr_phy_4lanes/mem_refclk
    PHY_CONTROL_X1Y1     PHY_CONTROL                                  r  hw_mig.u_mig/u_mig_7series_0_mig/u_memc_ui_top_std/mem_intfc0/ddr_phy_top0/u_ddr_mc_phy_wrapper/u_ddr_mc_phy/ddr_phy_4lanes_0.u_ddr_phy_4lanes/phy_control_i/MEMREFCLK
                         clock pessimism             -0.201     7.378    
                         clock uncertainty            0.201     7.579    
    PHY_CONTROL_X1Y1     PHY_CONTROL (Hold_phy_control_MEMREFCLK_SYNCIN)
                                                      0.174     7.753    hw_mig.u_mig/u_mig_7series_0_mig/u_memc_ui_top_std/mem_intfc0/ddr_phy_top0/u_ddr_mc_phy_wrapper/u_ddr_mc_phy/ddr_phy_4lanes_0.u_ddr_phy_4lanes/phy_control_i
  -------------------------------------------------------------------
                         required time                         -7.753    
                         arrival time                           8.692    
  -------------------------------------------------------------------
                         slack                                  0.939    





---------------------------------------------------------------------------------------------------
From Clock:  oserdes_clk
  To Clock:  oserdes_clkdiv

Setup :            0  Failing Endpoints,  Worst Slack        2.180ns,  Total Violation        0.000ns
Hold  :            0  Failing Endpoints,  Worst Slack        0.095ns,  Total Violation        0.000ns
---------------------------------------------------------------------------------------------------


Max Delay Paths
--------------------------------------------------------------------------------------
Slack (MET) :             2.180ns  (required time - arrival time)
  Source:                 hw_mig.u_mig/u_mig_7series_0_mig/u_memc_ui_top_std/mem_intfc0/ddr_phy_top0/u_ddr_mc_phy_wrapper/u_ddr_mc_phy/ddr_phy_4lanes_0.u_ddr_phy_4lanes/ddr_byte_lane_A.ddr_byte_lane_A/phaser_out/OCLK
                            (rising edge-triggered cell PHASER_OUT_PHY clocked by oserdes_clk  {rise@0.000ns fall@1.538ns period=3.077ns})
  Destination:            hw_mig.u_mig/u_mig_7series_0_mig/u_memc_ui_top_std/mem_intfc0/ddr_phy_top0/u_ddr_mc_phy_wrapper/u_ddr_mc_phy/ddr_phy_4lanes_0.u_ddr_phy_4lanes/ddr_byte_lane_A.ddr_byte_lane_A/out_fifo/RDEN
                            (rising edge-triggered cell OUT_FIFO clocked by oserdes_clkdiv  {rise@0.000ns fall@3.077ns period=6.154ns})
  Path Group:             oserdes_clkdiv
  Path Type:              Setup (Max at Slow Process Corner)
  Requirement:            3.077ns  (oserdes_clkdiv rise@6.154ns - oserdes_clk rise@3.077ns)
  Data Path Delay:        0.338ns  (logic 0.338ns (100.000%)  route 0.000ns (0.000%))
  Logic Levels:           0  
  Clock Path Skew:        0.148ns (DCD - SCD + CPR)
    Destination Clock Delay (DCD):    6.826ns = ( 12.980 - 6.154 ) 
    Source Clock Delay      (SCD):    6.975ns = ( 10.052 - 3.077 ) 
    Clock Pessimism Removal (CPR):    0.297ns
  Clock Uncertainty:      0.056ns  ((TSJ^2 + DJ^2)^1/2) / 2 + PE
    Total System Jitter     (TSJ):    0.071ns
    Discrete Jitter          (DJ):    0.087ns
    Phase Error              (PE):    0.000ns

    Location             Delay type                Incr(ns)  Path(ns)    Netlist Resource(s)
  -------------------------------------------------------------------    -------------------
                         (clock oserdes_clk rise edge)
                                                      3.077     3.077 r  
    E3                                                0.000     3.077 r  sys_clk (IN)
                         net (fo=0)                   0.000     3.077    sys_clk
    E3                   IBUF (Prop_ibuf_I_O)         1.482     4.559 r  hw_mig.u_ibuf_sysclk/O
                         net (fo=2, routed)           1.233     5.792    hw_mig.sys_clk_ibuf
    MMCME2_ADV_X1Y2      MMCME2_ADV (Prop_mmcme2_adv_CLKIN1_CLKOUT0)
                                                      0.088     5.880 r  hw_mig.u_mmcm/CLKOUT0
                         net (fo=2, routed)           0.990     6.870    hw_mig.u_mig/u_mig_7series_0_mig/u_ddr2_infrastructure/lopt
    PLLE2_ADV_X1Y1       PLLE2_ADV (Prop_plle2_adv_CLKIN1_CLKOUT1)
                                                      0.088     6.958 r  hw_mig.u_mig/u_mig_7series_0_mig/u_ddr2_infrastructure/plle2_i/CLKOUT1
                         net (fo=7, routed)           0.614     7.572    hw_mig.u_mig/u_mig_7series_0_mig/u_memc_ui_top_std/mem_intfc0/ddr_phy_top0/u_ddr_mc_phy_wrapper/u_ddr_mc_phy/ddr_phy_4lanes_0.u_ddr_phy_4lanes/ddr_byte_lane_A.ddr_byte_lane_A/mem_refclk
    PHASER_OUT_PHY_X1Y4  PHASER_OUT_PHY (Prop_phaser_out_phy_MEMREFCLK_OCLK)
                                                      2.480    10.052 r  hw_mig.u_mig/u_mig_7series_0_mig/u_memc_ui_top_std/mem_intfc0/ddr_phy_top0/u_ddr_mc_phy_wrapper/u_ddr_mc_phy/ddr_phy_4lanes_0.u_ddr_phy_4lanes/ddr_byte_lane_A.ddr_byte_lane_A/phaser_out/OCLK
  -------------------------------------------------------------------    -------------------
    PHASER_OUT_PHY_X1Y4  PHASER_OUT_PHY (Prop_phaser_out_phy_OCLK_RDENABLE)
                                                      0.338    10.390 r  hw_mig.u_mig/u_mig_7series_0_mig/u_memc_ui_top_std/mem_intfc0/ddr_phy_top0/u_ddr_mc_phy_wrapper/u_ddr_mc_phy/ddr_phy_4lanes_0.u_ddr_phy_4lanes/ddr_byte_lane_A.ddr_byte_lane_A/phaser_out/RDENABLE
                         net (fo=1, routed)           0.000    10.390    hw_mig.u_mig/u_mig_7series_0_mig/u_memc_ui_top_std/mem_intfc0/ddr_phy_top0/u_ddr_mc_phy_wrapper/u_ddr_mc_phy/ddr_phy_4lanes_0.u_ddr_phy_4lanes/ddr_byte_lane_A.ddr_byte_lane_A/po_rd_enable
    OUT_FIFO_X1Y4        OUT_FIFO                                     r  hw_mig.u_mig/u_mig_7series_0_mig/u_memc_ui_top_std/mem_intfc0/ddr_phy_top0/u_ddr_mc_phy_wrapper/u_ddr_mc_phy/ddr_phy_4lanes_0.u_ddr_phy_4lanes/ddr_byte_lane_A.ddr_byte_lane_A/out_fifo/RDEN
  -------------------------------------------------------------------    -------------------

                         (clock oserdes_clkdiv rise edge)
                                                      6.154     6.154 r  
    E3                                                0.000     6.154 r  sys_clk (IN)
                         net (fo=0)                   0.000     6.154    sys_clk
    E3                   IBUF (Prop_ibuf_I_O)         1.411     7.565 r  hw_mig.u_ibuf_sysclk/O
                         net (fo=2, routed)           1.162     8.727    hw_mig.sys_clk_ibuf
    MMCME2_ADV_X1Y2      MMCME2_ADV (Prop_mmcme2_adv_CLKIN1_CLKOUT0)
                                                      0.083     8.810 r  hw_mig.u_mmcm/CLKOUT0
                         net (fo=2, routed)           0.941     9.751    hw_mig.u_mig/u_mig_7series_0_mig/u_ddr2_infrastructure/lopt
    PLLE2_ADV_X1Y1       PLLE2_ADV (Prop_plle2_adv_CLKIN1_CLKOUT1)
                                                      0.083     9.834 r  hw_mig.u_mig/u_mig_7series_0_mig/u_ddr2_infrastructure/plle2_i/CLKOUT1
                         net (fo=7, routed)           0.582    10.416    hw_mig.u_mig/u_mig_7series_0_mig/u_memc_ui_top_std/mem_intfc0/ddr_phy_top0/u_ddr_mc_phy_wrapper/u_ddr_mc_phy/ddr_phy_4lanes_0.u_ddr_phy_4lanes/ddr_byte_lane_A.ddr_byte_lane_A/mem_refclk
    PHASER_OUT_PHY_X1Y4  PHASER_OUT_PHY (Prop_phaser_out_phy_MEMREFCLK_OCLK)
                                                      2.416    12.832 r  hw_mig.u_mig/u_mig_7series_0_mig/u_memc_ui_top_std/mem_intfc0/ddr_phy_top0/u_ddr_mc_phy_wrapper/u_ddr_mc_phy/ddr_phy_4lanes_0.u_ddr_phy_4lanes/ddr_byte_lane_A.ddr_byte_lane_A/phaser_out/OCLK
    PHASER_OUT_PHY_X1Y4  PHASER_OUT_PHY (Prop_phaser_out_phy_OCLK_OCLKDIV)
                                                      0.148    12.980 r  hw_mig.u_mig/u_mig_7series_0_mig/u_memc_ui_top_std/mem_intfc0/ddr_phy_top0/u_ddr_mc_phy_wrapper/u_ddr_mc_phy/ddr_phy_4lanes_0.u_ddr_phy_4lanes/ddr_byte_lane_A.ddr_byte_lane_A/phaser_out/OCLKDIV
                         net (fo=11, routed)          0.000    12.980    hw_mig.u_mig/u_mig_7series_0_mig/u_memc_ui_top_std/mem_intfc0/ddr_phy_top0/u_ddr_mc_phy_wrapper/u_ddr_mc_phy/ddr_phy_4lanes_0.u_ddr_phy_4lanes/ddr_byte_lane_A.ddr_byte_lane_A/oserdes_clkdiv
    OUT_FIFO_X1Y4        OUT_FIFO                                     r  hw_mig.u_mig/u_mig_7series_0_mig/u_memc_ui_top_std/mem_intfc0/ddr_phy_top0/u_ddr_mc_phy_wrapper/u_ddr_mc_phy/ddr_phy_4lanes_0.u_ddr_phy_4lanes/ddr_byte_lane_A.ddr_byte_lane_A/out_fifo/RDCLK
                         clock pessimism              0.297    13.277    
                         clock uncertainty           -0.056    13.221    
    OUT_FIFO_X1Y4        OUT_FIFO (Setup_out_fifo_RDCLK_RDEN)
                                                     -0.651    12.570    hw_mig.u_mig/u_mig_7series_0_mig/u_memc_ui_top_std/mem_intfc0/ddr_phy_top0/u_ddr_mc_phy_wrapper/u_ddr_mc_phy/ddr_phy_4lanes_0.u_ddr_phy_4lanes/ddr_byte_lane_A.ddr_byte_lane_A/out_fifo
  -------------------------------------------------------------------
                         required time                         12.570    
                         arrival time                         -10.390    
  -------------------------------------------------------------------
                         slack                                  2.180    





Min Delay Paths
--------------------------------------------------------------------------------------
Slack (MET) :             0.095ns  (arrival time - required time)
  Source:                 hw_mig.u_mig/u_mig_7series_0_mig/u_memc_ui_top_std/mem_intfc0/ddr_phy_top0/u_ddr_mc_phy_wrapper/u_ddr_mc_phy/ddr_phy_4lanes_0.u_ddr_phy_4lanes/ddr_byte_lane_A.ddr_byte_lane_A/phaser_out/OCLK
                            (rising edge-triggered cell PHASER_OUT_PHY clocked by oserdes_clk  {rise@0.000ns fall@1.538ns period=3.077ns})
  Destination:            hw_mig.u_mig/u_mig_7series_0_mig/u_memc_ui_top_std/mem_intfc0/ddr_phy_top0/u_ddr_mc_phy_wrapper/u_ddr_mc_phy/ddr_phy_4lanes_0.u_ddr_phy_4lanes/ddr_byte_lane_A.ddr_byte_lane_A/out_fifo/RDEN
                            (rising edge-triggered cell OUT_FIFO clocked by oserdes_clkdiv  {rise@0.000ns fall@3.077ns period=6.154ns})
  Path Group:             oserdes_clkdiv
  Path Type:              Hold (Min at Fast Process Corner)
  Requirement:            0.000ns  (oserdes_clkdiv rise@0.000ns - oserdes_clk rise@0.000ns)
  Data Path Delay:        0.172ns  (logic 0.172ns (100.000%)  route 0.000ns (0.000%))
  Logic Levels:           0  
  Clock Path Skew:        0.088ns (DCD - SCD - CPR)
    Destination Clock Delay (DCD):    3.862ns
    Source Clock Delay      (SCD):    3.439ns
    Clock Pessimism Removal (CPR):    0.335ns

    Location             Delay type                Incr(ns)  Path(ns)    Netlist Resource(s)
  -------------------------------------------------------------------    -------------------
                         (clock oserdes_clk rise edge)
                                                      0.000     0.000 r  
    E3                                                0.000     0.000 r  sys_clk (IN)
                         net (fo=0)                   0.000     0.000    sys_clk
    E3                   IBUF (Prop_ibuf_I_O)         0.250     0.250 r  hw_mig.u_ibuf_sysclk/O
                         net (fo=2, routed)           0.440     0.690    hw_mig.sys_clk_ibuf
    MMCME2_ADV_X1Y2      MMCME2_ADV (Prop_mmcme2_adv_CLKIN1_CLKOUT0)
                                                      0.050     0.740 r  hw_mig.u_mmcm/CLKOUT0
                         net (fo=2, routed)           0.317     1.057    hw_mig.u_mig/u_mig_7series_0_mig/u_ddr2_infrastructure/lopt
    PLLE2_ADV_X1Y1       PLLE2_ADV (Prop_plle2_adv_CLKIN1_CLKOUT1)
                                                      0.050     1.107 r  hw_mig.u_mig/u_mig_7series_0_mig/u_ddr2_infrastructure/plle2_i/CLKOUT1
                         net (fo=7, routed)           0.197     1.304    hw_mig.u_mig/u_mig_7series_0_mig/u_memc_ui_top_std/mem_intfc0/ddr_phy_top0/u_ddr_mc_phy_wrapper/u_ddr_mc_phy/ddr_phy_4lanes_0.u_ddr_phy_4lanes/ddr_byte_lane_A.ddr_byte_lane_A/mem_refclk
    PHASER_OUT_PHY_X1Y4  PHASER_OUT_PHY (Prop_phaser_out_phy_MEMREFCLK_OCLK)
                                                      2.135     3.439 r  hw_mig.u_mig/u_mig_7series_0_mig/u_memc_ui_top_std/mem_intfc0/ddr_phy_top0/u_ddr_mc_phy_wrapper/u_ddr_mc_phy/ddr_phy_4lanes_0.u_ddr_phy_4lanes/ddr_byte_lane_A.ddr_byte_lane_A/phaser_out/OCLK
  -------------------------------------------------------------------    -------------------
    PHASER_OUT_PHY_X1Y4  PHASER_OUT_PHY (Prop_phaser_out_phy_OCLK_RDENABLE)
                                                      0.172     3.611 r  hw_mig.u_mig/u_mig_7series_0_mig/u_memc_ui_top_std/mem_intfc0/ddr_phy_top0/u_ddr_mc_phy_wrapper/u_ddr_mc_phy/ddr_phy_4lanes_0.u_ddr_phy_4lanes/ddr_byte_lane_A.ddr_byte_lane_A/phaser_out/RDENABLE
                         net (fo=1, routed)           0.000     3.611    hw_mig.u_mig/u_mig_7series_0_mig/u_memc_ui_top_std/mem_intfc0/ddr_phy_top0/u_ddr_mc_phy_wrapper/u_ddr_mc_phy/ddr_phy_4lanes_0.u_ddr_phy_4lanes/ddr_byte_lane_A.ddr_byte_lane_A/po_rd_enable
    OUT_FIFO_X1Y4        OUT_FIFO                                     r  hw_mig.u_mig/u_mig_7series_0_mig/u_memc_ui_top_std/mem_intfc0/ddr_phy_top0/u_ddr_mc_phy_wrapper/u_ddr_mc_phy/ddr_phy_4lanes_0.u_ddr_phy_4lanes/ddr_byte_lane_A.ddr_byte_lane_A/out_fifo/RDEN
  -------------------------------------------------------------------    -------------------

                         (clock oserdes_clkdiv rise edge)
                                                      0.000     0.000 r  
    E3                                                0.000     0.000 r  sys_clk (IN)
                         net (fo=0)                   0.000     0.000    sys_clk
    E3                   IBUF (Prop_ibuf_I_O)         0.438     0.438 r  hw_mig.u_ibuf_sysclk/O
                         net (fo=2, routed)           0.480     0.918    hw_mig.sys_clk_ibuf
    MMCME2_ADV_X1Y2      MMCME2_ADV (Prop_mmcme2_adv_CLKIN1_CLKOUT0)
                                                      0.053     0.971 r  hw_mig.u_mmcm/CLKOUT0
                         net (fo=2, routed)           0.348     1.319    hw_mig.u_mig/u_mig_7series_0_mig/u_ddr2_infrastructure/lopt
    PLLE2_ADV_X1Y1       PLLE2_ADV (Prop_plle2_adv_CLKIN1_CLKOUT1)
                                                      0.053     1.372 r  hw_mig.u_mig/u_mig_7series_0_mig/u_ddr2_infrastructure/plle2_i/CLKOUT1
                         net (fo=7, routed)           0.218     1.590    hw_mig.u_mig/u_mig_7series_0_mig/u_memc_ui_top_std/mem_intfc0/ddr_phy_top0/u_ddr_mc_phy_wrapper/u_ddr_mc_phy/ddr_phy_4lanes_0.u_ddr_phy_4lanes/ddr_byte_lane_A.ddr_byte_lane_A/mem_refclk
    PHASER_OUT_PHY_X1Y4  PHASER_OUT_PHY (Prop_phaser_out_phy_MEMREFCLK_OCLK)
                                                      2.184     3.774 r  hw_mig.u_mig/u_mig_7series_0_mig/u_memc_ui_top_std/mem_intfc0/ddr_phy_top0/u_ddr_mc_phy_wrapper/u_ddr_mc_phy/ddr_phy_4lanes_0.u_ddr_phy_4lanes/ddr_byte_lane_A.ddr_byte_lane_A/phaser_out/OCLK
    PHASER_OUT_PHY_X1Y4  PHASER_OUT_PHY (Prop_phaser_out_phy_OCLK_OCLKDIV)
                                                      0.088     3.862 r  hw_mig.u_mig/u_mig_7series_0_mig/u_memc_ui_top_std/mem_intfc0/ddr_phy_top0/u_ddr_mc_phy_wrapper/u_ddr_mc_phy/ddr_phy_4lanes_0.u_ddr_phy_4lanes/ddr_byte_lane_A.ddr_byte_lane_A/phaser_out/OCLKDIV
                         net (fo=11, routed)          0.000     3.862    hw_mig.u_mig/u_mig_7series_0_mig/u_memc_ui_top_std/mem_intfc0/ddr_phy_top0/u_ddr_mc_phy_wrapper/u_ddr_mc_phy/ddr_phy_4lanes_0.u_ddr_phy_4lanes/ddr_byte_lane_A.ddr_byte_lane_A/oserdes_clkdiv
    OUT_FIFO_X1Y4        OUT_FIFO                                     r  hw_mig.u_mig/u_mig_7series_0_mig/u_memc_ui_top_std/mem_intfc0/ddr_phy_top0/u_ddr_mc_phy_wrapper/u_ddr_mc_phy/ddr_phy_4lanes_0.u_ddr_phy_4lanes/ddr_byte_lane_A.ddr_byte_lane_A/out_fifo/RDCLK
                         clock pessimism             -0.335     3.527    
    OUT_FIFO_X1Y4        OUT_FIFO (Hold_out_fifo_RDCLK_RDEN)
                                                     -0.011     3.516    hw_mig.u_mig/u_mig_7series_0_mig/u_memc_ui_top_std/mem_intfc0/ddr_phy_top0/u_ddr_mc_phy_wrapper/u_ddr_mc_phy/ddr_phy_4lanes_0.u_ddr_phy_4lanes/ddr_byte_lane_A.ddr_byte_lane_A/out_fifo
  -------------------------------------------------------------------
                         required time                         -3.516    
                         arrival time                           3.611    
  -------------------------------------------------------------------
                         slack                                  0.095    





---------------------------------------------------------------------------------------------------
From Clock:  oserdes_clk_1
  To Clock:  oserdes_clkdiv_1

Setup :            0  Failing Endpoints,  Worst Slack        2.180ns,  Total Violation        0.000ns
Hold  :            0  Failing Endpoints,  Worst Slack        0.095ns,  Total Violation        0.000ns
---------------------------------------------------------------------------------------------------


Max Delay Paths
--------------------------------------------------------------------------------------
Slack (MET) :             2.180ns  (required time - arrival time)
  Source:                 hw_mig.u_mig/u_mig_7series_0_mig/u_memc_ui_top_std/mem_intfc0/ddr_phy_top0/u_ddr_mc_phy_wrapper/u_ddr_mc_phy/ddr_phy_4lanes_0.u_ddr_phy_4lanes/ddr_byte_lane_B.ddr_byte_lane_B/phaser_out/OCLK
                            (rising edge-triggered cell PHASER_OUT_PHY clocked by oserdes_clk_1  {rise@0.000ns fall@1.538ns period=3.077ns})
  Destination:            hw_mig.u_mig/u_mig_7series_0_mig/u_memc_ui_top_std/mem_intfc0/ddr_phy_top0/u_ddr_mc_phy_wrapper/u_ddr_mc_phy/ddr_phy_4lanes_0.u_ddr_phy_4lanes/ddr_byte_lane_B.ddr_byte_lane_B/out_fifo/RDEN
                            (rising edge-triggered cell OUT_FIFO clocked by oserdes_clkdiv_1  {rise@0.000ns fall@6.154ns period=12.308ns})
  Path Group:             oserdes_clkdiv_1
  Path Type:              Setup (Max at Slow Process Corner)
  Requirement:            3.077ns  (oserdes_clkdiv_1 rise@12.308ns - oserdes_clk_1 rise@9.231ns)
  Data Path Delay:        0.338ns  (logic 0.338ns (100.000%)  route 0.000ns (0.000%))
  Logic Levels:           0  
  Clock Path Skew:        0.148ns (DCD - SCD + CPR)
    Destination Clock Delay (DCD):    6.816ns = ( 19.124 - 12.308 ) 
    Source Clock Delay      (SCD):    6.964ns = ( 16.195 - 9.231 ) 
    Clock Pessimism Removal (CPR):    0.296ns
  Clock Uncertainty:      0.056ns  ((TSJ^2 + DJ^2)^1/2) / 2 + PE
    Total System Jitter     (TSJ):    0.071ns
    Discrete Jitter          (DJ):    0.087ns
    Phase Error              (PE):    0.000ns

    Location             Delay type                Incr(ns)  Path(ns)    Netlist Resource(s)
  -------------------------------------------------------------------    -------------------
                         (clock oserdes_clk_1 rise edge)
                                                      9.231     9.231 r  
    E3                                                0.000     9.231 r  sys_clk (IN)
                         net (fo=0)                   0.000     9.231    sys_clk
    E3                   IBUF (Prop_ibuf_I_O)         1.482    10.713 r  hw_mig.u_ibuf_sysclk/O
                         net (fo=2, routed)           1.233    11.946    hw_mig.sys_clk_ibuf
    MMCME2_ADV_X1Y2      MMCME2_ADV (Prop_mmcme2_adv_CLKIN1_CLKOUT0)
                                                      0.088    12.034 r  hw_mig.u_mmcm/CLKOUT0
                         net (fo=2, routed)           0.990    13.024    hw_mig.u_mig/u_mig_7series_0_mig/u_ddr2_infrastructure/lopt
    PLLE2_ADV_X1Y1       PLLE2_ADV (Prop_plle2_adv_CLKIN1_CLKOUT1)
                                                      0.088    13.112 r  hw_mig.u_mig/u_mig_7series_0_mig/u_ddr2_infrastructure/plle2_i/CLKOUT1
                         net (fo=7, routed)           0.603    13.715    hw_mig.u_mig/u_mig_7series_0_mig/u_memc_ui_top_std/mem_intfc0/ddr_phy_top0/u_ddr_mc_phy_wrapper/u_ddr_mc_phy/ddr_phy_4lanes_0.u_ddr_phy_4lanes/ddr_byte_lane_B.ddr_byte_lane_B/mem_refclk
    PHASER_OUT_PHY_X1Y5  PHASER_OUT_PHY (Prop_phaser_out_phy_MEMREFCLK_OCLK)
                                                      2.480    16.195 r  hw_mig.u_mig/u_mig_7series_0_mig/u_memc_ui_top_std/mem_intfc0/ddr_phy_top0/u_ddr_mc_phy_wrapper/u_ddr_mc_phy/ddr_phy_4lanes_0.u_ddr_phy_4lanes/ddr_byte_lane_B.ddr_byte_lane_B/phaser_out/OCLK
  -------------------------------------------------------------------    -------------------
    PHASER_OUT_PHY_X1Y5  PHASER_OUT_PHY (Prop_phaser_out_phy_OCLK_RDENABLE)
                                                      0.338    16.533 r  hw_mig.u_mig/u_mig_7series_0_mig/u_memc_ui_top_std/mem_intfc0/ddr_phy_top0/u_ddr_mc_phy_wrapper/u_ddr_mc_phy/ddr_phy_4lanes_0.u_ddr_phy_4lanes/ddr_byte_lane_B.ddr_byte_lane_B/phaser_out/RDENABLE
                         net (fo=1, routed)           0.000    16.533    hw_mig.u_mig/u_mig_7series_0_mig/u_memc_ui_top_std/mem_intfc0/ddr_phy_top0/u_ddr_mc_phy_wrapper/u_ddr_mc_phy/ddr_phy_4lanes_0.u_ddr_phy_4lanes/ddr_byte_lane_B.ddr_byte_lane_B/po_rd_enable
    OUT_FIFO_X1Y5        OUT_FIFO                                     r  hw_mig.u_mig/u_mig_7series_0_mig/u_memc_ui_top_std/mem_intfc0/ddr_phy_top0/u_ddr_mc_phy_wrapper/u_ddr_mc_phy/ddr_phy_4lanes_0.u_ddr_phy_4lanes/ddr_byte_lane_B.ddr_byte_lane_B/out_fifo/RDEN
  -------------------------------------------------------------------    -------------------

                         (clock oserdes_clkdiv_1 rise edge)
                                                     12.308    12.308 r  
    E3                                                0.000    12.308 r  sys_clk (IN)
                         net (fo=0)                   0.000    12.308    sys_clk
    E3                   IBUF (Prop_ibuf_I_O)         1.411    13.719 r  hw_mig.u_ibuf_sysclk/O
                         net (fo=2, routed)           1.162    14.881    hw_mig.sys_clk_ibuf
    MMCME2_ADV_X1Y2      MMCME2_ADV (Prop_mmcme2_adv_CLKIN1_CLKOUT0)
                                                      0.083    14.964 r  hw_mig.u_mmcm/CLKOUT0
                         net (fo=2, routed)           0.941    15.905    hw_mig.u_mig/u_mig_7series_0_mig/u_ddr2_infrastructure/lopt
    PLLE2_ADV_X1Y1       PLLE2_ADV (Prop_plle2_adv_CLKIN1_CLKOUT1)
                                                      0.083    15.988 r  hw_mig.u_mig/u_mig_7series_0_mig/u_ddr2_infrastructure/plle2_i/CLKOUT1
                         net (fo=7, routed)           0.572    16.560    hw_mig.u_mig/u_mig_7series_0_mig/u_memc_ui_top_std/mem_intfc0/ddr_phy_top0/u_ddr_mc_phy_wrapper/u_ddr_mc_phy/ddr_phy_4lanes_0.u_ddr_phy_4lanes/ddr_byte_lane_B.ddr_byte_lane_B/mem_refclk
    PHASER_OUT_PHY_X1Y5  PHASER_OUT_PHY (Prop_phaser_out_phy_MEMREFCLK_OCLK)
                                                      2.416    18.976 r  hw_mig.u_mig/u_mig_7series_0_mig/u_memc_ui_top_std/mem_intfc0/ddr_phy_top0/u_ddr_mc_phy_wrapper/u_ddr_mc_phy/ddr_phy_4lanes_0.u_ddr_phy_4lanes/ddr_byte_lane_B.ddr_byte_lane_B/phaser_out/OCLK
    PHASER_OUT_PHY_X1Y5  PHASER_OUT_PHY (Prop_phaser_out_phy_OCLK_OCLKDIV)
                                                      0.148    19.124 r  hw_mig.u_mig/u_mig_7series_0_mig/u_memc_ui_top_std/mem_intfc0/ddr_phy_top0/u_ddr_mc_phy_wrapper/u_ddr_mc_phy/ddr_phy_4lanes_0.u_ddr_phy_4lanes/ddr_byte_lane_B.ddr_byte_lane_B/phaser_out/OCLKDIV
                         net (fo=13, routed)          0.000    19.124    hw_mig.u_mig/u_mig_7series_0_mig/u_memc_ui_top_std/mem_intfc0/ddr_phy_top0/u_ddr_mc_phy_wrapper/u_ddr_mc_phy/ddr_phy_4lanes_0.u_ddr_phy_4lanes/ddr_byte_lane_B.ddr_byte_lane_B/oserdes_clkdiv
    OUT_FIFO_X1Y5        OUT_FIFO                                     r  hw_mig.u_mig/u_mig_7series_0_mig/u_memc_ui_top_std/mem_intfc0/ddr_phy_top0/u_ddr_mc_phy_wrapper/u_ddr_mc_phy/ddr_phy_4lanes_0.u_ddr_phy_4lanes/ddr_byte_lane_B.ddr_byte_lane_B/out_fifo/RDCLK
                         clock pessimism              0.296    19.420    
                         clock uncertainty           -0.056    19.364    
    OUT_FIFO_X1Y5        OUT_FIFO (Setup_out_fifo_RDCLK_RDEN)
                                                     -0.651    18.713    hw_mig.u_mig/u_mig_7series_0_mig/u_memc_ui_top_std/mem_intfc0/ddr_phy_top0/u_ddr_mc_phy_wrapper/u_ddr_mc_phy/ddr_phy_4lanes_0.u_ddr_phy_4lanes/ddr_byte_lane_B.ddr_byte_lane_B/out_fifo
  -------------------------------------------------------------------
                         required time                         18.713    
                         arrival time                         -16.533    
  -------------------------------------------------------------------
                         slack                                  2.180    





Min Delay Paths
--------------------------------------------------------------------------------------
Slack (MET) :             0.095ns  (arrival time - required time)
  Source:                 hw_mig.u_mig/u_mig_7series_0_mig/u_memc_ui_top_std/mem_intfc0/ddr_phy_top0/u_ddr_mc_phy_wrapper/u_ddr_mc_phy/ddr_phy_4lanes_0.u_ddr_phy_4lanes/ddr_byte_lane_B.ddr_byte_lane_B/phaser_out/OCLK
                            (rising edge-triggered cell PHASER_OUT_PHY clocked by oserdes_clk_1  {rise@0.000ns fall@1.538ns period=3.077ns})
  Destination:            hw_mig.u_mig/u_mig_7series_0_mig/u_memc_ui_top_std/mem_intfc0/ddr_phy_top0/u_ddr_mc_phy_wrapper/u_ddr_mc_phy/ddr_phy_4lanes_0.u_ddr_phy_4lanes/ddr_byte_lane_B.ddr_byte_lane_B/out_fifo/RDEN
                            (rising edge-triggered cell OUT_FIFO clocked by oserdes_clkdiv_1  {rise@0.000ns fall@6.154ns period=12.308ns})
  Path Group:             oserdes_clkdiv_1
  Path Type:              Hold (Min at Fast Process Corner)
  Requirement:            0.000ns  (oserdes_clkdiv_1 rise@0.000ns - oserdes_clk_1 rise@0.000ns)
  Data Path Delay:        0.172ns  (logic 0.172ns (100.000%)  route 0.000ns (0.000%))
  Logic Levels:           0  
  Clock Path Skew:        0.088ns (DCD - SCD - CPR)
    Destination Clock Delay (DCD):    3.853ns
    Source Clock Delay      (SCD):    3.432ns
    Clock Pessimism Removal (CPR):    0.333ns

    Location             Delay type                Incr(ns)  Path(ns)    Netlist Resource(s)
  -------------------------------------------------------------------    -------------------
                         (clock oserdes_clk_1 rise edge)
                                                      0.000     0.000 r  
    E3                                                0.000     0.000 r  sys_clk (IN)
                         net (fo=0)                   0.000     0.000    sys_clk
    E3                   IBUF (Prop_ibuf_I_O)         0.250     0.250 r  hw_mig.u_ibuf_sysclk/O
                         net (fo=2, routed)           0.440     0.690    hw_mig.sys_clk_ibuf
    MMCME2_ADV_X1Y2      MMCME2_ADV (Prop_mmcme2_adv_CLKIN1_CLKOUT0)
                                                      0.050     0.740 r  hw_mig.u_mmcm/CLKOUT0
                         net (fo=2, routed)           0.317     1.057    hw_mig.u_mig/u_mig_7series_0_mig/u_ddr2_infrastructure/lopt
    PLLE2_ADV_X1Y1       PLLE2_ADV (Prop_plle2_adv_CLKIN1_CLKOUT1)
                                                      0.050     1.107 r  hw_mig.u_mig/u_mig_7series_0_mig/u_ddr2_infrastructure/plle2_i/CLKOUT1
                         net (fo=7, routed)           0.190     1.297    hw_mig.u_mig/u_mig_7series_0_mig/u_memc_ui_top_std/mem_intfc0/ddr_phy_top0/u_ddr_mc_phy_wrapper/u_ddr_mc_phy/ddr_phy_4lanes_0.u_ddr_phy_4lanes/ddr_byte_lane_B.ddr_byte_lane_B/mem_refclk
    PHASER_OUT_PHY_X1Y5  PHASER_OUT_PHY (Prop_phaser_out_phy_MEMREFCLK_OCLK)
                                                      2.135     3.432 r  hw_mig.u_mig/u_mig_7series_0_mig/u_memc_ui_top_std/mem_intfc0/ddr_phy_top0/u_ddr_mc_phy_wrapper/u_ddr_mc_phy/ddr_phy_4lanes_0.u_ddr_phy_4lanes/ddr_byte_lane_B.ddr_byte_lane_B/phaser_out/OCLK
  -------------------------------------------------------------------    -------------------
    PHASER_OUT_PHY_X1Y5  PHASER_OUT_PHY (Prop_phaser_out_phy_OCLK_RDENABLE)
                                                      0.172     3.604 r  hw_mig.u_mig/u_mig_7series_0_mig/u_memc_ui_top_std/mem_intfc0/ddr_phy_top0/u_ddr_mc_phy_wrapper/u_ddr_mc_phy/ddr_phy_4lanes_0.u_ddr_phy_4lanes/ddr_byte_lane_B.ddr_byte_lane_B/phaser_out/RDENABLE
                         net (fo=1, routed)           0.000     3.604    hw_mig.u_mig/u_mig_7series_0_mig/u_memc_ui_top_std/mem_intfc0/ddr_phy_top0/u_ddr_mc_phy_wrapper/u_ddr_mc_phy/ddr_phy_4lanes_0.u_ddr_phy_4lanes/ddr_byte_lane_B.ddr_byte_lane_B/po_rd_enable
    OUT_FIFO_X1Y5        OUT_FIFO                                     r  hw_mig.u_mig/u_mig_7series_0_mig/u_memc_ui_top_std/mem_intfc0/ddr_phy_top0/u_ddr_mc_phy_wrapper/u_ddr_mc_phy/ddr_phy_4lanes_0.u_ddr_phy_4lanes/ddr_byte_lane_B.ddr_byte_lane_B/out_fifo/RDEN
  -------------------------------------------------------------------    -------------------

                         (clock oserdes_clkdiv_1 rise edge)
                                                      0.000     0.000 r  
    E3                                                0.000     0.000 r  sys_clk (IN)
                         net (fo=0)                   0.000     0.000    sys_clk
    E3                   IBUF (Prop_ibuf_I_O)         0.438     0.438 r  hw_mig.u_ibuf_sysclk/O
                         net (fo=2, routed)           0.480     0.918    hw_mig.sys_clk_ibuf
    MMCME2_ADV_X1Y2      MMCME2_ADV (Prop_mmcme2_adv_CLKIN1_CLKOUT0)
                                                      0.053     0.971 r  hw_mig.u_mmcm/CLKOUT0
                         net (fo=2, routed)           0.348     1.319    hw_mig.u_mig/u_mig_7series_0_mig/u_ddr2_infrastructure/lopt
    PLLE2_ADV_X1Y1       PLLE2_ADV (Prop_plle2_adv_CLKIN1_CLKOUT1)
                                                      0.053     1.372 r  hw_mig.u_mig/u_mig_7series_0_mig/u_ddr2_infrastructure/plle2_i/CLKOUT1
                         net (fo=7, routed)           0.209     1.581    hw_mig.u_mig/u_mig_7series_0_mig/u_memc_ui_top_std/mem_intfc0/ddr_phy_top0/u_ddr_mc_phy_wrapper/u_ddr_mc_phy/ddr_phy_4lanes_0.u_ddr_phy_4lanes/ddr_byte_lane_B.ddr_byte_lane_B/mem_refclk
    PHASER_OUT_PHY_X1Y5  PHASER_OUT_PHY (Prop_phaser_out_phy_MEMREFCLK_OCLK)
                                                      2.184     3.765 r  hw_mig.u_mig/u_mig_7series_0_mig/u_memc_ui_top_std/mem_intfc0/ddr_phy_top0/u_ddr_mc_phy_wrapper/u_ddr_mc_phy/ddr_phy_4lanes_0.u_ddr_phy_4lanes/ddr_byte_lane_B.ddr_byte_lane_B/phaser_out/OCLK
    PHASER_OUT_PHY_X1Y5  PHASER_OUT_PHY (Prop_phaser_out_phy_OCLK_OCLKDIV)
                                                      0.088     3.853 r  hw_mig.u_mig/u_mig_7series_0_mig/u_memc_ui_top_std/mem_intfc0/ddr_phy_top0/u_ddr_mc_phy_wrapper/u_ddr_mc_phy/ddr_phy_4lanes_0.u_ddr_phy_4lanes/ddr_byte_lane_B.ddr_byte_lane_B/phaser_out/OCLKDIV
                         net (fo=13, routed)          0.000     3.853    hw_mig.u_mig/u_mig_7series_0_mig/u_memc_ui_top_std/mem_intfc0/ddr_phy_top0/u_ddr_mc_phy_wrapper/u_ddr_mc_phy/ddr_phy_4lanes_0.u_ddr_phy_4lanes/ddr_byte_lane_B.ddr_byte_lane_B/oserdes_clkdiv
    OUT_FIFO_X1Y5        OUT_FIFO                                     r  hw_mig.u_mig/u_mig_7series_0_mig/u_memc_ui_top_std/mem_intfc0/ddr_phy_top0/u_ddr_mc_phy_wrapper/u_ddr_mc_phy/ddr_phy_4lanes_0.u_ddr_phy_4lanes/ddr_byte_lane_B.ddr_byte_lane_B/out_fifo/RDCLK
                         clock pessimism             -0.333     3.520    
    OUT_FIFO_X1Y5        OUT_FIFO (Hold_out_fifo_RDCLK_RDEN)
                                                     -0.011     3.509    hw_mig.u_mig/u_mig_7series_0_mig/u_memc_ui_top_std/mem_intfc0/ddr_phy_top0/u_ddr_mc_phy_wrapper/u_ddr_mc_phy/ddr_phy_4lanes_0.u_ddr_phy_4lanes/ddr_byte_lane_B.ddr_byte_lane_B/out_fifo
  -------------------------------------------------------------------
                         required time                         -3.509    
                         arrival time                           3.604    
  -------------------------------------------------------------------
                         slack                                  0.095    





---------------------------------------------------------------------------------------------------
From Clock:  oserdes_clk_2
  To Clock:  oserdes_clkdiv_2

Setup :            0  Failing Endpoints,  Worst Slack        2.180ns,  Total Violation        0.000ns
Hold  :            0  Failing Endpoints,  Worst Slack        0.095ns,  Total Violation        0.000ns
---------------------------------------------------------------------------------------------------


Max Delay Paths
--------------------------------------------------------------------------------------
Slack (MET) :             2.180ns  (required time - arrival time)
  Source:                 hw_mig.u_mig/u_mig_7series_0_mig/u_memc_ui_top_std/mem_intfc0/ddr_phy_top0/u_ddr_mc_phy_wrapper/u_ddr_mc_phy/ddr_phy_4lanes_0.u_ddr_phy_4lanes/ddr_byte_lane_C.ddr_byte_lane_C/phaser_out/OCLK
                            (rising edge-triggered cell PHASER_OUT_PHY clocked by oserdes_clk_2  {rise@0.000ns fall@1.538ns period=3.077ns})
  Destination:            hw_mig.u_mig/u_mig_7series_0_mig/u_memc_ui_top_std/mem_intfc0/ddr_phy_top0/u_ddr_mc_phy_wrapper/u_ddr_mc_phy/ddr_phy_4lanes_0.u_ddr_phy_4lanes/ddr_byte_lane_C.ddr_byte_lane_C/out_fifo/RDEN
                            (rising edge-triggered cell OUT_FIFO clocked by oserdes_clkdiv_2  {rise@0.000ns fall@3.077ns period=6.154ns})
  Path Group:             oserdes_clkdiv_2
  Path Type:              Setup (Max at Slow Process Corner)
  Requirement:            3.077ns  (oserdes_clkdiv_2 rise@6.154ns - oserdes_clk_2 rise@3.077ns)
  Data Path Delay:        0.338ns  (logic 0.338ns (100.000%)  route 0.000ns (0.000%))
  Logic Levels:           0  
  Clock Path Skew:        0.148ns (DCD - SCD + CPR)
    Destination Clock Delay (DCD):    6.826ns = ( 12.980 - 6.154 ) 
    Source Clock Delay      (SCD):    6.975ns = ( 10.052 - 3.077 ) 
    Clock Pessimism Removal (CPR):    0.297ns
  Clock Uncertainty:      0.056ns  ((TSJ^2 + DJ^2)^1/2) / 2 + PE
    Total System Jitter     (TSJ):    0.071ns
    Discrete Jitter          (DJ):    0.087ns
    Phase Error              (PE):    0.000ns

    Location             Delay type                Incr(ns)  Path(ns)    Netlist Resource(s)
  -------------------------------------------------------------------    -------------------
                         (clock oserdes_clk_2 rise edge)
                                                      3.077     3.077 r  
    E3                                                0.000     3.077 r  sys_clk (IN)
                         net (fo=0)                   0.000     3.077    sys_clk
    E3                   IBUF (Prop_ibuf_I_O)         1.482     4.559 r  hw_mig.u_ibuf_sysclk/O
                         net (fo=2, routed)           1.233     5.792    hw_mig.sys_clk_ibuf
    MMCME2_ADV_X1Y2      MMCME2_ADV (Prop_mmcme2_adv_CLKIN1_CLKOUT0)
                                                      0.088     5.880 r  hw_mig.u_mmcm/CLKOUT0
                         net (fo=2, routed)           0.990     6.870    hw_mig.u_mig/u_mig_7series_0_mig/u_ddr2_infrastructure/lopt
    PLLE2_ADV_X1Y1       PLLE2_ADV (Prop_plle2_adv_CLKIN1_CLKOUT1)
                                                      0.088     6.958 r  hw_mig.u_mig/u_mig_7series_0_mig/u_ddr2_infrastructure/plle2_i/CLKOUT1
                         net (fo=7, routed)           0.614     7.572    hw_mig.u_mig/u_mig_7series_0_mig/u_memc_ui_top_std/mem_intfc0/ddr_phy_top0/u_ddr_mc_phy_wrapper/u_ddr_mc_phy/ddr_phy_4lanes_0.u_ddr_phy_4lanes/ddr_byte_lane_C.ddr_byte_lane_C/mem_refclk
    PHASER_OUT_PHY_X1Y6  PHASER_OUT_PHY (Prop_phaser_out_phy_MEMREFCLK_OCLK)
                                                      2.480    10.052 r  hw_mig.u_mig/u_mig_7series_0_mig/u_memc_ui_top_std/mem_intfc0/ddr_phy_top0/u_ddr_mc_phy_wrapper/u_ddr_mc_phy/ddr_phy_4lanes_0.u_ddr_phy_4lanes/ddr_byte_lane_C.ddr_byte_lane_C/phaser_out/OCLK
  -------------------------------------------------------------------    -------------------
    PHASER_OUT_PHY_X1Y6  PHASER_OUT_PHY (Prop_phaser_out_phy_OCLK_RDENABLE)
                                                      0.338    10.390 r  hw_mig.u_mig/u_mig_7series_0_mig/u_memc_ui_top_std/mem_intfc0/ddr_phy_top0/u_ddr_mc_phy_wrapper/u_ddr_mc_phy/ddr_phy_4lanes_0.u_ddr_phy_4lanes/ddr_byte_lane_C.ddr_byte_lane_C/phaser_out/RDENABLE
                         net (fo=1, routed)           0.000    10.390    hw_mig.u_mig/u_mig_7series_0_mig/u_memc_ui_top_std/mem_intfc0/ddr_phy_top0/u_ddr_mc_phy_wrapper/u_ddr_mc_phy/ddr_phy_4lanes_0.u_ddr_phy_4lanes/ddr_byte_lane_C.ddr_byte_lane_C/po_rd_enable
    OUT_FIFO_X1Y6        OUT_FIFO                                     r  hw_mig.u_mig/u_mig_7series_0_mig/u_memc_ui_top_std/mem_intfc0/ddr_phy_top0/u_ddr_mc_phy_wrapper/u_ddr_mc_phy/ddr_phy_4lanes_0.u_ddr_phy_4lanes/ddr_byte_lane_C.ddr_byte_lane_C/out_fifo/RDEN
  -------------------------------------------------------------------    -------------------

                         (clock oserdes_clkdiv_2 rise edge)
                                                      6.154     6.154 r  
    E3                                                0.000     6.154 r  sys_clk (IN)
                         net (fo=0)                   0.000     6.154    sys_clk
    E3                   IBUF (Prop_ibuf_I_O)         1.411     7.565 r  hw_mig.u_ibuf_sysclk/O
                         net (fo=2, routed)           1.162     8.727    hw_mig.sys_clk_ibuf
    MMCME2_ADV_X1Y2      MMCME2_ADV (Prop_mmcme2_adv_CLKIN1_CLKOUT0)
                                                      0.083     8.810 r  hw_mig.u_mmcm/CLKOUT0
                         net (fo=2, routed)           0.941     9.751    hw_mig.u_mig/u_mig_7series_0_mig/u_ddr2_infrastructure/lopt
    PLLE2_ADV_X1Y1       PLLE2_ADV (Prop_plle2_adv_CLKIN1_CLKOUT1)
                                                      0.083     9.834 r  hw_mig.u_mig/u_mig_7series_0_mig/u_ddr2_infrastructure/plle2_i/CLKOUT1
                         net (fo=7, routed)           0.582    10.416    hw_mig.u_mig/u_mig_7series_0_mig/u_memc_ui_top_std/mem_intfc0/ddr_phy_top0/u_ddr_mc_phy_wrapper/u_ddr_mc_phy/ddr_phy_4lanes_0.u_ddr_phy_4lanes/ddr_byte_lane_C.ddr_byte_lane_C/mem_refclk
    PHASER_OUT_PHY_X1Y6  PHASER_OUT_PHY (Prop_phaser_out_phy_MEMREFCLK_OCLK)
                                                      2.416    12.832 r  hw_mig.u_mig/u_mig_7series_0_mig/u_memc_ui_top_std/mem_intfc0/ddr_phy_top0/u_ddr_mc_phy_wrapper/u_ddr_mc_phy/ddr_phy_4lanes_0.u_ddr_phy_4lanes/ddr_byte_lane_C.ddr_byte_lane_C/phaser_out/OCLK
    PHASER_OUT_PHY_X1Y6  PHASER_OUT_PHY (Prop_phaser_out_phy_OCLK_OCLKDIV)
                                                      0.148    12.980 r  hw_mig.u_mig/u_mig_7series_0_mig/u_memc_ui_top_std/mem_intfc0/ddr_phy_top0/u_ddr_mc_phy_wrapper/u_ddr_mc_phy/ddr_phy_4lanes_0.u_ddr_phy_4lanes/ddr_byte_lane_C.ddr_byte_lane_C/phaser_out/OCLKDIV
                         net (fo=11, routed)          0.000    12.980    hw_mig.u_mig/u_mig_7series_0_mig/u_memc_ui_top_std/mem_intfc0/ddr_phy_top0/u_ddr_mc_phy_wrapper/u_ddr_mc_phy/ddr_phy_4lanes_0.u_ddr_phy_4lanes/ddr_byte_lane_C.ddr_byte_lane_C/oserdes_clkdiv
    OUT_FIFO_X1Y6        OUT_FIFO                                     r  hw_mig.u_mig/u_mig_7series_0_mig/u_memc_ui_top_std/mem_intfc0/ddr_phy_top0/u_ddr_mc_phy_wrapper/u_ddr_mc_phy/ddr_phy_4lanes_0.u_ddr_phy_4lanes/ddr_byte_lane_C.ddr_byte_lane_C/out_fifo/RDCLK
                         clock pessimism              0.297    13.277    
                         clock uncertainty           -0.056    13.221    
    OUT_FIFO_X1Y6        OUT_FIFO (Setup_out_fifo_RDCLK_RDEN)
                                                     -0.651    12.570    hw_mig.u_mig/u_mig_7series_0_mig/u_memc_ui_top_std/mem_intfc0/ddr_phy_top0/u_ddr_mc_phy_wrapper/u_ddr_mc_phy/ddr_phy_4lanes_0.u_ddr_phy_4lanes/ddr_byte_lane_C.ddr_byte_lane_C/out_fifo
  -------------------------------------------------------------------
                         required time                         12.570    
                         arrival time                         -10.390    
  -------------------------------------------------------------------
                         slack                                  2.180    





Min Delay Paths
--------------------------------------------------------------------------------------
Slack (MET) :             0.095ns  (arrival time - required time)
  Source:                 hw_mig.u_mig/u_mig_7series_0_mig/u_memc_ui_top_std/mem_intfc0/ddr_phy_top0/u_ddr_mc_phy_wrapper/u_ddr_mc_phy/ddr_phy_4lanes_0.u_ddr_phy_4lanes/ddr_byte_lane_C.ddr_byte_lane_C/phaser_out/OCLK
                            (rising edge-triggered cell PHASER_OUT_PHY clocked by oserdes_clk_2  {rise@0.000ns fall@1.538ns period=3.077ns})
  Destination:            hw_mig.u_mig/u_mig_7series_0_mig/u_memc_ui_top_std/mem_intfc0/ddr_phy_top0/u_ddr_mc_phy_wrapper/u_ddr_mc_phy/ddr_phy_4lanes_0.u_ddr_phy_4lanes/ddr_byte_lane_C.ddr_byte_lane_C/out_fifo/RDEN
                            (rising edge-triggered cell OUT_FIFO clocked by oserdes_clkdiv_2  {rise@0.000ns fall@3.077ns period=6.154ns})
  Path Group:             oserdes_clkdiv_2
  Path Type:              Hold (Min at Fast Process Corner)
  Requirement:            0.000ns  (oserdes_clkdiv_2 rise@0.000ns - oserdes_clk_2 rise@0.000ns)
  Data Path Delay:        0.172ns  (logic 0.172ns (100.000%)  route 0.000ns (0.000%))
  Logic Levels:           0  
  Clock Path Skew:        0.088ns (DCD - SCD - CPR)
    Destination Clock Delay (DCD):    3.862ns
    Source Clock Delay      (SCD):    3.439ns
    Clock Pessimism Removal (CPR):    0.335ns

    Location             Delay type                Incr(ns)  Path(ns)    Netlist Resource(s)
  -------------------------------------------------------------------    -------------------
                         (clock oserdes_clk_2 rise edge)
                                                      0.000     0.000 r  
    E3                                                0.000     0.000 r  sys_clk (IN)
                         net (fo=0)                   0.000     0.000    sys_clk
    E3                   IBUF (Prop_ibuf_I_O)         0.250     0.250 r  hw_mig.u_ibuf_sysclk/O
                         net (fo=2, routed)           0.440     0.690    hw_mig.sys_clk_ibuf
    MMCME2_ADV_X1Y2      MMCME2_ADV (Prop_mmcme2_adv_CLKIN1_CLKOUT0)
                                                      0.050     0.740 r  hw_mig.u_mmcm/CLKOUT0
                         net (fo=2, routed)           0.317     1.057    hw_mig.u_mig/u_mig_7series_0_mig/u_ddr2_infrastructure/lopt
    PLLE2_ADV_X1Y1       PLLE2_ADV (Prop_plle2_adv_CLKIN1_CLKOUT1)
                                                      0.050     1.107 r  hw_mig.u_mig/u_mig_7series_0_mig/u_ddr2_infrastructure/plle2_i/CLKOUT1
                         net (fo=7, routed)           0.197     1.304    hw_mig.u_mig/u_mig_7series_0_mig/u_memc_ui_top_std/mem_intfc0/ddr_phy_top0/u_ddr_mc_phy_wrapper/u_ddr_mc_phy/ddr_phy_4lanes_0.u_ddr_phy_4lanes/ddr_byte_lane_C.ddr_byte_lane_C/mem_refclk
    PHASER_OUT_PHY_X1Y6  PHASER_OUT_PHY (Prop_phaser_out_phy_MEMREFCLK_OCLK)
                                                      2.135     3.439 r  hw_mig.u_mig/u_mig_7series_0_mig/u_memc_ui_top_std/mem_intfc0/ddr_phy_top0/u_ddr_mc_phy_wrapper/u_ddr_mc_phy/ddr_phy_4lanes_0.u_ddr_phy_4lanes/ddr_byte_lane_C.ddr_byte_lane_C/phaser_out/OCLK
  -------------------------------------------------------------------    -------------------
    PHASER_OUT_PHY_X1Y6  PHASER_OUT_PHY (Prop_phaser_out_phy_OCLK_RDENABLE)
                                                      0.172     3.611 r  hw_mig.u_mig/u_mig_7series_0_mig/u_memc_ui_top_std/mem_intfc0/ddr_phy_top0/u_ddr_mc_phy_wrapper/u_ddr_mc_phy/ddr_phy_4lanes_0.u_ddr_phy_4lanes/ddr_byte_lane_C.ddr_byte_lane_C/phaser_out/RDENABLE
                         net (fo=1, routed)           0.000     3.611    hw_mig.u_mig/u_mig_7series_0_mig/u_memc_ui_top_std/mem_intfc0/ddr_phy_top0/u_ddr_mc_phy_wrapper/u_ddr_mc_phy/ddr_phy_4lanes_0.u_ddr_phy_4lanes/ddr_byte_lane_C.ddr_byte_lane_C/po_rd_enable
    OUT_FIFO_X1Y6        OUT_FIFO                                     r  hw_mig.u_mig/u_mig_7series_0_mig/u_memc_ui_top_std/mem_intfc0/ddr_phy_top0/u_ddr_mc_phy_wrapper/u_ddr_mc_phy/ddr_phy_4lanes_0.u_ddr_phy_4lanes/ddr_byte_lane_C.ddr_byte_lane_C/out_fifo/RDEN
  -------------------------------------------------------------------    -------------------

                         (clock oserdes_clkdiv_2 rise edge)
                                                      0.000     0.000 r  
    E3                                                0.000     0.000 r  sys_clk (IN)
                         net (fo=0)                   0.000     0.000    sys_clk
    E3                   IBUF (Prop_ibuf_I_O)         0.438     0.438 r  hw_mig.u_ibuf_sysclk/O
                         net (fo=2, routed)           0.480     0.918    hw_mig.sys_clk_ibuf
    MMCME2_ADV_X1Y2      MMCME2_ADV (Prop_mmcme2_adv_CLKIN1_CLKOUT0)
                                                      0.053     0.971 r  hw_mig.u_mmcm/CLKOUT0
                         net (fo=2, routed)           0.348     1.319    hw_mig.u_mig/u_mig_7series_0_mig/u_ddr2_infrastructure/lopt
    PLLE2_ADV_X1Y1       PLLE2_ADV (Prop_plle2_adv_CLKIN1_CLKOUT1)
                                                      0.053     1.372 r  hw_mig.u_mig/u_mig_7series_0_mig/u_ddr2_infrastructure/plle2_i/CLKOUT1
                         net (fo=7, routed)           0.218     1.590    hw_mig.u_mig/u_mig_7series_0_mig/u_memc_ui_top_std/mem_intfc0/ddr_phy_top0/u_ddr_mc_phy_wrapper/u_ddr_mc_phy/ddr_phy_4lanes_0.u_ddr_phy_4lanes/ddr_byte_lane_C.ddr_byte_lane_C/mem_refclk
    PHASER_OUT_PHY_X1Y6  PHASER_OUT_PHY (Prop_phaser_out_phy_MEMREFCLK_OCLK)
                                                      2.184     3.774 r  hw_mig.u_mig/u_mig_7series_0_mig/u_memc_ui_top_std/mem_intfc0/ddr_phy_top0/u_ddr_mc_phy_wrapper/u_ddr_mc_phy/ddr_phy_4lanes_0.u_ddr_phy_4lanes/ddr_byte_lane_C.ddr_byte_lane_C/phaser_out/OCLK
    PHASER_OUT_PHY_X1Y6  PHASER_OUT_PHY (Prop_phaser_out_phy_OCLK_OCLKDIV)
                                                      0.088     3.862 r  hw_mig.u_mig/u_mig_7series_0_mig/u_memc_ui_top_std/mem_intfc0/ddr_phy_top0/u_ddr_mc_phy_wrapper/u_ddr_mc_phy/ddr_phy_4lanes_0.u_ddr_phy_4lanes/ddr_byte_lane_C.ddr_byte_lane_C/phaser_out/OCLKDIV
                         net (fo=11, routed)          0.000     3.862    hw_mig.u_mig/u_mig_7series_0_mig/u_memc_ui_top_std/mem_intfc0/ddr_phy_top0/u_ddr_mc_phy_wrapper/u_ddr_mc_phy/ddr_phy_4lanes_0.u_ddr_phy_4lanes/ddr_byte_lane_C.ddr_byte_lane_C/oserdes_clkdiv
    OUT_FIFO_X1Y6        OUT_FIFO                                     r  hw_mig.u_mig/u_mig_7series_0_mig/u_memc_ui_top_std/mem_intfc0/ddr_phy_top0/u_ddr_mc_phy_wrapper/u_ddr_mc_phy/ddr_phy_4lanes_0.u_ddr_phy_4lanes/ddr_byte_lane_C.ddr_byte_lane_C/out_fifo/RDCLK
                         clock pessimism             -0.335     3.527    
    OUT_FIFO_X1Y6        OUT_FIFO (Hold_out_fifo_RDCLK_RDEN)
                                                     -0.011     3.516    hw_mig.u_mig/u_mig_7series_0_mig/u_memc_ui_top_std/mem_intfc0/ddr_phy_top0/u_ddr_mc_phy_wrapper/u_ddr_mc_phy/ddr_phy_4lanes_0.u_ddr_phy_4lanes/ddr_byte_lane_C.ddr_byte_lane_C/out_fifo
  -------------------------------------------------------------------
                         required time                         -3.516    
                         arrival time                           3.611    
  -------------------------------------------------------------------
                         slack                                  0.095    





---------------------------------------------------------------------------------------------------
From Clock:  oserdes_clk_3
  To Clock:  oserdes_clkdiv_3

Setup :            0  Failing Endpoints,  Worst Slack        2.180ns,  Total Violation        0.000ns
Hold  :            0  Failing Endpoints,  Worst Slack        0.095ns,  Total Violation        0.000ns
---------------------------------------------------------------------------------------------------


Max Delay Paths
--------------------------------------------------------------------------------------
Slack (MET) :             2.180ns  (required time - arrival time)
  Source:                 hw_mig.u_mig/u_mig_7series_0_mig/u_memc_ui_top_std/mem_intfc0/ddr_phy_top0/u_ddr_mc_phy_wrapper/u_ddr_mc_phy/ddr_phy_4lanes_0.u_ddr_phy_4lanes/ddr_byte_lane_D.ddr_byte_lane_D/phaser_out/OCLK
                            (rising edge-triggered cell PHASER_OUT_PHY clocked by oserdes_clk_3  {rise@0.000ns fall@1.538ns period=3.077ns})
  Destination:            hw_mig.u_mig/u_mig_7series_0_mig/u_memc_ui_top_std/mem_intfc0/ddr_phy_top0/u_ddr_mc_phy_wrapper/u_ddr_mc_phy/ddr_phy_4lanes_0.u_ddr_phy_4lanes/ddr_byte_lane_D.ddr_byte_lane_D/out_fifo/RDEN
                            (rising edge-triggered cell OUT_FIFO clocked by oserdes_clkdiv_3  {rise@0.000ns fall@6.154ns period=12.308ns})
  Path Group:             oserdes_clkdiv_3
  Path Type:              Setup (Max at Slow Process Corner)
  Requirement:            3.077ns  (oserdes_clkdiv_3 rise@12.308ns - oserdes_clk_3 rise@9.231ns)
  Data Path Delay:        0.338ns  (logic 0.338ns (100.000%)  route 0.000ns (0.000%))
  Logic Levels:           0  
  Clock Path Skew:        0.148ns (DCD - SCD + CPR)
    Destination Clock Delay (DCD):    6.816ns = ( 19.124 - 12.308 ) 
    Source Clock Delay      (SCD):    6.964ns = ( 16.195 - 9.231 ) 
    Clock Pessimism Removal (CPR):    0.296ns
  Clock Uncertainty:      0.056ns  ((TSJ^2 + DJ^2)^1/2) / 2 + PE
    Total System Jitter     (TSJ):    0.071ns
    Discrete Jitter          (DJ):    0.087ns
    Phase Error              (PE):    0.000ns

    Location             Delay type                Incr(ns)  Path(ns)    Netlist Resource(s)
  -------------------------------------------------------------------    -------------------
                         (clock oserdes_clk_3 rise edge)
                                                      9.231     9.231 r  
    E3                                                0.000     9.231 r  sys_clk (IN)
                         net (fo=0)                   0.000     9.231    sys_clk
    E3                   IBUF (Prop_ibuf_I_O)         1.482    10.713 r  hw_mig.u_ibuf_sysclk/O
                         net (fo=2, routed)           1.233    11.946    hw_mig.sys_clk_ibuf
    MMCME2_ADV_X1Y2      MMCME2_ADV (Prop_mmcme2_adv_CLKIN1_CLKOUT0)
                                                      0.088    12.034 r  hw_mig.u_mmcm/CLKOUT0
                         net (fo=2, routed)           0.990    13.024    hw_mig.u_mig/u_mig_7series_0_mig/u_ddr2_infrastructure/lopt
    PLLE2_ADV_X1Y1       PLLE2_ADV (Prop_plle2_adv_CLKIN1_CLKOUT1)
                                                      0.088    13.112 r  hw_mig.u_mig/u_mig_7series_0_mig/u_ddr2_infrastructure/plle2_i/CLKOUT1
                         net (fo=7, routed)           0.603    13.715    hw_mig.u_mig/u_mig_7series_0_mig/u_memc_ui_top_std/mem_intfc0/ddr_phy_top0/u_ddr_mc_phy_wrapper/u_ddr_mc_phy/ddr_phy_4lanes_0.u_ddr_phy_4lanes/ddr_byte_lane_D.ddr_byte_lane_D/mem_refclk
    PHASER_OUT_PHY_X1Y7  PHASER_OUT_PHY (Prop_phaser_out_phy_MEMREFCLK_OCLK)
                                                      2.480    16.195 r  hw_mig.u_mig/u_mig_7series_0_mig/u_memc_ui_top_std/mem_intfc0/ddr_phy_top0/u_ddr_mc_phy_wrapper/u_ddr_mc_phy/ddr_phy_4lanes_0.u_ddr_phy_4lanes/ddr_byte_lane_D.ddr_byte_lane_D/phaser_out/OCLK
  -------------------------------------------------------------------    -------------------
    PHASER_OUT_PHY_X1Y7  PHASER_OUT_PHY (Prop_phaser_out_phy_OCLK_RDENABLE)
                                                      0.338    16.533 r  hw_mig.u_mig/u_mig_7series_0_mig/u_memc_ui_top_std/mem_intfc0/ddr_phy_top0/u_ddr_mc_phy_wrapper/u_ddr_mc_phy/ddr_phy_4lanes_0.u_ddr_phy_4lanes/ddr_byte_lane_D.ddr_byte_lane_D/phaser_out/RDENABLE
                         net (fo=1, routed)           0.000    16.533    hw_mig.u_mig/u_mig_7series_0_mig/u_memc_ui_top_std/mem_intfc0/ddr_phy_top0/u_ddr_mc_phy_wrapper/u_ddr_mc_phy/ddr_phy_4lanes_0.u_ddr_phy_4lanes/ddr_byte_lane_D.ddr_byte_lane_D/po_rd_enable
    OUT_FIFO_X1Y7        OUT_FIFO                                     r  hw_mig.u_mig/u_mig_7series_0_mig/u_memc_ui_top_std/mem_intfc0/ddr_phy_top0/u_ddr_mc_phy_wrapper/u_ddr_mc_phy/ddr_phy_4lanes_0.u_ddr_phy_4lanes/ddr_byte_lane_D.ddr_byte_lane_D/out_fifo/RDEN
  -------------------------------------------------------------------    -------------------

                         (clock oserdes_clkdiv_3 rise edge)
                                                     12.308    12.308 r  
    E3                                                0.000    12.308 r  sys_clk (IN)
                         net (fo=0)                   0.000    12.308    sys_clk
    E3                   IBUF (Prop_ibuf_I_O)         1.411    13.719 r  hw_mig.u_ibuf_sysclk/O
                         net (fo=2, routed)           1.162    14.881    hw_mig.sys_clk_ibuf
    MMCME2_ADV_X1Y2      MMCME2_ADV (Prop_mmcme2_adv_CLKIN1_CLKOUT0)
                                                      0.083    14.964 r  hw_mig.u_mmcm/CLKOUT0
                         net (fo=2, routed)           0.941    15.905    hw_mig.u_mig/u_mig_7series_0_mig/u_ddr2_infrastructure/lopt
    PLLE2_ADV_X1Y1       PLLE2_ADV (Prop_plle2_adv_CLKIN1_CLKOUT1)
                                                      0.083    15.988 r  hw_mig.u_mig/u_mig_7series_0_mig/u_ddr2_infrastructure/plle2_i/CLKOUT1
                         net (fo=7, routed)           0.572    16.560    hw_mig.u_mig/u_mig_7series_0_mig/u_memc_ui_top_std/mem_intfc0/ddr_phy_top0/u_ddr_mc_phy_wrapper/u_ddr_mc_phy/ddr_phy_4lanes_0.u_ddr_phy_4lanes/ddr_byte_lane_D.ddr_byte_lane_D/mem_refclk
    PHASER_OUT_PHY_X1Y7  PHASER_OUT_PHY (Prop_phaser_out_phy_MEMREFCLK_OCLK)
                                                      2.416    18.976 r  hw_mig.u_mig/u_mig_7series_0_mig/u_memc_ui_top_std/mem_intfc0/ddr_phy_top0/u_ddr_mc_phy_wrapper/u_ddr_mc_phy/ddr_phy_4lanes_0.u_ddr_phy_4lanes/ddr_byte_lane_D.ddr_byte_lane_D/phaser_out/OCLK
    PHASER_OUT_PHY_X1Y7  PHASER_OUT_PHY (Prop_phaser_out_phy_OCLK_OCLKDIV)
                                                      0.148    19.124 r  hw_mig.u_mig/u_mig_7series_0_mig/u_memc_ui_top_std/mem_intfc0/ddr_phy_top0/u_ddr_mc_phy_wrapper/u_ddr_mc_phy/ddr_phy_4lanes_0.u_ddr_phy_4lanes/ddr_byte_lane_D.ddr_byte_lane_D/phaser_out/OCLKDIV
                         net (fo=11, routed)          0.000    19.124    hw_mig.u_mig/u_mig_7series_0_mig/u_memc_ui_top_std/mem_intfc0/ddr_phy_top0/u_ddr_mc_phy_wrapper/u_ddr_mc_phy/ddr_phy_4lanes_0.u_ddr_phy_4lanes/ddr_byte_lane_D.ddr_byte_lane_D/oserdes_clkdiv
    OUT_FIFO_X1Y7        OUT_FIFO                                     r  hw_mig.u_mig/u_mig_7series_0_mig/u_memc_ui_top_std/mem_intfc0/ddr_phy_top0/u_ddr_mc_phy_wrapper/u_ddr_mc_phy/ddr_phy_4lanes_0.u_ddr_phy_4lanes/ddr_byte_lane_D.ddr_byte_lane_D/out_fifo/RDCLK
                         clock pessimism              0.296    19.420    
                         clock uncertainty           -0.056    19.364    
    OUT_FIFO_X1Y7        OUT_FIFO (Setup_out_fifo_RDCLK_RDEN)
                                                     -0.651    18.713    hw_mig.u_mig/u_mig_7series_0_mig/u_memc_ui_top_std/mem_intfc0/ddr_phy_top0/u_ddr_mc_phy_wrapper/u_ddr_mc_phy/ddr_phy_4lanes_0.u_ddr_phy_4lanes/ddr_byte_lane_D.ddr_byte_lane_D/out_fifo
  -------------------------------------------------------------------
                         required time                         18.713    
                         arrival time                         -16.533    
  -------------------------------------------------------------------
                         slack                                  2.180    





Min Delay Paths
--------------------------------------------------------------------------------------
Slack (MET) :             0.095ns  (arrival time - required time)
  Source:                 hw_mig.u_mig/u_mig_7series_0_mig/u_memc_ui_top_std/mem_intfc0/ddr_phy_top0/u_ddr_mc_phy_wrapper/u_ddr_mc_phy/ddr_phy_4lanes_0.u_ddr_phy_4lanes/ddr_byte_lane_D.ddr_byte_lane_D/phaser_out/OCLK
                            (rising edge-triggered cell PHASER_OUT_PHY clocked by oserdes_clk_3  {rise@0.000ns fall@1.538ns period=3.077ns})
  Destination:            hw_mig.u_mig/u_mig_7series_0_mig/u_memc_ui_top_std/mem_intfc0/ddr_phy_top0/u_ddr_mc_phy_wrapper/u_ddr_mc_phy/ddr_phy_4lanes_0.u_ddr_phy_4lanes/ddr_byte_lane_D.ddr_byte_lane_D/out_fifo/RDEN
                            (rising edge-triggered cell OUT_FIFO clocked by oserdes_clkdiv_3  {rise@0.000ns fall@6.154ns period=12.308ns})
  Path Group:             oserdes_clkdiv_3
  Path Type:              Hold (Min at Fast Process Corner)
  Requirement:            0.000ns  (oserdes_clkdiv_3 rise@0.000ns - oserdes_clk_3 rise@0.000ns)
  Data Path Delay:        0.172ns  (logic 0.172ns (100.000%)  route 0.000ns (0.000%))
  Logic Levels:           0  
  Clock Path Skew:        0.088ns (DCD - SCD - CPR)
    Destination Clock Delay (DCD):    3.853ns
    Source Clock Delay      (SCD):    3.432ns
    Clock Pessimism Removal (CPR):    0.333ns

    Location             Delay type                Incr(ns)  Path(ns)    Netlist Resource(s)
  -------------------------------------------------------------------    -------------------
                         (clock oserdes_clk_3 rise edge)
                                                      0.000     0.000 r  
    E3                                                0.000     0.000 r  sys_clk (IN)
                         net (fo=0)                   0.000     0.000    sys_clk
    E3                   IBUF (Prop_ibuf_I_O)         0.250     0.250 r  hw_mig.u_ibuf_sysclk/O
                         net (fo=2, routed)           0.440     0.690    hw_mig.sys_clk_ibuf
    MMCME2_ADV_X1Y2      MMCME2_ADV (Prop_mmcme2_adv_CLKIN1_CLKOUT0)
                                                      0.050     0.740 r  hw_mig.u_mmcm/CLKOUT0
                         net (fo=2, routed)           0.317     1.057    hw_mig.u_mig/u_mig_7series_0_mig/u_ddr2_infrastructure/lopt
    PLLE2_ADV_X1Y1       PLLE2_ADV (Prop_plle2_adv_CLKIN1_CLKOUT1)
                                                      0.050     1.107 r  hw_mig.u_mig/u_mig_7series_0_mig/u_ddr2_infrastructure/plle2_i/CLKOUT1
                         net (fo=7, routed)           0.190     1.297    hw_mig.u_mig/u_mig_7series_0_mig/u_memc_ui_top_std/mem_intfc0/ddr_phy_top0/u_ddr_mc_phy_wrapper/u_ddr_mc_phy/ddr_phy_4lanes_0.u_ddr_phy_4lanes/ddr_byte_lane_D.ddr_byte_lane_D/mem_refclk
    PHASER_OUT_PHY_X1Y7  PHASER_OUT_PHY (Prop_phaser_out_phy_MEMREFCLK_OCLK)
                                                      2.135     3.432 r  hw_mig.u_mig/u_mig_7series_0_mig/u_memc_ui_top_std/mem_intfc0/ddr_phy_top0/u_ddr_mc_phy_wrapper/u_ddr_mc_phy/ddr_phy_4lanes_0.u_ddr_phy_4lanes/ddr_byte_lane_D.ddr_byte_lane_D/phaser_out/OCLK
  -------------------------------------------------------------------    -------------------
    PHASER_OUT_PHY_X1Y7  PHASER_OUT_PHY (Prop_phaser_out_phy_OCLK_RDENABLE)
                                                      0.172     3.604 r  hw_mig.u_mig/u_mig_7series_0_mig/u_memc_ui_top_std/mem_intfc0/ddr_phy_top0/u_ddr_mc_phy_wrapper/u_ddr_mc_phy/ddr_phy_4lanes_0.u_ddr_phy_4lanes/ddr_byte_lane_D.ddr_byte_lane_D/phaser_out/RDENABLE
                         net (fo=1, routed)           0.000     3.604    hw_mig.u_mig/u_mig_7series_0_mig/u_memc_ui_top_std/mem_intfc0/ddr_phy_top0/u_ddr_mc_phy_wrapper/u_ddr_mc_phy/ddr_phy_4lanes_0.u_ddr_phy_4lanes/ddr_byte_lane_D.ddr_byte_lane_D/po_rd_enable
    OUT_FIFO_X1Y7        OUT_FIFO                                     r  hw_mig.u_mig/u_mig_7series_0_mig/u_memc_ui_top_std/mem_intfc0/ddr_phy_top0/u_ddr_mc_phy_wrapper/u_ddr_mc_phy/ddr_phy_4lanes_0.u_ddr_phy_4lanes/ddr_byte_lane_D.ddr_byte_lane_D/out_fifo/RDEN
  -------------------------------------------------------------------    -------------------

                         (clock oserdes_clkdiv_3 rise edge)
                                                      0.000     0.000 r  
    E3                                                0.000     0.000 r  sys_clk (IN)
                         net (fo=0)                   0.000     0.000    sys_clk
    E3                   IBUF (Prop_ibuf_I_O)         0.438     0.438 r  hw_mig.u_ibuf_sysclk/O
                         net (fo=2, routed)           0.480     0.918    hw_mig.sys_clk_ibuf
    MMCME2_ADV_X1Y2      MMCME2_ADV (Prop_mmcme2_adv_CLKIN1_CLKOUT0)
                                                      0.053     0.971 r  hw_mig.u_mmcm/CLKOUT0
                         net (fo=2, routed)           0.348     1.319    hw_mig.u_mig/u_mig_7series_0_mig/u_ddr2_infrastructure/lopt
    PLLE2_ADV_X1Y1       PLLE2_ADV (Prop_plle2_adv_CLKIN1_CLKOUT1)
                                                      0.053     1.372 r  hw_mig.u_mig/u_mig_7series_0_mig/u_ddr2_infrastructure/plle2_i/CLKOUT1
                         net (fo=7, routed)           0.209     1.581    hw_mig.u_mig/u_mig_7series_0_mig/u_memc_ui_top_std/mem_intfc0/ddr_phy_top0/u_ddr_mc_phy_wrapper/u_ddr_mc_phy/ddr_phy_4lanes_0.u_ddr_phy_4lanes/ddr_byte_lane_D.ddr_byte_lane_D/mem_refclk
    PHASER_OUT_PHY_X1Y7  PHASER_OUT_PHY (Prop_phaser_out_phy_MEMREFCLK_OCLK)
                                                      2.184     3.765 r  hw_mig.u_mig/u_mig_7series_0_mig/u_memc_ui_top_std/mem_intfc0/ddr_phy_top0/u_ddr_mc_phy_wrapper/u_ddr_mc_phy/ddr_phy_4lanes_0.u_ddr_phy_4lanes/ddr_byte_lane_D.ddr_byte_lane_D/phaser_out/OCLK
    PHASER_OUT_PHY_X1Y7  PHASER_OUT_PHY (Prop_phaser_out_phy_OCLK_OCLKDIV)
                                                      0.088     3.853 r  hw_mig.u_mig/u_mig_7series_0_mig/u_memc_ui_top_std/mem_intfc0/ddr_phy_top0/u_ddr_mc_phy_wrapper/u_ddr_mc_phy/ddr_phy_4lanes_0.u_ddr_phy_4lanes/ddr_byte_lane_D.ddr_byte_lane_D/phaser_out/OCLKDIV
                         net (fo=11, routed)          0.000     3.853    hw_mig.u_mig/u_mig_7series_0_mig/u_memc_ui_top_std/mem_intfc0/ddr_phy_top0/u_ddr_mc_phy_wrapper/u_ddr_mc_phy/ddr_phy_4lanes_0.u_ddr_phy_4lanes/ddr_byte_lane_D.ddr_byte_lane_D/oserdes_clkdiv
    OUT_FIFO_X1Y7        OUT_FIFO                                     r  hw_mig.u_mig/u_mig_7series_0_mig/u_memc_ui_top_std/mem_intfc0/ddr_phy_top0/u_ddr_mc_phy_wrapper/u_ddr_mc_phy/ddr_phy_4lanes_0.u_ddr_phy_4lanes/ddr_byte_lane_D.ddr_byte_lane_D/out_fifo/RDCLK
                         clock pessimism             -0.333     3.520    
    OUT_FIFO_X1Y7        OUT_FIFO (Hold_out_fifo_RDCLK_RDEN)
                                                     -0.011     3.509    hw_mig.u_mig/u_mig_7series_0_mig/u_memc_ui_top_std/mem_intfc0/ddr_phy_top0/u_ddr_mc_phy_wrapper/u_ddr_mc_phy/ddr_phy_4lanes_0.u_ddr_phy_4lanes/ddr_byte_lane_D.ddr_byte_lane_D/out_fifo
  -------------------------------------------------------------------
                         required time                         -3.509    
                         arrival time                           3.604    
  -------------------------------------------------------------------
                         slack                                  0.095    





---------------------------------------------------------------------------------------------------
From Clock:  hw_mig.clk_200mhz
  To Clock:  clk_pll_i

Setup :            0  Failing Endpoints,  Worst Slack       16.766ns,  Total Violation        0.000ns
Hold  :            0  Failing Endpoints,  Worst Slack        0.259ns,  Total Violation        0.000ns
---------------------------------------------------------------------------------------------------


Max Delay Paths
--------------------------------------------------------------------------------------
Slack (MET) :             16.766ns  (required time - arrival time)
  Source:                 hw_mig.u_mig/u_mig_7series_0_mig/temp_mon_enabled.u_tempmon/xadc_supplied_temperature.temperature_reg[9]/C
                            (rising edge-triggered cell FDRE clocked by hw_mig.clk_200mhz  {rise@0.000ns fall@2.500ns period=5.000ns})
  Destination:            hw_mig.u_mig/u_mig_7series_0_mig/temp_mon_enabled.u_tempmon/device_temp_sync_r1_reg[9]/D
                            (rising edge-triggered cell FDRE clocked by clk_pll_i  {rise@0.000ns fall@6.154ns period=12.308ns})
  Path Group:             clk_pll_i
  Path Type:              Setup (Max at Slow Process Corner)
  Requirement:            20.000ns  (MaxDelay Path 20.000ns)
  Data Path Delay:        2.664ns  (logic 0.456ns (17.117%)  route 2.208ns (82.883%))
  Logic Levels:           0  
  Clock Path Skew:        -0.333ns (DCD - SCD + CPR)
    Destination Clock Delay (DCD):    5.746ns
    Source Clock Delay      (SCD):    6.226ns
    Clock Pessimism Removal (CPR):    0.147ns
  Clock Uncertainty:      0.190ns  ((TSJ^2 + DJ^2)^1/2) / 2 + PE
    Total System Jitter     (TSJ):    0.071ns
    Discrete Jitter          (DJ):    0.081ns
    Phase Error              (PE):    0.136ns
  Timing Exception:       MaxDelay Path 20.000ns

    Location             Delay type                Incr(ns)  Path(ns)    Netlist Resource(s)
  -------------------------------------------------------------------    -------------------
                         (clock hw_mig.clk_200mhz rise edge)
                                                      0.000     0.000 r  
    E3                                                0.000     0.000 r  sys_clk (IN)
                         net (fo=0)                   0.000     0.000    sys_clk
    E3                   IBUF (Prop_ibuf_I_O)         1.482     1.482 r  hw_mig.u_ibuf_sysclk/O
                         net (fo=2, routed)           1.233     2.715    hw_mig.sys_clk_ibuf
    MMCME2_ADV_X1Y2      MMCME2_ADV (Prop_mmcme2_adv_CLKIN1_CLKOUT0)
                                                      0.088     2.803 r  hw_mig.u_mmcm/CLKOUT0
                         net (fo=2, routed)           1.719     4.522    hw_mig.clk_200mhz
    BUFGCTRL_X0Y16       BUFG (Prop_bufg_I_O)         0.096     4.618 r  hw_mig.clk_200mhz_BUFG_inst/O
                         net (fo=63, routed)          1.608     6.226    hw_mig.u_mig/u_mig_7series_0_mig/temp_mon_enabled.u_tempmon/mmcm_clk
    SLICE_X32Y122        FDRE                                         r  hw_mig.u_mig/u_mig_7series_0_mig/temp_mon_enabled.u_tempmon/xadc_supplied_temperature.temperature_reg[9]/C
  -------------------------------------------------------------------    -------------------
    SLICE_X32Y122        FDRE (Prop_fdre_C_Q)         0.456     6.682 r  hw_mig.u_mig/u_mig_7series_0_mig/temp_mon_enabled.u_tempmon/xadc_supplied_temperature.temperature_reg[9]/Q
                         net (fo=1, routed)           2.208     8.890    hw_mig.u_mig/u_mig_7series_0_mig/temp_mon_enabled.u_tempmon/device_temp_lcl[9]
    SLICE_X36Y114        FDRE                                         r  hw_mig.u_mig/u_mig_7series_0_mig/temp_mon_enabled.u_tempmon/device_temp_sync_r1_reg[9]/D
  -------------------------------------------------------------------    -------------------

                         max delay                   20.000    20.000    
    E3                                                0.000    20.000 r  sys_clk (IN)
                         net (fo=0)                   0.000    20.000    sys_clk
    E3                   IBUF (Prop_ibuf_I_O)         1.411    21.411 r  hw_mig.u_ibuf_sysclk/O
                         net (fo=2, routed)           1.162    22.573    hw_mig.sys_clk_ibuf
    MMCME2_ADV_X1Y2      MMCME2_ADV (Prop_mmcme2_adv_CLKIN1_CLKOUT0)
                                                      0.083    22.656 r  hw_mig.u_mmcm/CLKOUT0
                         net (fo=2, routed)           0.941    23.597    hw_mig.u_mig/u_mig_7series_0_mig/u_ddr2_infrastructure/lopt
    PLLE2_ADV_X1Y1       PLLE2_ADV (Prop_plle2_adv_CLKIN1_CLKOUT3)
                                                      0.083    23.680 r  hw_mig.u_mig/u_mig_7series_0_mig/u_ddr2_infrastructure/plle2_i/CLKOUT3
                         net (fo=1, routed)           1.205    24.885    hw_mig.u_mig/u_mig_7series_0_mig/u_ddr2_infrastructure/pll_clk3_out
    BUFHCE_X1Y12         BUFH (Prop_bufh_I_O)         0.081    24.966 r  hw_mig.u_mig/u_mig_7series_0_mig/u_ddr2_infrastructure/u_bufh_pll_clk3/O
                         net (fo=1, routed)           0.799    25.765    hw_mig.u_mig/u_mig_7series_0_mig/u_ddr2_infrastructure/pll_clk3
    MMCME2_ADV_X1Y1      MMCME2_ADV (Prop_mmcme2_adv_CLKIN1_CLKFBOUT)
                                                     -3.249    22.516 r  hw_mig.u_mig/u_mig_7series_0_mig/u_ddr2_infrastructure/gen_mmcm.mmcm_i/CLKFBOUT
                         net (fo=1, routed)           1.639    24.155    hw_mig.u_mig/u_mig_7series_0_mig/u_ddr2_infrastructure/clk_pll_i
    BUFGCTRL_X0Y0        BUFG (Prop_bufg_I_O)         0.091    24.246 r  hw_mig.u_mig/u_mig_7series_0_mig/u_ddr2_infrastructure/u_bufg_clkdiv0/O
                         net (fo=11649, routed)       1.501    25.746    hw_mig.u_mig/u_mig_7series_0_mig/temp_mon_enabled.u_tempmon/device_temp_r_reg[11]_0
    SLICE_X36Y114        FDRE                                         r  hw_mig.u_mig/u_mig_7series_0_mig/temp_mon_enabled.u_tempmon/device_temp_sync_r1_reg[9]/C
                         clock pessimism              0.147    25.893    
                         clock uncertainty           -0.190    25.703    
    SLICE_X36Y114        FDRE (Setup_fdre_C_D)       -0.047    25.656    hw_mig.u_mig/u_mig_7series_0_mig/temp_mon_enabled.u_tempmon/device_temp_sync_r1_reg[9]
  -------------------------------------------------------------------
                         required time                         25.656    
                         arrival time                          -8.890    
  -------------------------------------------------------------------
                         slack                                 16.766    





Min Delay Paths
--------------------------------------------------------------------------------------
Slack (MET) :             0.259ns  (arrival time - required time)
  Source:                 hw_mig.u_mig/u_mig_7series_0_mig/temp_mon_enabled.u_tempmon/xadc_supplied_temperature.temperature_reg[7]/C
                            (rising edge-triggered cell FDRE clocked by hw_mig.clk_200mhz  {rise@0.000ns fall@2.500ns period=5.000ns})
  Destination:            hw_mig.u_mig/u_mig_7series_0_mig/temp_mon_enabled.u_tempmon/device_temp_sync_r1_reg[7]/D
                            (rising edge-triggered cell FDRE clocked by clk_pll_i  {rise@0.000ns fall@6.154ns period=12.308ns})
  Path Group:             clk_pll_i
  Path Type:              Hold (Min at Fast Process Corner)
  Requirement:            0.000ns  (clk_pll_i rise@0.000ns - hw_mig.clk_200mhz rise@0.000ns)
  Data Path Delay:        0.823ns  (logic 0.141ns (17.125%)  route 0.682ns (82.875%))
  Logic Levels:           0  
  Clock Path Skew:        0.299ns (DCD - SCD - CPR)
    Destination Clock Delay (DCD):    2.350ns
    Source Clock Delay      (SCD):    1.819ns
    Clock Pessimism Removal (CPR):    0.231ns
  Clock Uncertainty:      0.190ns  ((TSJ^2 + DJ^2)^1/2) / 2 + PE
    Total System Jitter     (TSJ):    0.071ns
    Discrete Jitter          (DJ):    0.081ns
    Phase Error              (PE):    0.136ns

    Location             Delay type                Incr(ns)  Path(ns)    Netlist Resource(s)
  -------------------------------------------------------------------    -------------------
                         (clock hw_mig.clk_200mhz rise edge)
                                                      0.000     0.000 r  
    E3                                                0.000     0.000 r  sys_clk (IN)
                         net (fo=0)                   0.000     0.000    sys_clk
    E3                   IBUF (Prop_ibuf_I_O)         0.250     0.250 r  hw_mig.u_ibuf_sysclk/O
                         net (fo=2, routed)           0.440     0.690    hw_mig.sys_clk_ibuf
    MMCME2_ADV_X1Y2      MMCME2_ADV (Prop_mmcme2_adv_CLKIN1_CLKOUT0)
                                                      0.050     0.740 r  hw_mig.u_mmcm/CLKOUT0
                         net (fo=2, routed)           0.499     1.239    hw_mig.clk_200mhz
    BUFGCTRL_X0Y16       BUFG (Prop_bufg_I_O)         0.026     1.265 r  hw_mig.clk_200mhz_BUFG_inst/O
                         net (fo=63, routed)          0.555     1.819    hw_mig.u_mig/u_mig_7series_0_mig/temp_mon_enabled.u_tempmon/mmcm_clk
    SLICE_X32Y122        FDRE                                         r  hw_mig.u_mig/u_mig_7series_0_mig/temp_mon_enabled.u_tempmon/xadc_supplied_temperature.temperature_reg[7]/C
  -------------------------------------------------------------------    -------------------
    SLICE_X32Y122        FDRE (Prop_fdre_C_Q)         0.141     1.960 r  hw_mig.u_mig/u_mig_7series_0_mig/temp_mon_enabled.u_tempmon/xadc_supplied_temperature.temperature_reg[7]/Q
                         net (fo=1, routed)           0.682     2.643    hw_mig.u_mig/u_mig_7series_0_mig/temp_mon_enabled.u_tempmon/device_temp_lcl[7]
    SLICE_X33Y115        FDRE                                         r  hw_mig.u_mig/u_mig_7series_0_mig/temp_mon_enabled.u_tempmon/device_temp_sync_r1_reg[7]/D
  -------------------------------------------------------------------    -------------------

                         (clock clk_pll_i rise edge)
                                                      0.000     0.000 r  
    E3                                                0.000     0.000 r  sys_clk (IN)
                         net (fo=0)                   0.000     0.000    sys_clk
    E3                   IBUF (Prop_ibuf_I_O)         0.438     0.438 r  hw_mig.u_ibuf_sysclk/O
                         net (fo=2, routed)           0.480     0.918    hw_mig.sys_clk_ibuf
    MMCME2_ADV_X1Y2      MMCME2_ADV (Prop_mmcme2_adv_CLKIN1_CLKOUT0)
                                                      0.053     0.971 r  hw_mig.u_mmcm/CLKOUT0
                         net (fo=2, routed)           0.348     1.319    hw_mig.u_mig/u_mig_7series_0_mig/u_ddr2_infrastructure/lopt
    PLLE2_ADV_X1Y1       PLLE2_ADV (Prop_plle2_adv_CLKIN1_CLKOUT3)
                                                      0.053     1.372 r  hw_mig.u_mig/u_mig_7series_0_mig/u_ddr2_infrastructure/plle2_i/CLKOUT3
                         net (fo=1, routed)           0.437     1.809    hw_mig.u_mig/u_mig_7series_0_mig/u_ddr2_infrastructure/pll_clk3_out
    BUFHCE_X1Y12         BUFH (Prop_bufh_I_O)         0.043     1.852 r  hw_mig.u_mig/u_mig_7series_0_mig/u_ddr2_infrastructure/u_bufh_pll_clk3/O
                         net (fo=1, routed)           0.494     2.346    hw_mig.u_mig/u_mig_7series_0_mig/u_ddr2_infrastructure/pll_clk3
    MMCME2_ADV_X1Y1      MMCME2_ADV (Prop_mmcme2_adv_CLKIN1_CLKFBOUT)
                                                     -1.400     0.945 r  hw_mig.u_mig/u_mig_7series_0_mig/u_ddr2_infrastructure/gen_mmcm.mmcm_i/CLKFBOUT
                         net (fo=1, routed)           0.544     1.489    hw_mig.u_mig/u_mig_7series_0_mig/u_ddr2_infrastructure/clk_pll_i
    BUFGCTRL_X0Y0        BUFG (Prop_bufg_I_O)         0.029     1.518 r  hw_mig.u_mig/u_mig_7series_0_mig/u_ddr2_infrastructure/u_bufg_clkdiv0/O
                         net (fo=11649, routed)       0.831     2.350    hw_mig.u_mig/u_mig_7series_0_mig/temp_mon_enabled.u_tempmon/device_temp_r_reg[11]_0
    SLICE_X33Y115        FDRE                                         r  hw_mig.u_mig/u_mig_7series_0_mig/temp_mon_enabled.u_tempmon/device_temp_sync_r1_reg[7]/C
                         clock pessimism             -0.231     2.119    
                         clock uncertainty            0.190     2.309    
    SLICE_X33Y115        FDRE (Hold_fdre_C_D)         0.075     2.384    hw_mig.u_mig/u_mig_7series_0_mig/temp_mon_enabled.u_tempmon/device_temp_sync_r1_reg[7]
  -------------------------------------------------------------------
                         required time                         -2.384    
                         arrival time                           2.643    
  -------------------------------------------------------------------
                         slack                                  0.259    





---------------------------------------------------------------------------------------------------
Path Group:  **async_default**
From Clock:  clk_pll_i
  To Clock:  clk_pll_i

Setup :            0  Failing Endpoints,  Worst Slack        3.169ns,  Total Violation        0.000ns
Hold  :            0  Failing Endpoints,  Worst Slack        0.141ns,  Total Violation        0.000ns
---------------------------------------------------------------------------------------------------


Max Delay Paths
--------------------------------------------------------------------------------------
Slack (MET) :             3.169ns  (required time - arrival time)
  Source:                 hw_mig.u_mig/u_mig_7series_0_mig/u_ddr2_infrastructure/rstdiv0_sync_r1_reg_rep__23/C
                            (rising edge-triggered cell FDPE clocked by clk_pll_i  {rise@0.000ns fall@6.154ns period=12.308ns})
  Destination:            u_mac_ctrl/w16_reg[4][91]/CLR
                            (recovery check against rising-edge clock clk_pll_i  {rise@0.000ns fall@6.154ns period=12.308ns})
  Path Group:             **async_default**
  Path Type:              Recovery (Max at Slow Process Corner)
  Requirement:            12.308ns  (clk_pll_i rise@12.308ns - clk_pll_i rise@0.000ns)
  Data Path Delay:        8.631ns  (logic 0.518ns (6.001%)  route 8.113ns (93.999%))
  Logic Levels:           0  
  Clock Path Skew:        -0.135ns (DCD - SCD + CPR)
    Destination Clock Delay (DCD):    5.931ns = ( 18.238 - 12.308 ) 
    Source Clock Delay      (SCD):    6.325ns
    Clock Pessimism Removal (CPR):    0.259ns
  Clock Uncertainty:      0.053ns  ((TSJ^2 + DJ^2)^1/2) / 2 + PE
    Total System Jitter     (TSJ):    0.071ns
    Discrete Jitter          (DJ):    0.079ns
    Phase Error              (PE):    0.000ns

    Location             Delay type                Incr(ns)  Path(ns)    Netlist Resource(s)
  -------------------------------------------------------------------    -------------------
                         (clock clk_pll_i rise edge)
                                                      0.000     0.000 r  
    E3                                                0.000     0.000 r  sys_clk (IN)
                         net (fo=0)                   0.000     0.000    sys_clk
    E3                   IBUF (Prop_ibuf_I_O)         1.482     1.482 r  hw_mig.u_ibuf_sysclk/O
                         net (fo=2, routed)           1.233     2.715    hw_mig.sys_clk_ibuf
    MMCME2_ADV_X1Y2      MMCME2_ADV (Prop_mmcme2_adv_CLKIN1_CLKOUT0)
                                                      0.088     2.803 r  hw_mig.u_mmcm/CLKOUT0
                         net (fo=2, routed)           0.990     3.793    hw_mig.u_mig/u_mig_7series_0_mig/u_ddr2_infrastructure/lopt
    PLLE2_ADV_X1Y1       PLLE2_ADV (Prop_plle2_adv_CLKIN1_CLKOUT3)
                                                      0.088     3.881 r  hw_mig.u_mig/u_mig_7series_0_mig/u_ddr2_infrastructure/plle2_i/CLKOUT3
                         net (fo=1, routed)           1.281     5.162    hw_mig.u_mig/u_mig_7series_0_mig/u_ddr2_infrastructure/pll_clk3_out
    BUFHCE_X1Y12         BUFH (Prop_bufh_I_O)         0.127     5.289 r  hw_mig.u_mig/u_mig_7series_0_mig/u_ddr2_infrastructure/u_bufh_pll_clk3/O
                         net (fo=1, routed)           0.841     6.130    hw_mig.u_mig/u_mig_7series_0_mig/u_ddr2_infrastructure/pll_clk3
    MMCME2_ADV_X1Y1      MMCME2_ADV (Prop_mmcme2_adv_CLKIN1_CLKFBOUT)
                                                     -3.457     2.673 r  hw_mig.u_mig/u_mig_7series_0_mig/u_ddr2_infrastructure/gen_mmcm.mmcm_i/CLKFBOUT
                         net (fo=1, routed)           1.719     4.393    hw_mig.u_mig/u_mig_7series_0_mig/u_ddr2_infrastructure/clk_pll_i
    BUFGCTRL_X0Y0        BUFG (Prop_bufg_I_O)         0.096     4.489 r  hw_mig.u_mig/u_mig_7series_0_mig/u_ddr2_infrastructure/u_bufg_clkdiv0/O
                         net (fo=11649, routed)       1.836     6.325    hw_mig.u_mig/u_mig_7series_0_mig/u_ddr2_infrastructure/u_bufg_clkdiv0_0
    SLICE_X76Y22         FDPE                                         r  hw_mig.u_mig/u_mig_7series_0_mig/u_ddr2_infrastructure/rstdiv0_sync_r1_reg_rep__23/C
  -------------------------------------------------------------------    -------------------
    SLICE_X76Y22         FDPE (Prop_fdpe_C_Q)         0.518     6.843 f  hw_mig.u_mig/u_mig_7series_0_mig/u_ddr2_infrastructure/rstdiv0_sync_r1_reg_rep__23/Q
                         net (fo=50, routed)          8.113    14.956    u_mac_ctrl/w16_reg[6][96]_0
    SLICE_X10Y35         FDCE                                         f  u_mac_ctrl/w16_reg[4][91]/CLR
  -------------------------------------------------------------------    -------------------

                         (clock clk_pll_i rise edge)
                                                     12.308    12.308 r  
    E3                                                0.000    12.308 r  sys_clk (IN)
                         net (fo=0)                   0.000    12.308    sys_clk
    E3                   IBUF (Prop_ibuf_I_O)         1.411    13.719 r  hw_mig.u_ibuf_sysclk/O
                         net (fo=2, routed)           1.162    14.881    hw_mig.sys_clk_ibuf
    MMCME2_ADV_X1Y2      MMCME2_ADV (Prop_mmcme2_adv_CLKIN1_CLKOUT0)
                                                      0.083    14.964 r  hw_mig.u_mmcm/CLKOUT0
                         net (fo=2, routed)           0.941    15.905    hw_mig.u_mig/u_mig_7series_0_mig/u_ddr2_infrastructure/lopt
    PLLE2_ADV_X1Y1       PLLE2_ADV (Prop_plle2_adv_CLKIN1_CLKOUT3)
                                                      0.083    15.988 r  hw_mig.u_mig/u_mig_7series_0_mig/u_ddr2_infrastructure/plle2_i/CLKOUT3
                         net (fo=1, routed)           1.205    17.193    hw_mig.u_mig/u_mig_7series_0_mig/u_ddr2_infrastructure/pll_clk3_out
    BUFHCE_X1Y12         BUFH (Prop_bufh_I_O)         0.081    17.274 r  hw_mig.u_mig/u_mig_7series_0_mig/u_ddr2_infrastructure/u_bufh_pll_clk3/O
                         net (fo=1, routed)           0.799    18.073    hw_mig.u_mig/u_mig_7series_0_mig/u_ddr2_infrastructure/pll_clk3
    MMCME2_ADV_X1Y1      MMCME2_ADV (Prop_mmcme2_adv_CLKIN1_CLKFBOUT)
                                                     -3.249    14.823 r  hw_mig.u_mig/u_mig_7series_0_mig/u_ddr2_infrastructure/gen_mmcm.mmcm_i/CLKFBOUT
                         net (fo=1, routed)           1.639    16.462    hw_mig.u_mig/u_mig_7series_0_mig/u_ddr2_infrastructure/clk_pll_i
    BUFGCTRL_X0Y0        BUFG (Prop_bufg_I_O)         0.091    16.553 r  hw_mig.u_mig/u_mig_7series_0_mig/u_ddr2_infrastructure/u_bufg_clkdiv0/O
                         net (fo=11649, routed)       1.685    18.238    u_mac_ctrl/ui_clk
    SLICE_X10Y35         FDCE                                         r  u_mac_ctrl/w16_reg[4][91]/C
                         clock pessimism              0.259    18.498    
                         clock uncertainty           -0.053    18.444    
    SLICE_X10Y35         FDCE (Recov_fdce_C_CLR)     -0.319    18.125    u_mac_ctrl/w16_reg[4][91]
  -------------------------------------------------------------------
                         required time                         18.125    
                         arrival time                         -14.956    
  -------------------------------------------------------------------
                         slack                                  3.169    





Min Delay Paths
--------------------------------------------------------------------------------------
Slack (MET) :             0.141ns  (arrival time - required time)
  Source:                 hw_mig.u_mig/u_mig_7series_0_mig/u_ddr2_infrastructure/rstdiv0_sync_r1_reg_rep__83/C
                            (rising edge-triggered cell FDPE clocked by clk_pll_i  {rise@0.000ns fall@6.154ns period=12.308ns})
  Destination:            u_mac_ctrl/mac_a_rows_reg[247]/CLR
                            (removal check against rising-edge clock clk_pll_i  {rise@0.000ns fall@6.154ns period=12.308ns})
  Path Group:             **async_default**
  Path Type:              Removal (Min at Fast Process Corner)
  Requirement:            0.000ns  (clk_pll_i rise@0.000ns - clk_pll_i rise@0.000ns)
  Data Path Delay:        0.385ns  (logic 0.141ns (36.582%)  route 0.244ns (63.418%))
  Logic Levels:           0  
  Clock Path Skew:        0.336ns (DCD - SCD - CPR)
    Destination Clock Delay (DCD):    2.433ns
    Source Clock Delay      (SCD):    1.805ns
    Clock Pessimism Removal (CPR):    0.292ns

    Location             Delay type                Incr(ns)  Path(ns)    Netlist Resource(s)
  -------------------------------------------------------------------    -------------------
                         (clock clk_pll_i rise edge)
                                                      0.000     0.000 r  
    E3                                                0.000     0.000 r  sys_clk (IN)
                         net (fo=0)                   0.000     0.000    sys_clk
    E3                   IBUF (Prop_ibuf_I_O)         0.250     0.250 r  hw_mig.u_ibuf_sysclk/O
                         net (fo=2, routed)           0.440     0.690    hw_mig.sys_clk_ibuf
    MMCME2_ADV_X1Y2      MMCME2_ADV (Prop_mmcme2_adv_CLKIN1_CLKOUT0)
                                                      0.050     0.740 r  hw_mig.u_mmcm/CLKOUT0
                         net (fo=2, routed)           0.317     1.057    hw_mig.u_mig/u_mig_7series_0_mig/u_ddr2_infrastructure/lopt
    PLLE2_ADV_X1Y1       PLLE2_ADV (Prop_plle2_adv_CLKIN1_CLKOUT3)
                                                      0.050     1.107 r  hw_mig.u_mig/u_mig_7series_0_mig/u_ddr2_infrastructure/plle2_i/CLKOUT3
                         net (fo=1, routed)           0.394     1.501    hw_mig.u_mig/u_mig_7series_0_mig/u_ddr2_infrastructure/pll_clk3_out
    BUFHCE_X1Y12         BUFH (Prop_bufh_I_O)         0.020     1.521 r  hw_mig.u_mig/u_mig_7series_0_mig/u_ddr2_infrastructure/u_bufh_pll_clk3/O
                         net (fo=1, routed)           0.269     1.790    hw_mig.u_mig/u_mig_7series_0_mig/u_ddr2_infrastructure/pll_clk3
    MMCME2_ADV_X1Y1      MMCME2_ADV (Prop_mmcme2_adv_CLKIN1_CLKFBOUT)
                                                     -1.083     0.706 r  hw_mig.u_mig/u_mig_7series_0_mig/u_ddr2_infrastructure/gen_mmcm.mmcm_i/CLKFBOUT
                         net (fo=1, routed)           0.499     1.205    hw_mig.u_mig/u_mig_7series_0_mig/u_ddr2_infrastructure/clk_pll_i
    BUFGCTRL_X0Y0        BUFG (Prop_bufg_I_O)         0.026     1.231 r  hw_mig.u_mig/u_mig_7series_0_mig/u_ddr2_infrastructure/u_bufg_clkdiv0/O
                         net (fo=11649, routed)       0.574     1.805    hw_mig.u_mig/u_mig_7series_0_mig/u_ddr2_infrastructure/u_bufg_clkdiv0_0
    SLICE_X13Y51         FDPE                                         r  hw_mig.u_mig/u_mig_7series_0_mig/u_ddr2_infrastructure/rstdiv0_sync_r1_reg_rep__83/C
  -------------------------------------------------------------------    -------------------
    SLICE_X13Y51         FDPE (Prop_fdpe_C_Q)         0.141     1.946 f  hw_mig.u_mig/u_mig_7series_0_mig/u_ddr2_infrastructure/rstdiv0_sync_r1_reg_rep__83/Q
                         net (fo=50, routed)          0.244     2.190    u_mac_ctrl/mac_a_rows_reg[286]_0
    SLICE_X18Y49         FDCE                                         f  u_mac_ctrl/mac_a_rows_reg[247]/CLR
  -------------------------------------------------------------------    -------------------

                         (clock clk_pll_i rise edge)
                                                      0.000     0.000 r  
    E3                                                0.000     0.000 r  sys_clk (IN)
                         net (fo=0)                   0.000     0.000    sys_clk
    E3                   IBUF (Prop_ibuf_I_O)         0.438     0.438 r  hw_mig.u_ibuf_sysclk/O
                         net (fo=2, routed)           0.480     0.918    hw_mig.sys_clk_ibuf
    MMCME2_ADV_X1Y2      MMCME2_ADV (Prop_mmcme2_adv_CLKIN1_CLKOUT0)
                                                      0.053     0.971 r  hw_mig.u_mmcm/CLKOUT0
                         net (fo=2, routed)           0.348     1.319    hw_mig.u_mig/u_mig_7series_0_mig/u_ddr2_infrastructure/lopt
    PLLE2_ADV_X1Y1       PLLE2_ADV (Prop_plle2_adv_CLKIN1_CLKOUT3)
                                                      0.053     1.372 r  hw_mig.u_mig/u_mig_7series_0_mig/u_ddr2_infrastructure/plle2_i/CLKOUT3
                         net (fo=1, routed)           0.437     1.809    hw_mig.u_mig/u_mig_7series_0_mig/u_ddr2_infrastructure/pll_clk3_out
    BUFHCE_X1Y12         BUFH (Prop_bufh_I_O)         0.043     1.852 r  hw_mig.u_mig/u_mig_7series_0_mig/u_ddr2_infrastructure/u_bufh_pll_clk3/O
                         net (fo=1, routed)           0.494     2.346    hw_mig.u_mig/u_mig_7series_0_mig/u_ddr2_infrastructure/pll_clk3
    MMCME2_ADV_X1Y1      MMCME2_ADV (Prop_mmcme2_adv_CLKIN1_CLKFBOUT)
                                                     -1.400     0.945 r  hw_mig.u_mig/u_mig_7series_0_mig/u_ddr2_infrastructure/gen_mmcm.mmcm_i/CLKFBOUT
                         net (fo=1, routed)           0.544     1.489    hw_mig.u_mig/u_mig_7series_0_mig/u_ddr2_infrastructure/clk_pll_i
    BUFGCTRL_X0Y0        BUFG (Prop_bufg_I_O)         0.029     1.518 r  hw_mig.u_mig/u_mig_7series_0_mig/u_ddr2_infrastructure/u_bufg_clkdiv0/O
                         net (fo=11649, routed)       0.915     2.433    u_mac_ctrl/ui_clk
    SLICE_X18Y49         FDCE                                         r  u_mac_ctrl/mac_a_rows_reg[247]/C
                         clock pessimism             -0.292     2.141    
    SLICE_X18Y49         FDCE (Remov_fdce_C_CLR)     -0.092     2.049    u_mac_ctrl/mac_a_rows_reg[247]
  -------------------------------------------------------------------
                         required time                         -2.049    
                         arrival time                           2.190    
  -------------------------------------------------------------------
                         slack                                  0.141    





---------------------------------------------------------------------------------------------------
Path Group:  **default**
From Clock:  clk_pll_i
  To Clock:  

Setup :            0  Failing Endpoints,  Worst Slack        1.706ns,  Total Violation        0.000ns
Hold  :           NA  Failing Endpoints,  Worst Slack           NA  ,  Total Violation           NA
---------------------------------------------------------------------------------------------------


Max Delay Paths
--------------------------------------------------------------------------------------
Slack (MET) :             1.706ns  (required time - arrival time)
  Source:                 hw_mig.u_mig/u_mig_7series_0_mig/u_ddr2_infrastructure/rstdiv0_sync_r1_reg_rep/C
                            (rising edge-triggered cell FDPE clocked by clk_pll_i  {rise@0.000ns fall@6.154ns period=12.308ns})
  Destination:            hw_mig.u_mig/u_mig_7series_0_mig/u_memc_ui_top_std/mem_intfc0/ddr_phy_top0/u_ddr_mc_phy_wrapper/u_ddr_mc_phy/ddr_phy_4lanes_0.u_ddr_phy_4lanes/phy_control_i/RESET
  Path Group:             **default**
  Path Type:              Max at Slow Process Corner
  Requirement:            5.000ns  (MaxDelay Path 5.000ns)
  Data Path Delay:        3.294ns  (logic 0.518ns (15.728%)  route 2.776ns (84.272%))
  Logic Levels:           0  
  Output Delay:           0.000ns
  Timing Exception:       MaxDelay Path 5.000ns -datapath_only

    Location             Delay type                Incr(ns)  Path(ns)    Netlist Resource(s)
  -------------------------------------------------------------------    -------------------
    SLICE_X80Y9                                       0.000     0.000 r  hw_mig.u_mig/u_mig_7series_0_mig/u_ddr2_infrastructure/rstdiv0_sync_r1_reg_rep/C
    SLICE_X80Y9          FDPE (Prop_fdpe_C_Q)         0.518     0.518 r  hw_mig.u_mig/u_mig_7series_0_mig/u_ddr2_infrastructure/rstdiv0_sync_r1_reg_rep/Q
                         net (fo=51, routed)          2.776     3.294    hw_mig.u_mig/u_mig_7series_0_mig/u_memc_ui_top_std/mem_intfc0/ddr_phy_top0/u_ddr_mc_phy_wrapper/u_ddr_mc_phy/ddr_phy_4lanes_0.u_ddr_phy_4lanes/ui_clk_sync_rst
    PHY_CONTROL_X1Y1     PHY_CONTROL                                  r  hw_mig.u_mig/u_mig_7series_0_mig/u_memc_ui_top_std/mem_intfc0/ddr_phy_top0/u_ddr_mc_phy_wrapper/u_ddr_mc_phy/ddr_phy_4lanes_0.u_ddr_phy_4lanes/phy_control_i/RESET
  -------------------------------------------------------------------    -------------------

                         max delay                    5.000     5.000    
    PHY_CONTROL_X1Y1     PHY_CONTROL                  0.000     5.000    hw_mig.u_mig/u_mig_7series_0_mig/u_memc_ui_top_std/mem_intfc0/ddr_phy_top0/u_ddr_mc_phy_wrapper/u_ddr_mc_phy/ddr_phy_4lanes_0.u_ddr_phy_4lanes/phy_control_i
                         output delay                -0.000     5.000    
  -------------------------------------------------------------------
                         required time                          5.000    
                         arrival time                          -3.294    
  -------------------------------------------------------------------
                         slack                                  1.706    





